event_id,stid,station_name,lat,lon,state,qc_flag,qc_reason,obs_sus_mph,obs_gust_mph,obs_dir_deg,peak_dt_utc,peak_hour_utc,hrrr_10m_mph,hrrr_10m_dir,speed_err,speed_ratio,dir_err,arrival_err,elev_m,slope,aspect,relief_1km,terrain_class,terrain_class_source,dem_verified,elev_vs_inversion,bc_dir,bc_speed,bc_level,lapse_stability,mslp_grad,wn_minus_hrrr_speed,wn_minus_hrrr_dir,hrrr_version,hrrr_era,synoptic_regime,spatial_cluster_id,repr_error_flag,hrrr_coupling_frac,dem_elev_m,elev_residual_m,elev_qc_dem
boulder_chin2021,1762P,JENSA,39.98943,-105.25147,CO,DROP_NO_WIND_DATA,ALL_SPD_NULL | ALL_GUST_NULL,N/A,N/A,N/A,N/A,N/A,N/A,N/A,N/A,N/A,N/A,N/A,1645.0,NEEDS_DEM,NEEDS_DEM,NEEDS_DEM,exposed_ridge,elev_heuristic,no,NEEDS_INVERSION,NEEDS_BC,NEEDS_BC,NEEDS_BC,NEEDS_BC,NEEDS_BC,NEEDS_WN,NEEDS_WN,v3,v3_era,chinook_frontrange,boul-C01,NEEDS_DEM,,,,NEEDS_DEM
boulder_chin2021,1840P,Table Mesa Court,39.98123,-105.25997,CO,DROP_NO_WIND_DATA,ALL_SPD_NULL | ALL_GUST_NULL,N/A,N/A,N/A,N/A,N/A,N/A,N/A,N/A,N/A,N/A,N/A,1692.9,NEEDS_DEM,NEEDS_DEM,NEEDS_DEM,exposed_ridge,elev_heuristic,no,NEEDS_INVERSION,NEEDS_BC,NEEDS_BC,NEEDS_BC,NEEDS_BC,NEEDS_BC,NEEDS_WN,NEEDS_WN,v3,v3_era,chinook_frontrange,boul-C01,NEEDS_DEM,,,,NEEDS_DEM
boulder_chin2021,3724P,Spanish Hills,39.97039,-105.18373,CO,DROP_NO_WIND_DATA,ALL_SPD_NULL | ALL_GUST_NULL,N/A,N/A,N/A,N/A,N/A,N/A,N/A,N/A,N/A,N/A,N/A,1726.1,NEEDS_DEM,NEEDS_DEM,NEEDS_DEM,exposed_ridge,elev_heuristic,no,NEEDS_INVERSION,NEEDS_BC,NEEDS_BC,NEEDS_BC,NEEDS_BC,NEEDS_BC,NEEDS_WN,NEEDS_WN,v3,v3_era,chinook_frontrange,boul-C02,NEEDS_DEM,,,,NEEDS_DEM
boulder_chin2021,A4401,Boulder - CU - 2102 Athens St.,40.0128,-105.2667,CO,DROP_NO_WIND_DATA,ALL_SPD_NULL | ALL_GUST_NULL | GAP>4h,N/A,N/A,N/A,N/A,N/A,N/A,N/A,N/A,N/A,N/A,N/A,1622.1,NEEDS_DEM,NEEDS_DEM,NEEDS_DEM,exposed_ridge,elev_heuristic,no,NEEDS_INVERSION,NEEDS_BC,NEEDS_BC,NEEDS_BC,NEEDS_BC,NEEDS_BC,NEEDS_WN,NEEDS_WN,v3,v3_era,chinook_frontrange,boul-C01,NEEDS_DEM,,,,NEEDS_DEM
boulder_chin2021,ATC01,ATOC - Univ. Colorado Campus,40.0078,-105.2683,CO,KEEP,,21.0,36.0,290.7,2021-01-13T13:25:00Z,2021-01-13T13:00Z,24.5,262.4,3.5,1.167,-28.3,NEEDS_HRRR_TS,1659.9,5.12,195.8,86.4,open,dem_verified,yes,NEEDS_INVERSION,332.3,28.18,700,NEEDS_BC,NEEDS_BC,NEEDS_WN,NEEDS_WN,v3,v3_era,chinook_frontrange,boul-C01,89.04,0.8694,1642.6,-17.3,OK
boulder_chin2021,BELC2,SOUTH BOULDER CREEK NEAR ELDORADO SPRINGS 2W (BOCEL2CO),39.93278,-105.30528,CO,DROP_NO_WIND_DATA,ALL_SPD_NULL | ALL_GUST_NULL,N/A,N/A,N/A,N/A,N/A,N/A,N/A,N/A,N/A,N/A,N/A,1910.8,NEEDS_DEM,NEEDS_DEM,NEEDS_DEM,canyon_gap,name_heuristic,no,NEEDS_INVERSION,NEEDS_BC,NEEDS_BC,NEEDS_BC,NEEDS_BC,NEEDS_BC,NEEDS_WN,NEEDS_WN,v3,v3_era,chinook_frontrange,boul-C03,NEEDS_DEM,,,,NEEDS_DEM
boulder_chin2021,BMTC2,Blue Mountain Precipitation,39.87,-105.2972,CO,KEEP,,8.0,8.0,206.3,2021-01-15T05:44:00Z,2021-01-15T05:00Z,1.47,161.8,-6.53,0.184,-44.5,NEEDS_HRRR_TS,2439.3,20.56,320.0,432.6,exposed_ridge,dem_verified,yes,NEEDS_INVERSION,322.9,27.25,700,NEEDS_BC,NEEDS_BC,NEEDS_WN,NEEDS_WN,v3,v3_era,chinook_frontrange,boul-C04,159.27,0.0539,2451.0,11.7,OK
boulder_chin2021,BPKC2,Bear Peak Precipitation-BO,39.97111,-105.3086,CO,DROP_NO_WIND_DATA,ALL_SPD_NULL | ALL_GUST_NULL | GAP>12h,N/A,N/A,N/A,N/A,N/A,N/A,N/A,N/A,N/A,N/A,N/A,2272.0,NEEDS_DEM,NEEDS_DEM,NEEDS_DEM,exposed_ridge,name_heuristic,no,NEEDS_INVERSION,NEEDS_BC,NEEDS_BC,NEEDS_BC,NEEDS_BC,NEEDS_BC,NEEDS_WN,NEEDS_WN,v3,v3_era,chinook_frontrange,boul-C03,NEEDS_DEM,,,,NEEDS_DEM
boulder_chin2021,C7944,CW7944 Boulder,39.96946,-105.25738,CO,KEEP,,12.0,MISSING,293.2,2021-01-13T12:47:00Z,2021-01-13T12:00Z,36.14,270.3,24.14,3.012,-22.9,NEEDS_HRRR_TS,5712.0,14.58,184.4,153.9,open,dem_flag,flag,NEEDS_INVERSION,331.7,27.56,700,NEEDS_BC,NEEDS_BC,NEEDS_WN,NEEDS_WN,v3,v3_era,chinook_frontrange,boul-C01,122.63,1.3113,1737.7,-3974.3,FLAG_LARGE_RESIDUAL
boulder_chin2021,CCNC2,COAL CREEK NEAR PLAINVIEW 1S (COCREPCO),39.87778,-105.27722,CO,DROP_NO_WIND_DATA,ALL_SPD_NULL | ALL_GUST_NULL,N/A,N/A,N/A,N/A,N/A,N/A,N/A,N/A,N/A,N/A,N/A,1991.0,NEEDS_DEM,NEEDS_DEM,NEEDS_DEM,canyon_gap,name_heuristic,no,NEEDS_INVERSION,NEEDS_BC,NEEDS_BC,NEEDS_BC,NEEDS_BC,NEEDS_BC,NEEDS_WN,NEEDS_WN,v3,v3_era,chinook_frontrange,boul-C04,NEEDS_DEM,,,,NEEDS_DEM
boulder_chin2021,CO109,093S00755RWS1SEC at Coal Creek Canyon Rd/CO-72,39.86567,-105.2406,CO,KEEP,,51.0,61.0,252.8,2021-01-13T14:50:00Z,2021-01-13T14:00Z,39.05,286.0,-11.95,0.766,33.2,NEEDS_HRRR_TS,1905.0,3.61,359.7,98.7,open,dem_verified,yes,NEEDS_INVERSION,329.2,24.99,700,NEEDS_BC,NEEDS_BC,NEEDS_WN,NEEDS_WN,v3,v3_era,chinook_frontrange,boul-C04,75.3,1.5626,1902.2,-2.8,OK
boulder_chin2021,CO167,036E04190RWS1RHS - 1.7 mi W of McCaslin Blvd,39.96618,-105.18801,CO,DROP_NO_WIND_DATA,ALL_SPD_NULL | ALL_GUST_NULL,N/A,N/A,N/A,N/A,N/A,N/A,N/A,N/A,N/A,N/A,N/A,1733.1,NEEDS_DEM,NEEDS_DEM,NEEDS_DEM,exposed_ridge,elev_heuristic,no,NEEDS_INVERSION,NEEDS_BC,NEEDS_BC,NEEDS_BC,NEEDS_BC,NEEDS_BC,NEEDS_WN,NEEDS_WN,v3,v3_era,chinook_frontrange,boul-C02,NEEDS_DEM,,,,NEEDS_DEM
boulder_chin2021,COCOCOBO14,Boulder 1.6 S,39.9922,-105.2647,CO,DROP_NO_WIND_DATA,ALL_SPD_NULL | ALL_GUST_NULL,N/A,N/A,N/A,N/A,N/A,N/A,N/A,N/A,N/A,N/A,N/A,1673.0,NEEDS_DEM,NEEDS_DEM,NEEDS_DEM,exposed_ridge,elev_heuristic,no,NEEDS_INVERSION,NEEDS_BC,NEEDS_BC,NEEDS_BC,NEEDS_BC,NEEDS_BC,NEEDS_WN,NEEDS_WN,v3,v3_era,chinook_frontrange,boul-C01,NEEDS_DEM,,,,NEEDS_DEM
boulder_chin2021,COCOCOBO165,Boulder 1.8 ESE,40.0124,-105.2307,CO,DROP_NO_WIND_DATA,ALL_SPD_NULL | ALL_GUST_NULL | GAP>23h,N/A,N/A,N/A,N/A,N/A,N/A,N/A,N/A,N/A,N/A,N/A,1605.1,NEEDS_DEM,NEEDS_DEM,NEEDS_DEM,exposed_ridge,elev_heuristic,no,NEEDS_INVERSION,NEEDS_BC,NEEDS_BC,NEEDS_BC,NEEDS_BC,NEEDS_BC,NEEDS_WN,NEEDS_WN,v3,v3_era,chinook_frontrange,boul-C01,NEEDS_DEM,,,,NEEDS_DEM
boulder_chin2021,COCOCOBO286,Boulder 3.5 S,39.977,-105.2576,CO,DROP_NO_WIND_DATA,ALL_SPD_NULL | ALL_GUST_NULL | GAP>25h,N/A,N/A,N/A,N/A,N/A,N/A,N/A,N/A,N/A,N/A,N/A,1699.9,NEEDS_DEM,NEEDS_DEM,NEEDS_DEM,exposed_ridge,elev_heuristic,no,NEEDS_INVERSION,NEEDS_BC,NEEDS_BC,NEEDS_BC,NEEDS_BC,NEEDS_BC,NEEDS_WN,NEEDS_WN,v3,v3_era,chinook_frontrange,boul-C01,NEEDS_DEM,,,,NEEDS_DEM
boulder_chin2021,COCOCOBO30,Boulder 1.9 SE,39.9915,-105.2403,CO,DROP_NO_WIND_DATA,ALL_SPD_NULL | ALL_GUST_NULL | GAP>22h,N/A,N/A,N/A,N/A,N/A,N/A,N/A,N/A,N/A,N/A,N/A,1635.9,NEEDS_DEM,NEEDS_DEM,NEEDS_DEM,exposed_ridge,elev_heuristic,no,NEEDS_INVERSION,NEEDS_BC,NEEDS_BC,NEEDS_BC,NEEDS_BC,NEEDS_BC,NEEDS_WN,NEEDS_WN,v3,v3_era,chinook_frontrange,boul-C01,NEEDS_DEM,,,,NEEDS_DEM
boulder_chin2021,COCOCOBO409,Boulder 1.4 SE,40.01022,-105.23545,CO,DROP_NO_WIND_DATA,ALL_SPD_NULL | ALL_GUST_NULL | GAP>24h,N/A,N/A,N/A,N/A,N/A,N/A,N/A,N/A,N/A,N/A,N/A,1610.0,NEEDS_DEM,NEEDS_DEM,NEEDS_DEM,exposed_ridge,elev_heuristic,no,NEEDS_INVERSION,NEEDS_BC,NEEDS_BC,NEEDS_BC,NEEDS_BC,NEEDS_BC,NEEDS_WN,NEEDS_WN,v3,v3_era,chinook_frontrange,boul-C01,NEEDS_DEM,,,,NEEDS_DEM
boulder_chin2021,COCOCOBO456,Boulder 2.2 SSW,39.99698,-105.26717,CO,DROP_NO_WIND_DATA,ALL_SPD_NULL | ALL_GUST_NULL | GAP>24h,N/A,N/A,N/A,N/A,N/A,N/A,N/A,N/A,N/A,N/A,N/A,1663.9,NEEDS_DEM,NEEDS_DEM,NEEDS_DEM,exposed_ridge,elev_heuristic,no,NEEDS_INVERSION,NEEDS_BC,NEEDS_BC,NEEDS_BC,NEEDS_BC,NEEDS_BC,NEEDS_WN,NEEDS_WN,v3,v3_era,chinook_frontrange,boul-C01,NEEDS_DEM,,,,NEEDS_DEM
boulder_chin2021,COCOCOBO464,Boulder 3.2 S,39.98062,-105.24973,CO,DROP_NO_WIND_DATA,ALL_SPD_NULL | ALL_GUST_NULL | GAP>25h,N/A,N/A,N/A,N/A,N/A,N/A,N/A,N/A,N/A,N/A,N/A,1670.0,NEEDS_DEM,NEEDS_DEM,NEEDS_DEM,exposed_ridge,elev_heuristic,no,NEEDS_INVERSION,NEEDS_BC,NEEDS_BC,NEEDS_BC,NEEDS_BC,NEEDS_BC,NEEDS_WN,NEEDS_WN,v3,v3_era,chinook_frontrange,boul-C01,NEEDS_DEM,,,,NEEDS_DEM
boulder_chin2021,COCOCOBO4,Boulder 2.9 S,39.9941,-105.2573,CO,DROP_NO_WIND_DATA,ALL_SPD_NULL | ALL_GUST_NULL,N/A,N/A,N/A,N/A,N/A,N/A,N/A,N/A,N/A,N/A,N/A,1647.1,NEEDS_DEM,NEEDS_DEM,NEEDS_DEM,exposed_ridge,elev_heuristic,no,NEEDS_INVERSION,NEEDS_BC,NEEDS_BC,NEEDS_BC,NEEDS_BC,NEEDS_BC,NEEDS_WN,NEEDS_WN,v3,v3_era,chinook_frontrange,boul-C01,NEEDS_DEM,,,,NEEDS_DEM
boulder_chin2021,COCOCOBO533,Boulder 3.4 S,39.9778,-105.2569,CO,DROP_NO_WIND_DATA,ALL_SPD_NULL | ALL_GUST_NULL,N/A,N/A,N/A,N/A,N/A,N/A,N/A,N/A,N/A,N/A,N/A,1695.0,NEEDS_DEM,NEEDS_DEM,NEEDS_DEM,exposed_ridge,elev_heuristic,no,NEEDS_INVERSION,NEEDS_BC,NEEDS_BC,NEEDS_BC,NEEDS_BC,NEEDS_BC,NEEDS_WN,NEEDS_WN,v3,v3_era,chinook_frontrange,boul-C01,NEEDS_DEM,,,,NEEDS_DEM
boulder_chin2021,COOPBOUC2,BOULDER,39.9919,-105.2667,CO,DROP_NO_WIND_DATA,ALL_SPD_NULL | ALL_GUST_NULL | GAP>24h,N/A,N/A,N/A,N/A,N/A,N/A,N/A,N/A,N/A,N/A,N/A,1671.5,NEEDS_DEM,NEEDS_DEM,NEEDS_DEM,exposed_ridge,elev_heuristic,no,NEEDS_INVERSION,NEEDS_BC,NEEDS_BC,NEEDS_BC,NEEDS_BC,NEEDS_BC,NEEDS_WN,NEEDS_WN,v3,v3_era,chinook_frontrange,boul-C01,NEEDS_DEM,,,,NEEDS_DEM
boulder_chin2021,COOPGRRC2,GROSS RESERVOIR,39.9363,-105.3502,CO,DROP_NO_WIND_DATA,ALL_SPD_NULL | ALL_GUST_NULL | GAP>24h,N/A,N/A,N/A,N/A,N/A,N/A,N/A,N/A,N/A,N/A,N/A,2429.3,NEEDS_DEM,NEEDS_DEM,NEEDS_DEM,exposed_ridge,elev_heuristic,no,NEEDS_INVERSION,NEEDS_BC,NEEDS_BC,NEEDS_BC,NEEDS_BC,NEEDS_BC,NEEDS_WN,NEEDS_WN,v3,v3_era,chinook_frontrange,boul-C03,NEEDS_DEM,,,,NEEDS_DEM
boulder_chin2021,COOPNCMC2,TABLE MESA (NCAR MESA LAB),39.98,-105.28,CO,DROP_NO_WIND_DATA,ALL_SPD_NULL | ALL_GUST_NULL | GAP>24h,N/A,N/A,N/A,N/A,N/A,N/A,N/A,N/A,N/A,N/A,N/A,1885.2,NEEDS_DEM,NEEDS_DEM,NEEDS_DEM,exposed_ridge,elev_heuristic,no,NEEDS_INVERSION,NEEDS_BC,NEEDS_BC,NEEDS_BC,NEEDS_BC,NEEDS_BC,NEEDS_WN,NEEDS_WN,v3,v3_era,chinook_frontrange,boul-C01,NEEDS_DEM,,,,NEEDS_DEM
boulder_chin2021,DDYC2,Doudy Draw Precipitation-BO,39.93222,-105.2568,CO,DROP_NO_WIND_DATA,ALL_SPD_NULL | ALL_GUST_NULL | GAP>12h,N/A,N/A,N/A,N/A,N/A,N/A,N/A,N/A,N/A,N/A,N/A,1754.1,NEEDS_DEM,NEEDS_DEM,NEEDS_DEM,canyon_gap,name_heuristic,no,NEEDS_INVERSION,NEEDS_BC,NEEDS_BC,NEEDS_BC,NEEDS_BC,NEEDS_BC,NEEDS_WN,NEEDS_WN,v3,v3_era,chinook_frontrange,boul-C03,NEEDS_DEM,,,,NEEDS_DEM
boulder_chin2021,E3608,EW3608 BOULDER,40.00844,-105.22823,CO,KEEP,,13.0,41.0,267.9,2021-01-13T09:55:00Z,2021-01-13T09:00Z,1.42,18.2,-11.58,0.109,110.3,NEEDS_HRRR_TS,1617.9,0.87,83.3,23.2,valley,dem_verified,yes,NEEDS_INVERSION,336.5,27.84,700,NEEDS_BC,NEEDS_BC,NEEDS_WN,NEEDS_WN,v3,v3_era,chinook_frontrange,boul-C01,15.27,0.0510,1602.7,-15.2,OK
boulder_chin2021,E6155,EW6155 Morrison,39.9555,-105.168,CO,KEEP,,7.0,24.0,225.9,2021-01-14T08:14:00Z,2021-01-14T08:00Z,23.8,326.2,16.8,3.4,100.3,NEEDS_HRRR_TS,5494.0,0.92,340.7,59.9,valley,dem_flag,flag,NEEDS_INVERSION,338.7,26.34,700,NEEDS_BC,NEEDS_BC,NEEDS_WN,NEEDS_WN,v3,v3_era,chinook_frontrange,boul-C02,32.46,0.9036,1675.8,-3818.2,FLAG_LARGE_RESIDUAL
boulder_chin2021,E9688,EW9688 Arvada,39.86667,-105.22567,CO,KEEP,,16.0,34.01,296.7,2021-01-14T07:11:00Z,2021-01-14T07:00Z,14.44,309.1,-1.56,0.902,12.4,NEEDS_HRRR_TS,1877.4,2.25,350.5,80.6,open,dem_verified,yes,NEEDS_INVERSION,334.6,23.61,700,NEEDS_BC,NEEDS_BC,NEEDS_WN,NEEDS_WN,v3,v3_era,chinook_frontrange,boul-C05,41.95,0.6116,1878.0,0.6,OK
boulder_chin2021,MARC2,Martin Gulch Precipitation-BO,39.94277,-105.3153,CO,DROP_NO_WIND_DATA,ALL_SPD_NULL | ALL_GUST_NULL | GAP>12h,N/A,N/A,N/A,N/A,N/A,N/A,N/A,N/A,N/A,N/A,N/A,1989.4,NEEDS_DEM,NEEDS_DEM,NEEDS_DEM,canyon_gap,name_heuristic,no,NEEDS_INVERSION,NEEDS_BC,NEEDS_BC,NEEDS_BC,NEEDS_BC,NEEDS_BC,NEEDS_WN,NEEDS_WN,v3,v3_era,chinook_frontrange,boul-C03,NEEDS_DEM,,,,NEEDS_DEM
boulder_chin2021,MCSC2,Coal Creek at McCaslin Precipitation,39.95318,-105.16519,CO,DROP_NO_WIND_DATA,ALL_SPD_NULL | ALL_GUST_NULL,N/A,N/A,N/A,N/A,N/A,N/A,N/A,N/A,N/A,N/A,N/A,1672.1,NEEDS_DEM,NEEDS_DEM,NEEDS_DEM,canyon_gap,name_heuristic,no,NEEDS_INVERSION,NEEDS_BC,NEEDS_BC,NEEDS_BC,NEEDS_BC,NEEDS_BC,NEEDS_WN,NEEDS_WN,v3,v3_era,chinook_frontrange,boul-C02,NEEDS_DEM,,,,NEEDS_DEM
boulder_chin2021,REDC2,Red Garden Precipitation-BO,39.93194,-105.2928,CO,DROP_NO_WIND_DATA,ALL_SPD_NULL | ALL_GUST_NULL | GAP>12h,N/A,N/A,N/A,N/A,N/A,N/A,N/A,N/A,N/A,N/A,N/A,1914.8,NEEDS_DEM,NEEDS_DEM,NEEDS_DEM,exposed_ridge,elev_heuristic,no,NEEDS_INVERSION,NEEDS_BC,NEEDS_BC,NEEDS_BC,NEEDS_BC,NEEDS_BC,NEEDS_WN,NEEDS_WN,v3,v3_era,chinook_frontrange,boul-C03,NEEDS_DEM,,,,NEEDS_DEM
boulder_chin2021,RFN,Rocky Flats - North,39.912799,-105.188587,CO,KEEP,,52.99,MISSING,286.7,2021-01-13T14:00:00Z,2021-01-13T14:00Z,34.12,273.7,-18.87,0.644,-13.0,NEEDS_HRRR_TS,1802.0,0.56,295.6,98.7,open,dem_verified,yes,NEEDS_INVERSION,338.5,25.33,700,NEEDS_BC,NEEDS_BC,NEEDS_WN,NEEDS_WN,v3,v3_era,chinook_frontrange,boul-C06,38.49,1.3470,1802.5,0.5,OK
boulder_chin2021,RGRC2,Rio Grande Precipitation-BO,39.9225,-105.3264,CO,DROP_NO_WIND_DATA,ALL_SPD_NULL | ALL_GUST_NULL | GAP>12h,N/A,N/A,N/A,N/A,N/A,N/A,N/A,N/A,N/A,N/A,N/A,2229.3,NEEDS_DEM,NEEDS_DEM,NEEDS_DEM,exposed_ridge,elev_heuristic,no,NEEDS_INVERSION,NEEDS_BC,NEEDS_BC,NEEDS_BC,NEEDS_BC,NEEDS_BC,NEEDS_WN,NEEDS_WN,v3,v3_era,chinook_frontrange,boul-C03,NEEDS_DEM,,,,NEEDS_DEM
boulder_chin2021,SBDC2,SBC at S. Boulder D Precipitation-BO,39.9724,-105.2229,CO,DROP_NO_WIND_DATA,ALL_SPD_NULL | ALL_GUST_NULL | GAP>12h,N/A,N/A,N/A,N/A,N/A,N/A,N/A,N/A,N/A,N/A,N/A,1647.1,NEEDS_DEM,NEEDS_DEM,NEEDS_DEM,exposed_ridge,elev_heuristic,no,NEEDS_INVERSION,NEEDS_BC,NEEDS_BC,NEEDS_BC,NEEDS_BC,NEEDS_BC,NEEDS_WN,NEEDS_WN,v3,v3_era,chinook_frontrange,boul-C01,NEEDS_DEM,,,,NEEDS_DEM
boulder_chin2021,SBRC2,SBC at South Boulder Road Precipitation-BO,39.98285,-105.22069,CO,DROP_NO_WIND_DATA,ALL_SPD_NULL | ALL_GUST_NULL | GAP>12h,N/A,N/A,N/A,N/A,N/A,N/A,N/A,N/A,N/A,N/A,N/A,1630.1,NEEDS_DEM,NEEDS_DEM,NEEDS_DEM,exposed_ridge,elev_heuristic,no,NEEDS_INVERSION,NEEDS_BC,NEEDS_BC,NEEDS_BC,NEEDS_BC,NEEDS_BC,NEEDS_WN,NEEDS_WN,v3,v3_era,chinook_frontrange,boul-C01,NEEDS_DEM,,,,NEEDS_DEM
boulder_chin2021,SHNC2,Shanahan Ridge Precipitation-BO,39.96138,-105.2654,CO,DROP_NO_WIND_DATA,ALL_SPD_NULL | ALL_GUST_NULL | GAP>12h,N/A,N/A,N/A,N/A,N/A,N/A,N/A,N/A,N/A,N/A,N/A,1781.3,NEEDS_DEM,NEEDS_DEM,NEEDS_DEM,exposed_ridge,name_heuristic,no,NEEDS_INVERSION,NEEDS_BC,NEEDS_BC,NEEDS_BC,NEEDS_BC,NEEDS_BC,NEEDS_WN,NEEDS_WN,v3,v3_era,chinook_frontrange,boul-C01,NEEDS_DEM,,,,NEEDS_DEM
boulder_chin2021,SKGCO,Boulder,39.99,-105.26,CO,DROP_NO_WIND_DATA,ALL_SPD_NULL | ALL_GUST_NULL | GAP>2h,N/A,N/A,N/A,N/A,N/A,N/A,N/A,N/A,N/A,N/A,N/A,1672.1,NEEDS_DEM,NEEDS_DEM,NEEDS_DEM,exposed_ridge,elev_heuristic,no,NEEDS_INVERSION,NEEDS_BC,NEEDS_BC,NEEDS_BC,NEEDS_BC,NEEDS_BC,NEEDS_WN,NEEDS_WN,v3,v3_era,chinook_frontrange,boul-C01,NEEDS_DEM,,,,NEEDS_DEM
boulder_chin2021,SSOC2,SBC at San Souci Precipitation-BO,39.95792,-105.2358,CO,DROP_NO_WIND_DATA,ALL_SPD_NULL | ALL_GUST_NULL | GAP>12h,N/A,N/A,N/A,N/A,N/A,N/A,N/A,N/A,N/A,N/A,N/A,1668.5,NEEDS_DEM,NEEDS_DEM,NEEDS_DEM,exposed_ridge,elev_heuristic,no,NEEDS_INVERSION,NEEDS_BC,NEEDS_BC,NEEDS_BC,NEEDS_BC,NEEDS_BC,NEEDS_WN,NEEDS_WN,v3,v3_era,chinook_frontrange,boul-C01,NEEDS_DEM,,,,NEEDS_DEM
boulder_chin2021,UP708,CLAY,39.87504,-105.27856,CO,DROP_NO_WIND_DATA,ALL_SPD_NULL | ALL_GUST_NULL,N/A,N/A,N/A,N/A,N/A,N/A,N/A,N/A,N/A,N/A,N/A,2018.7,NEEDS_DEM,NEEDS_DEM,NEEDS_DEM,exposed_ridge,elev_heuristic,no,NEEDS_INVERSION,NEEDS_BC,NEEDS_BC,NEEDS_BC,NEEDS_BC,NEEDS_BC,NEEDS_WN,NEEDS_WN,v3,v3_era,chinook_frontrange,boul-C04,NEEDS_DEM,,,,NEEDS_DEM
boulder_chin2021,UP736,PLNVWS,39.87856,-105.28371,CO,KEEP,,17.03,18.07,319.5,2021-01-14T03:40:00Z,2021-01-14T03:00Z,5.22,75.9,-11.81,0.307,116.4,NEEDS_HRRR_TS,2025.4,1.12,336.4,470.3,canyon_gap,dem_verified,yes,NEEDS_INVERSION,323.4,27.59,700,NEEDS_BC,NEEDS_BC,NEEDS_WN,NEEDS_WN,v3,v3_era,chinook_frontrange,boul-C04,183.6,0.1892,2030.7,5.3,OK
boulder_chin2021,WLRC2,Walker Ranch Precipitation-BO,39.95222,-105.3397,CO,DROP_NO_WIND_DATA,ALL_SPD_NULL | ALL_GUST_NULL | GAP>12h,N/A,N/A,N/A,N/A,N/A,N/A,N/A,N/A,N/A,N/A,N/A,2221.4,NEEDS_DEM,NEEDS_DEM,NEEDS_DEM,exposed_ridge,elev_heuristic,no,NEEDS_INVERSION,NEEDS_BC,NEEDS_BC,NEEDS_BC,NEEDS_BC,NEEDS_BC,NEEDS_WN,NEEDS_WN,v3,v3_era,chinook_frontrange,boul-C03,NEEDS_DEM,,,,NEEDS_DEM
camp_2018,BNGC1,BANGOR,39.38075,-121.38623,CA,KEEP,,5.99,15.99,320.4,2018-11-08T18:51:00Z,2018-11-08T18:00Z,6.32,334.9,0.33,1.055,14.5,NEEDS_HRRR_TS,244.8,14.45,18.6,125.5,open,dem_verified,yes,below,90.4,32.28,850,NEEDS_BC,NEEDS_BC,NEEDS_WN,NEEDS_WN,v3,v3_era,diablo_offshore,camp-C01,57.91,0.1958,249.8,5.0,OK
camp_2018,CBXC1,COLBY MOUNTAIN,40.14564,-121.5225,CA,KEEP,,28.99,59.01,69.3,2018-11-08T17:27:00Z,2018-11-08T17:00Z,25.37,98.0,-3.62,0.875,28.7,NEEDS_HRRR_TS,1830.0,5.96,47.1,223.6,exposed_ridge,dem_verified,yes,near,85.8,32.93,850,NEEDS_BC,NEEDS_BC,NEEDS_WN,NEEDS_WN,v3,v3_era,diablo_offshore,camp-C02,168.3,0.7704,1824.6,-5.4,OK
camp_2018,CDEC1,CARPENTER RIDGE,40.06866,-121.584,CA,KEEP,,14.99,34.0,119.7,2018-11-08T14:54:00Z,2018-11-08T14:00Z,18.41,108.3,3.42,1.228,-11.4,NEEDS_HRRR_TS,1467.9,2.12,201.3,313.0,canyon_gap,dem_verified,yes,below,85.0,37.73,850,NEEDS_BC,NEEDS_BC,NEEDS_WN,NEEDS_WN,v3,v3_era,diablo_offshore,camp-C03,121.43,0.4879,1468.0,0.1,OK
camp_2018,CESC1,CHESTER,40.29261,-121.24394,CA,KEEP,,11.01,22.01,55.7,2018-11-08T18:02:00Z,2018-11-08T18:00Z,12.14,89.4,1.13,1.103,33.7,NEEDS_HRRR_TS,1385.9,0.96,275.6,23.8,valley,dem_verified,yes,below,83.2,15.89,850,NEEDS_BC,NEEDS_BC,NEEDS_WN,NEEDS_WN,v3,v3_era,diablo_offshore,camp-C04,23.24,0.7640,1383.1,-2.8,OK
camp_2018,CHAC1,CASHMAN,40.00194,-120.915,CA,DROP,"BLM/USFS RAWS (instrument valid) but geographically peripheral to Camp Fire — ~30 mi east + 10 mi north of Jarbo Gap in different watershed (Plumas County); bc_speed 16.7 mph vs Camp mean ~30 mph confirms different met environment; HRRR near-calm (1.4 mph) is correct for that grid cell, not a model failure; dir_err 53 degrees (obs NNE vs HRRR/BC ESE) = different flow regime; station not in Camp Fire fire-weather zone",25.99,41.0,48.7,2018-11-09T01:47:00Z,2018-11-09T01:00Z,1.42,101.6,-24.57,0.055,52.9,NEEDS_HRRR_TS,1364.9,12.62,26.4,460.1,exposed_ridge,dem_verified,yes,below,95.1,16.69,850,NEEDS_BC,NEEDS_BC,NEEDS_WN,NEEDS_WN,v3,v3_era,diablo_offshore,camp-C05,213.98,,1353.8,-11.1,OK
camp_2018,CICC1,OPENSHAW,39.58983,-121.63516,CA,KEEP,,15.99,22.01,38.3,2018-11-09T01:54:00Z,2018-11-09T01:00Z,7.37,332.9,-8.62,0.461,-65.4,NEEDS_HRRR_TS,81.7,0.67,17.8,20.1,valley,dem_verified,yes,below,78.6,32.79,850,NEEDS_BC,NEEDS_BC,NEEDS_WN,NEEDS_WN,v3,v3_era,diablo_offshore,camp-C06,25.21,0.2248,81.4,-0.3,OK
camp_2018,CSTC1,COHASSET,39.87184,-121.76898,CA,KEEP,,8.99,17.0,293.0,2018-11-07T22:51:00Z,2018-11-07T22:00Z,10.09,327.0,1.1,1.122,34.0,NEEDS_HRRR_TS,528.2,4.43,142.6,139.0,open,dem_verified,yes,below,88.0,26.42,850,NEEDS_BC,NEEDS_BC,NEEDS_WN,NEEDS_WN,v3,v3_era,diablo_offshore,camp-C07,91.47,0.3819,528.0,-0.2,OK
camp_2018,HMRC1,HUMBUG SUMMIT,40.10952,-121.3827,CA,KEEP,,13.0,22.01,60.3,2018-11-08T16:21:00Z,2018-11-08T16:00Z,23.62,80.2,10.62,1.817,19.9,NEEDS_HRRR_TS,2046.4,2.35,23.2,150.8,canyon_gap,dem_verified,yes,near,79.8,23.99,850,NEEDS_BC,NEEDS_BC,NEEDS_WN,NEEDS_WN,v3,v3_era,diablo_offshore,camp-C08,76.56,0.9846,2048.4,2.0,OK
camp_2018,JBGC1,JARBO GAP,39.73591,-121.48898,CA,KEEP,,32.01,52.01,39.0,2018-11-08T12:13:00Z,2018-11-08T12:00Z,16.58,50.1,-15.43,0.518,11.1,NEEDS_HRRR_TS,772.7,1.22,7.5,385.8,canyon_gap,dem_verified,yes,below,73.2,38.39,850,NEEDS_BC,NEEDS_BC,NEEDS_WN,NEEDS_WN,v3,v3_era,diablo_offshore,camp-C09,145.98,0.4319,765.6,-7.1,OK
camp_2018,PKCC1,PIKE COUNTY LOOKOUT,39.47469,-121.20241,CA,KEEP,,24.0,42.99,54.3,2018-11-08T12:10:00Z,2018-11-08T12:00Z,9.72,108.4,-14.28,0.405,54.1,NEEDS_HRRR_TS,1128.1,11.88,46.6,318.7,exposed_ridge,dem_verified,yes,below,87.4,43.79,850,NEEDS_BC,NEEDS_BC,NEEDS_WN,NEEDS_WN,v3,v3_era,diablo_offshore,camp-C10,83.71,0.2220,1124.6,-3.5,OK
camp_2018,PSWC1,PANTHER SPRINGS,40.24212,-121.77573,CA,KEEP,,4.0,14.0,98.0,2018-11-09T10:21:00Z,2018-11-09T10:00Z,21.06,100.7,17.06,5.265,2.7,NEEDS_HRRR_TS,1019.3,4.93,85.6,339.1,exposed_ridge,dem_verified,yes,below,91.2,36.90,850,NEEDS_BC,NEEDS_BC,NEEDS_WN,NEEDS_WN,v3,v3_era,diablo_offshore,camp-C11,130.96,0.5707,1017.3,-2.0,OK
camp_2018,QYRC1,QUINCY RD,39.97333,-120.94194,CA,KEEP,,2.01,8.99,59.3,2018-11-08T22:15:00Z,2018-11-08T22:00Z,3.53,231.3,1.52,1.756,172.0,NEEDS_HRRR_TS,1113.1,17.19,315.4,160.0,open,dem_verified,yes,below,93.1,16.92,850,NEEDS_BC,NEEDS_BC,NEEDS_WN,NEEDS_WN,v3,v3_era,diablo_offshore,camp-C05,60.88,0.2086,1088.4,-24.7,OK
iowa_derecho2020,DEOI4,DESOTO,41.53333,-96.08333,IA,KEEP,,11.0,20.0,198.0,2020-08-09T17:45:00Z,2020-08-09T17:00Z,16.52,175.7,5.52,1.502,-22.3,NEEDS_HRRR_TS,304.8,0.67,250.0,10.8,valley,dem_verified,yes,NEEDS_INVERSION,272.4,12.12,850,NEEDS_BC,NEEDS_BC,NEEDS_WN,NEEDS_WN,v3,v3_era,convective_outflow,iowa-C01,19.5,1.3630,305.8,1.0,OK
iowa_derecho2020,HITI4,LOESS HILLS HITCHCOCK,41.42167,-95.85361,IA,KEEP,,21.0,51.0,307.8,2020-08-10T14:11:00Z,2020-08-10T14:00Z,4.69,15.0,-16.31,0.223,67.2,NEEDS_HRRR_TS,384.0,2.34,37.0,92.3,open,dem_verified,yes,NEEDS_INVERSION,289.5,12.85,850,NEEDS_BC,NEEDS_BC,NEEDS_WN,NEEDS_WN,v3,v3_era,convective_outflow,iowa-C02,25.82,0.3650,388.0,4.0,OK
kincade_ign_2019,ATLC1,ATLAS PEAK,38.47485,-122.2648,CA,KEEP,,12.01,24.0,356.7,2019-10-23T13:29:00Z,2019-10-23T13:00Z,7.17,7.4,-4.84,0.597,10.7,NEEDS_HRRR_TS,589.5,9.14,32.5,285.8,exposed_ridge,dem_verified,yes,NEEDS_INVERSION,53.5,29.10,850,NEEDS_BC,NEEDS_BC,NEEDS_WN,NEEDS_WN,v3,v3_era,diablo_offshore_NW,kinc-C01,141.87,0.2464,616.5,27.0,OK
kincade_ign_2019,COWC1,LYONS VALLEY,39.12583,-123.07333,CA,KEEP,,28.99,37.0,75.3,2019-10-24T07:01:00Z,2019-10-24T07:00Z,20.36,81.8,-8.63,0.702,6.5,NEEDS_HRRR_TS,1022.6,15.14,252.9,375.0,exposed_ridge,dem_verified,yes,NEEDS_INVERSION,79.5,27.48,850,NEEDS_BC,NEEDS_BC,NEEDS_WN,NEEDS_WN,v3,v3_era,diablo_offshore_NW,kinc-C02,100.35,0.7409,1019.5,-3.1,OK
kincade_ign_2019,HGLC1,HIGH GLADE LOOKOUT,39.2089,-122.80999,CA,KEEP,,15.99,28.99,16.3,2019-10-24T14:36:00Z,2019-10-24T14:00Z,4.76,128.1,-11.23,0.298,111.8,NEEDS_HRRR_TS,1465.2,9.95,39.4,405.6,exposed_ridge,dem_verified,yes,NEEDS_INVERSION,74.3,33.00,850,NEEDS_BC,NEEDS_BC,NEEDS_WN,NEEDS_WN,v3,v3_era,diablo_offshore_NW,kinc-C03,166.37,0.1442,1468.7,3.5,OK
kincade_ign_2019,HPDC1,HOPLAND UC,39.03083,-123.08056,CA,KEEP,,28.99,44.0,44.4,2019-10-24T09:15:00Z,2019-10-24T09:00Z,21.36,75.8,-7.63,0.737,31.4,NEEDS_HRRR_TS,817.5,12.61,58.4,452.4,exposed_ridge,dem_verified,yes,NEEDS_INVERSION,76.8,28.18,850,NEEDS_BC,NEEDS_BC,NEEDS_WN,NEEDS_WN,v3,v3_era,diablo_offshore_NW,kinc-C04,246.48,0.7580,801.8,-15.7,OK
kincade_ign_2019,HWKC1,HAWKEYE,38.73509,-122.83706,CA,KEEP,,31.0,55.01,29.0,2019-10-24T11:56:00Z,2019-10-24T11:00Z,35.13,56.6,4.13,1.133,27.6,NEEDS_HRRR_TS,616.9,7.83,65.1,334.9,exposed_ridge,dem_verified,yes,NEEDS_INVERSION,64.6,23.42,850,NEEDS_BC,NEEDS_BC,NEEDS_WN,NEEDS_WN,v3,v3_era,diablo_offshore_NW,kinc-C05,189.51,1.5000,618.9,2.0,OK
kincade_ign_2019,KELC1,KONOCTI,38.91189,-122.70631,CA,KEEP,,12.01,24.0,85.7,2019-10-24T12:57:00Z,2019-10-24T12:00Z,8.56,101.6,-3.45,0.713,15.9,NEEDS_HRRR_TS,659.3,1.16,38.7,118.5,open,dem_verified,yes,NEEDS_INVERSION,68.2,35.73,850,NEEDS_BC,NEEDS_BC,NEEDS_WN,NEEDS_WN,v3,v3_era,diablo_offshore_NW,kinc-C06,98.23,0.2396,661.1,1.8,OK
kincade_ign_2019,KNXC1,KNOXVILLE CREEK,38.86194,-122.41722,CA,KEEP,,27.0,41.0,30.0,2019-10-24T05:09:00Z,2019-10-24T05:00Z,30.12,27.9,3.12,1.116,-2.1,NEEDS_HRRR_TS,670.6,4.6,36.8,149.9,open,dem_verified,yes,NEEDS_INVERSION,58.1,32.30,850,NEEDS_BC,NEEDS_BC,NEEDS_WN,NEEDS_WN,v3,v3_era,diablo_offshore_NW,kinc-C07,88.76,0.9325,662.6,-8.0,OK
kincade_ign_2019,OAAC1,OAK RIDGE,38.73806,-123.30839,CA,KEEP,,15.99,30.0,10.7,2019-10-24T08:33:00Z,2019-10-24T08:00Z,17.29,67.8,1.3,1.081,57.1,NEEDS_HRRR_TS,576.1,7.96,347.7,412.9,exposed_ridge,dem_verified,yes,NEEDS_INVERSION,46.7,17.13,850,NEEDS_BC,NEEDS_BC,NEEDS_WN,NEEDS_WN,v3,v3_era,diablo_offshore_NW,kinc-C08,129.65,1.0093,582.5,6.4,OK
kincade_ign_2019,RSAC1,SANTA ROSA,38.47848,-122.7118,CA,KEEP,,17.0,32.99,46.7,2019-10-24T03:29:00Z,2019-10-24T03:00Z,5.98,275.1,-11.02,0.352,-131.6,NEEDS_HRRR_TS,182.6,2.64,144.4,121.9,open,dem_verified,yes,NEEDS_INVERSION,65.9,23.93,850,NEEDS_BC,NEEDS_BC,NEEDS_WN,NEEDS_WN,v3,v3_era,diablo_offshore_NW,kinc-C09,63.44,0.2499,182.4,-0.2,OK
kincade_ign_2019,WISC1,COUNTY LINE,39.01883,-122.41169,CA,KEEP,,23.0,34.0,17.7,2019-10-23T19:36:00Z,2019-10-23T19:00Z,23.39,35.5,0.39,1.017,17.8,NEEDS_HRRR_TS,635.5,1.9,54.5,228.7,canyon_gap,dem_verified,yes,NEEDS_INVERSION,67.5,32.12,850,NEEDS_BC,NEEDS_BC,NEEDS_WN,NEEDS_WN,v3,v3_era,diablo_offshore_NW,kinc-C10,78.81,0.7282,635.3,-0.2,OK
kincade_run_2019,ATLC1,ATLAS PEAK,38.47485,-122.2648,CA,KEEP,,14.99,24.99,5.1,2019-10-27T08:29:00Z,2019-10-27T08:00Z,19.03,3.7,4.04,1.27,-1.4,NEEDS_HRRR_TS,589.5,9.14,32.5,285.8,exposed_ridge,dem_verified,yes,below,329.2,17.18,850,NEEDS_BC,NEEDS_BC,NEEDS_WN,NEEDS_WN,v3,v3_era,diablo_offshore_NE,kinc-C01,141.87,1.1077,616.5,27.0,OK
kincade_run_2019,COWC1,LYONS VALLEY,39.12583,-123.07333,CA,KEEP,,28.01,44.98,66.0,2019-10-27T10:01:00Z,2019-10-27T10:00Z,17.72,60.6,-10.29,0.633,-5.4,NEEDS_HRRR_TS,1022.6,15.14,252.9,375.0,exposed_ridge,dem_verified,yes,below,48.3,19.18,850,NEEDS_BC,NEEDS_BC,NEEDS_WN,NEEDS_WN,v3,v3_era,diablo_offshore_NE,kinc-C02,100.35,0.9239,1019.5,-3.1,OK
kincade_run_2019,HGLC1,HIGH GLADE LOOKOUT,39.2089,-122.80999,CA,KEEP,,24.0,51.0,6.3,2019-10-27T11:36:00Z,2019-10-27T11:00Z,21.99,40.4,-2.01,0.916,34.1,NEEDS_HRRR_TS,1465.2,9.95,39.4,405.6,exposed_ridge,dem_verified,yes,near,45.0,39.02,850,NEEDS_BC,NEEDS_BC,NEEDS_WN,NEEDS_WN,v3,v3_era,diablo_offshore_NE,kinc-C03,166.37,0.5636,1468.7,3.5,OK
kincade_run_2019,HPDC1,HOPLAND UC,39.03083,-123.08056,CA,KEEP,,34.99,50.0,61.4,2019-10-27T09:15:00Z,2019-10-27T09:00Z,18.88,54.1,-16.11,0.54,-7.3,NEEDS_HRRR_TS,817.5,12.61,58.4,452.4,exposed_ridge,dem_verified,yes,below,30.3,12.09,850,NEEDS_BC,NEEDS_BC,NEEDS_WN,NEEDS_WN,v3,v3_era,diablo_offshore_NE,kinc-C04,246.48,1.5616,801.8,-15.7,OK
kincade_run_2019,HWKC1,HAWKEYE,38.73509,-122.83706,CA,KEEP,,40.0,63.01,20.7,2019-10-27T11:56:00Z,2019-10-27T11:00Z,34.09,49.7,-5.91,0.852,29.0,NEEDS_HRRR_TS,616.9,7.83,65.1,334.9,exposed_ridge,dem_verified,yes,below,25.5,24.52,850,NEEDS_BC,NEEDS_BC,NEEDS_WN,NEEDS_WN,v3,v3_era,diablo_offshore_NE,kinc-C05,189.51,1.3903,618.9,2.0,OK
kincade_run_2019,KELC1,KONOCTI,38.91189,-122.70631,CA,KEEP,,13.0,28.01,59.3,2019-10-27T19:57:00Z,2019-10-27T19:00Z,15.19,41.0,2.19,1.168,-18.3,NEEDS_HRRR_TS,659.3,1.16,38.7,118.5,open,dem_verified,yes,below,53.3,46.08,850,NEEDS_BC,NEEDS_BC,NEEDS_WN,NEEDS_WN,v3,v3_era,diablo_offshore_NE,kinc-C06,98.23,0.3296,661.1,1.8,OK
kincade_run_2019,KNXC1,KNOXVILLE CREEK,38.86194,-122.41722,CA,KEEP,,35.99,62.01,24.7,2019-10-27T14:09:00Z,2019-10-27T14:00Z,34.41,28.3,-1.58,0.956,3.6,NEEDS_HRRR_TS,670.6,4.6,36.8,149.9,open,dem_verified,yes,below,44.7,40.07,850,NEEDS_BC,NEEDS_BC,NEEDS_WN,NEEDS_WN,v3,v3_era,diablo_offshore_NE,kinc-C07,88.76,0.8587,662.6,-8.0,OK
kincade_run_2019,OAAC1,OAK RIDGE,38.73806,-123.30839,CA,KEEP,,14.99,37.0,32.9,2019-10-27T10:33:00Z,2019-10-27T10:00Z,17.19,69.9,2.2,1.147,37.0,NEEDS_HRRR_TS,576.1,7.96,347.7,412.9,exposed_ridge,dem_verified,yes,below,350.7,10.96,850,NEEDS_BC,NEEDS_BC,NEEDS_WN,NEEDS_WN,v3,v3_era,diablo_offshore_NE,kinc-C08,129.65,1.5684,582.5,6.4,OK
kincade_run_2019,RSAC1,SANTA ROSA,38.47848,-122.7118,CA,KEEP,,24.0,45.99,51.3,2019-10-27T11:29:00Z,2019-10-27T11:00Z,28.66,47.0,4.66,1.194,-4.3,NEEDS_HRRR_TS,182.6,2.64,144.4,121.9,open,dem_verified,yes,below,350.9,18.17,850,NEEDS_BC,NEEDS_BC,NEEDS_WN,NEEDS_WN,v3,v3_era,diablo_offshore_NE,kinc-C09,63.44,1.5773,182.4,-0.2,OK
kincade_run_2019,TR164,MNF02 PORTABLE,39.12442,-122.7715,CA,CAUTION,"Portable RAWS (MNF02 PORTABLE, Mendocino NF); deployed for fire ops, non-standard siting; obs 8 mph while HRRR 30 mph + bc 26 mph = wind shadow deployment; same coordinates as TS379 but opposite wind direction — both obs suspect; not a fixed met station; exclude from terrain class analysis",8.01,15.99,33.0,2019-10-27T10:53:00Z,2019-10-27T10:00Z,29.96,48.1,21.95,3.74,15.1,NEEDS_HRRR_TS,1097.3,24.02,238.8,442.7,exposed_ridge,dem_verified,yes,below,38.7,26.03,850,NEEDS_BC,NEEDS_BC,NEEDS_WN,NEEDS_WN,v3,v3_era,diablo_offshore_NE,kinc-C10,182.16,1.1510,1109.6,12.3,OK
kincade_run_2019,TS379,MNF04 PORTABLE,39.12442,-122.7715,CA,CAUTION,"Portable RAWS (MNF04 PORTABLE, Mendocino NF); deployed for fire ops, non-standard siting; obs 7 mph / 223 deg SW during NE Diablo event = wake/reverse flow at deployment position; same coordinates as TR164; ELEV_DEM 2858 ft vs station 3600 ft = DEM sampling error; not a fixed met station; exclude from terrain class analysis",7.0,24.0,223.0,2019-10-27T09:28:00Z,2019-10-27T09:00Z,25.38,34.7,18.38,3.626,171.7,NEEDS_HRRR_TS,1097.3,24.02,238.8,442.7,exposed_ridge,dem_verified,yes,below,42.5,18.14,850,NEEDS_BC,NEEDS_BC,NEEDS_WN,NEEDS_WN,v3,v3_era,diablo_offshore_NE,kinc-C10,182.16,1.3991,1109.6,12.3,OK
kincade_run_2019,WISC1,COUNTY LINE,39.01883,-122.41169,CA,KEEP,,40.0,64.0,359.0,2019-10-27T09:36:00Z,2019-10-27T09:00Z,23.85,15.8,-16.15,0.596,16.8,NEEDS_HRRR_TS,635.5,1.9,54.5,228.7,canyon_gap,dem_verified,yes,below,42.7,34.96,850,NEEDS_BC,NEEDS_BC,NEEDS_WN,NEEDS_WN,v3,v3_era,diablo_offshore_NE,kinc-C11,78.81,0.6822,635.3,-0.2,OK
labor_day_or2020,2006P,LRAPA-McKenzie Bridge,44.17014,-122.16096,OR,DROP_NO_WIND_DATA,ALL_SPD_NULL | ALL_GUST_NULL,N/A,N/A,N/A,N/A,N/A,N/A,N/A,N/A,N/A,N/A,N/A,427.0,NEEDS_DEM,NEEDS_DEM,NEEDS_DEM,open,heuristic_unresolved,no,NEEDS_INVERSION,NEEDS_BC,NEEDS_BC,NEEDS_BC,NEEDS_BC,NEEDS_BC,NEEDS_WN,NEEDS_WN,v3,v3_era,downslope_oregon,labo-C01,NEEDS_DEM,,,,NEEDS_DEM
labor_day_or2020,2008P,LRAPA-McKenzie Schools,44.1521,-122.36216,OR,DROP_NO_WIND_DATA,ALL_SPD_NULL | ALL_GUST_NULL,N/A,N/A,N/A,N/A,N/A,N/A,N/A,N/A,N/A,N/A,N/A,328.9,NEEDS_DEM,NEEDS_DEM,NEEDS_DEM,open,heuristic_unresolved,no,NEEDS_INVERSION,NEEDS_BC,NEEDS_BC,NEEDS_BC,NEEDS_BC,NEEDS_BC,NEEDS_WN,NEEDS_WN,v3,v3_era,downslope_oregon,labo-C02,NEEDS_DEM,,,,NEEDS_DEM
labor_day_or2020,2019P,Applegate Street - Jacksonville,42.30693,-122.97431,OR,DROP_NO_WIND_DATA,ALL_SPD_NULL | ALL_GUST_NULL | GAP>6h,N/A,N/A,N/A,N/A,N/A,N/A,N/A,N/A,N/A,N/A,N/A,541.0,NEEDS_DEM,NEEDS_DEM,NEEDS_DEM,open,heuristic_unresolved,no,NEEDS_INVERSION,NEEDS_BC,NEEDS_BC,NEEDS_BC,NEEDS_BC,NEEDS_BC,NEEDS_WN,NEEDS_WN,v3,v3_era,downslope_oregon,labo-C03,NEEDS_DEM,,,,NEEDS_DEM
labor_day_or2020,2020P,Pioneer Hills,42.2759,-122.88624,OR,DROP_NO_WIND_DATA,ALL_SPD_NULL | ALL_GUST_NULL,N/A,N/A,N/A,N/A,N/A,N/A,N/A,N/A,N/A,N/A,N/A,540.1,NEEDS_DEM,NEEDS_DEM,NEEDS_DEM,open,heuristic_unresolved,no,NEEDS_INVERSION,NEEDS_BC,NEEDS_BC,NEEDS_BC,NEEDS_BC,NEEDS_BC,NEEDS_WN,NEEDS_WN,v3,v3_era,downslope_oregon,labo-C04,NEEDS_DEM,,,,NEEDS_DEM
labor_day_or2020,2042P,Stonegate Estates,42.31106,-122.80987,OR,DROP_NO_WIND_DATA,ALL_SPD_NULL | ALL_GUST_NULL | GAP>2h,N/A,N/A,N/A,N/A,N/A,N/A,N/A,N/A,N/A,N/A,N/A,479.1,NEEDS_DEM,NEEDS_DEM,NEEDS_DEM,open,heuristic_unresolved,no,NEEDS_INVERSION,NEEDS_BC,NEEDS_BC,NEEDS_BC,NEEDS_BC,NEEDS_BC,NEEDS_WN,NEEDS_WN,v3,v3_era,downslope_oregon,labo-C05,NEEDS_DEM,,,,NEEDS_DEM
labor_day_or2020,2066P,Phoenix,42.27734,-122.80562,OR,DROP_NO_WIND_DATA,ALL_SPD_NULL | ALL_GUST_NULL,N/A,N/A,N/A,N/A,N/A,N/A,N/A,N/A,N/A,N/A,N/A,472.1,NEEDS_DEM,NEEDS_DEM,NEEDS_DEM,open,heuristic_unresolved,no,NEEDS_INVERSION,NEEDS_BC,NEEDS_BC,NEEDS_BC,NEEDS_BC,NEEDS_BC,NEEDS_WN,NEEDS_WN,v3,v3_era,downslope_oregon,labo-C05,NEEDS_DEM,,,,NEEDS_DEM
labor_day_or2020,2071P,DEK Eagle Point,42.46388,-122.80928,OR,DROP_NO_WIND_DATA,ALL_SPD_NULL | ALL_GUST_NULL,N/A,N/A,N/A,N/A,N/A,N/A,N/A,N/A,N/A,N/A,N/A,392.9,NEEDS_DEM,NEEDS_DEM,NEEDS_DEM,open,heuristic_unresolved,no,NEEDS_INVERSION,NEEDS_BC,NEEDS_BC,NEEDS_BC,NEEDS_BC,NEEDS_BC,NEEDS_WN,NEEDS_WN,v3,v3_era,downslope_oregon,labo-C06,NEEDS_DEM,,,,NEEDS_DEM
labor_day_or2020,2074P,Sterling Creek (800' above) - Jacksonville,42.25823,-122.99733,OR,DROP_NO_WIND_DATA,ALL_SPD_NULL | ALL_GUST_NULL,N/A,N/A,N/A,N/A,N/A,N/A,N/A,N/A,N/A,N/A,N/A,858.9,NEEDS_DEM,NEEDS_DEM,NEEDS_DEM,canyon_gap,name_heuristic,no,NEEDS_INVERSION,NEEDS_BC,NEEDS_BC,NEEDS_BC,NEEDS_BC,NEEDS_BC,NEEDS_WN,NEEDS_WN,v3,v3_era,downslope_oregon,labo-C07,NEEDS_DEM,,,,NEEDS_DEM
labor_day_or2020,2078P,New Haven,42.39197,-122.89284,OR,DROP_NO_WIND_DATA,ALL_SPD_NULL | ALL_GUST_NULL,N/A,N/A,N/A,N/A,N/A,N/A,N/A,N/A,N/A,N/A,N/A,390.1,NEEDS_DEM,NEEDS_DEM,NEEDS_DEM,open,heuristic_unresolved,no,NEEDS_INVERSION,NEEDS_BC,NEEDS_BC,NEEDS_BC,NEEDS_BC,NEEDS_BC,NEEDS_WN,NEEDS_WN,v3,v3_era,downslope_oregon,labo-C08,NEEDS_DEM,,,,NEEDS_DEM
labor_day_or2020,2100P,East Medford 2000 ft elevation,42.33575,-122.78692,OR,DROP_NO_WIND_DATA,ALL_SPD_NULL | ALL_GUST_NULL,N/A,N/A,N/A,N/A,N/A,N/A,N/A,N/A,N/A,N/A,N/A,620.9,NEEDS_DEM,NEEDS_DEM,NEEDS_DEM,open,heuristic_unresolved,no,NEEDS_INVERSION,NEEDS_BC,NEEDS_BC,NEEDS_BC,NEEDS_BC,NEEDS_BC,NEEDS_WN,NEEDS_WN,v3,v3_era,downslope_oregon,labo-C05,NEEDS_DEM,,,,NEEDS_DEM
labor_day_or2020,2107P,Bear Creek 2,42.33717,-122.83622,OR,DROP_NO_WIND_DATA,ALL_SPD_NULL | ALL_GUST_NULL,N/A,N/A,N/A,N/A,N/A,N/A,N/A,N/A,N/A,N/A,N/A,454.2,NEEDS_DEM,NEEDS_DEM,NEEDS_DEM,canyon_gap,name_heuristic,no,NEEDS_INVERSION,NEEDS_BC,NEEDS_BC,NEEDS_BC,NEEDS_BC,NEEDS_BC,NEEDS_WN,NEEDS_WN,v3,v3_era,downslope_oregon,labo-C05,NEEDS_DEM,,,,NEEDS_DEM
labor_day_or2020,3675P,Ridgewood Ranch,44.80937,-122.71084,OR,DROP_NO_WIND_DATA,ALL_SPD_NULL | ALL_GUST_NULL | GAP>44h,N/A,N/A,N/A,N/A,N/A,N/A,N/A,N/A,N/A,N/A,N/A,252.1,NEEDS_DEM,NEEDS_DEM,NEEDS_DEM,open,heuristic_unresolved,no,NEEDS_INVERSION,NEEDS_BC,NEEDS_BC,NEEDS_BC,NEEDS_BC,NEEDS_BC,NEEDS_WN,NEEDS_WN,v3,v3_era,downslope_oregon,labo-C09,NEEDS_DEM,,,,NEEDS_DEM
labor_day_or2020,4120P,Annapolis Drive,42.35075,-122.82062,OR,DROP_NO_WIND_DATA,ALL_SPD_NULL | ALL_GUST_NULL,N/A,N/A,N/A,N/A,N/A,N/A,N/A,N/A,N/A,N/A,N/A,537.1,NEEDS_DEM,NEEDS_DEM,NEEDS_DEM,open,heuristic_unresolved,no,NEEDS_INVERSION,NEEDS_BC,NEEDS_BC,NEEDS_BC,NEEDS_BC,NEEDS_BC,NEEDS_WN,NEEDS_WN,v3,v3_era,downslope_oregon,labo-C05,NEEDS_DEM,,,,NEEDS_DEM
labor_day_or2020,A3800,Medford MTV,42.341987,-122.9102,OR,KEEP,,20.14,MISSING,121.0,2020-09-09T11:00:00Z,2020-09-09T11:00Z,7.64,19.8,-12.5,0.379,-101.2,NEEDS_HRRR_TS,408.1,0.37,NEEDS_DEM,14.7,valley,dem_verified,yes,NEEDS_INVERSION,78.4,11.19,700,NEEDS_BC,NEEDS_BC,NEEDS_WN,NEEDS_WN,v3,v3_era,downslope_oregon,labo-C10,12.07,0.6828,410.4,2.3,OK
labor_day_or2020,A4207,Medford Welch & Jackson,42.33155,-122.88027,OR,DROP_NO_WIND_DATA,ALL_SPD_NULL | ALL_GUST_NULL,N/A,N/A,N/A,N/A,N/A,N/A,N/A,N/A,N/A,N/A,N/A,417.0,NEEDS_DEM,NEEDS_DEM,NEEDS_DEM,open,heuristic_unresolved,no,NEEDS_INVERSION,NEEDS_BC,NEEDS_BC,NEEDS_BC,NEEDS_BC,NEEDS_BC,NEEDS_WN,NEEDS_WN,v3,v3_era,downslope_oregon,labo-C10,NEEDS_DEM,,,,NEEDS_DEM
labor_day_or2020,A4217,Lyons,44.77874,-122.61705,OR,DROP_NO_WIND_DATA,ALL_SPD_NULL | ALL_GUST_NULL | GAP>14h,N/A,N/A,N/A,N/A,N/A,N/A,N/A,N/A,N/A,N/A,N/A,202.1,NEEDS_DEM,NEEDS_DEM,NEEDS_DEM,open,heuristic_unresolved,no,NEEDS_INVERSION,NEEDS_BC,NEEDS_BC,NEEDS_BC,NEEDS_BC,NEEDS_BC,NEEDS_WN,NEEDS_WN,v3,v3_era,downslope_oregon,labo-C11,NEEDS_DEM,,,,NEEDS_DEM
labor_day_or2020,A4218,Silverton,45.015,-122.79038,OR,KEEP,,5.98,MISSING,MISSING,2020-09-08T17:00:00Z,2020-09-08T17:00Z,12.87,32.3,6.89,2.152,NEEDS_HRRR_10M,NEEDS_HRRR_TS,68.9,0.96,166.0,31.5,valley,dem_verified,yes,NEEDS_INVERSION,72.6,31.39,700,NEEDS_BC,NEEDS_BC,NEEDS_WN,NEEDS_WN,v3,v3_era,downslope_oregon,labo-C12,26.5,0.4100,67.5,-1.4,OK
labor_day_or2020,A4719,Mill City,44.75209,-122.47967,OR,DROP_NO_WIND_DATA,ALL_SPD_NULL | ALL_GUST_NULL | GAP>8h,N/A,N/A,N/A,N/A,N/A,N/A,N/A,N/A,N/A,N/A,N/A,255.1,NEEDS_DEM,NEEDS_DEM,NEEDS_DEM,open,heuristic_unresolved,no,NEEDS_INVERSION,NEEDS_BC,NEEDS_BC,NEEDS_BC,NEEDS_BC,NEEDS_BC,NEEDS_WN,NEEDS_WN,v3,v3_era,downslope_oregon,labo-C13,NEEDS_DEM,,,,NEEDS_DEM
labor_day_or2020,A4720,Detroit Lake,44.72831,-122.18276,OR,DROP_NO_WIND_DATA,ALL_SPD_NULL | ALL_GUST_NULL,N/A,N/A,N/A,N/A,N/A,N/A,N/A,N/A,N/A,N/A,N/A,509.9,NEEDS_DEM,NEEDS_DEM,NEEDS_DEM,open,heuristic_unresolved,no,NEEDS_INVERSION,NEEDS_BC,NEEDS_BC,NEEDS_BC,NEEDS_BC,NEEDS_BC,NEEDS_WN,NEEDS_WN,v3,v3_era,downslope_oregon,labo-C14,NEEDS_DEM,,,,NEEDS_DEM
labor_day_or2020,AGDO3,AGATE DAM AND RESERVOIR NEAR WHITE CITY 4ESE,42.415,-122.77222,OR,DROP_NO_WIND_DATA,ALL_SPD_NULL | ALL_GUST_NULL,N/A,N/A,N/A,N/A,N/A,N/A,N/A,N/A,N/A,N/A,N/A,464.8,NEEDS_DEM,NEEDS_DEM,NEEDS_DEM,open,heuristic_unresolved,no,NEEDS_INVERSION,NEEDS_BC,NEEDS_BC,NEEDS_BC,NEEDS_BC,NEEDS_BC,NEEDS_WN,NEEDS_WN,v3,v3_era,downslope_oregon,labo-C15,NEEDS_DEM,,,,NEEDS_DEM
labor_day_or2020,AV613,WB6RDV-3 Gates,44.75417,-122.392,OR,KEEP,,8.0,24.0,174.4,2020-09-08T03:55:00Z,2020-09-08T03:00Z,19.1,100.3,11.1,2.388,-74.1,NEEDS_HRRR_TS,974.0,1.58,209.7,145.2,open,dem_flag,flag,NEEDS_INVERSION,45.2,25.36,700,NEEDS_BC,NEEDS_BC,NEEDS_WN,NEEDS_WN,v3,v3_era,downslope_oregon,labo-C16,113.88,0.7532,289.6,-684.4,FLAG_LARGE_RESIDUAL
labor_day_or2020,BKSO3,BEAR GRASS,44.3253,-122.0938,OR,DROP_NO_WIND_DATA,ALL_SPD_NULL | ALL_GUST_NULL,N/A,N/A,N/A,N/A,N/A,N/A,N/A,N/A,N/A,N/A,N/A,1438.7,NEEDS_DEM,NEEDS_DEM,NEEDS_DEM,open,heuristic_unresolved,no,NEEDS_INVERSION,NEEDS_BC,NEEDS_BC,NEEDS_BC,NEEDS_BC,NEEDS_BC,NEEDS_WN,NEEDS_WN,v3,v3_era,downslope_oregon,labo-C17,NEEDS_DEM,,,,NEEDS_DEM
labor_day_or2020,C2551,CW2551 Medford,42.308,-122.89867,OR,KEEP,,13.0,26.0,109.9,2020-09-08T18:51:00Z,2020-09-08T18:00Z,22.36,149.9,9.36,1.72,40.0,NEEDS_HRRR_TS,449.2,1.07,172.6,27.9,valley,dem_verified,yes,NEEDS_INVERSION,57.9,18.86,700,NEEDS_BC,NEEDS_BC,NEEDS_WN,NEEDS_WN,v3,v3_era,downslope_oregon,labo-C04,40.96,1.1856,449.2,0.0,OK
labor_day_or2020,C3932,CW3932 Central Point,42.35,-122.9,OR,KEEP,,8.0,14.99,118.5,2020-09-08T19:42:00Z,2020-09-08T19:00Z,16.67,166.0,8.67,2.084,47.5,NEEDS_HRRR_TS,403.8,0.34,NEEDS_DEM,13.8,valley,dem_verified,yes,NEEDS_INVERSION,62.4,18.37,700,NEEDS_BC,NEEDS_BC,NEEDS_WN,NEEDS_WN,v3,v3_era,downslope_oregon,labo-C08,10.49,0.9075,403.8,0.0,OK
labor_day_or2020,C5507,CW5507 Camp Sherman,44.437,-121.6555,OR,KEEP,,8.0,17.0,356.1,2020-09-08T01:24:00Z,2020-09-08T01:00Z,10.36,53.0,2.36,1.295,56.9,NEEDS_HRRR_TS,918.7,0.29,NEEDS_DEM,27.7,valley,dem_verified,yes,NEEDS_INVERSION,40.5,20.37,700,NEEDS_BC,NEEDS_BC,NEEDS_WN,NEEDS_WN,v3,v3_era,downslope_oregon,labo-C18,91.04,0.5086,918.6,-0.1,OK
labor_day_or2020,C8892,CW8892 Sweet Home,44.39283,-122.722,OR,DROP_NO_WIND_DATA,ALL_SPD_NULL | ALL_GUST_NULL,N/A,N/A,N/A,N/A,N/A,N/A,N/A,N/A,N/A,N/A,N/A,176.8,NEEDS_DEM,NEEDS_DEM,NEEDS_DEM,open,heuristic_unresolved,no,NEEDS_INVERSION,NEEDS_BC,NEEDS_BC,NEEDS_BC,NEEDS_BC,NEEDS_BC,NEEDS_WN,NEEDS_WN,v3,v3_era,downslope_oregon,labo-C19,NEEDS_DEM,,,,NEEDS_DEM
labor_day_or2020,CGFO3,COLGATE,44.31692,-121.60694,OR,KEEP,,7.0,14.01,41.1,2020-09-07T22:03:00Z,2020-09-07T22:00Z,11.66,54.4,4.66,1.666,13.3,NEEDS_HRRR_TS,984.8,0.47,NEEDS_DEM,31.4,valley,dem_verified,yes,NEEDS_INVERSION,1.8,17.07,700,NEEDS_BC,NEEDS_BC,NEEDS_WN,NEEDS_WN,v3,v3_era,downslope_oregon,labo-C20,22.34,0.6831,1005.5,20.7,OK
labor_day_or2020,COCOORCC101,Molalla 7.1 SSE,45.05153,-122.53268,OR,DROP_NO_WIND_DATA,ALL_SPD_NULL | ALL_GUST_NULL,N/A,N/A,N/A,N/A,N/A,N/A,N/A,N/A,N/A,N/A,N/A,467.0,NEEDS_DEM,NEEDS_DEM,NEEDS_DEM,open,heuristic_unresolved,no,NEEDS_INVERSION,NEEDS_BC,NEEDS_BC,NEEDS_BC,NEEDS_BC,NEEDS_BC,NEEDS_WN,NEEDS_WN,v3,v3_era,downslope_oregon,labo-C21,NEEDS_DEM,,,,NEEDS_DEM
labor_day_or2020,COCOORCC67,Molalla 7.5 S,45.04242,-122.60105,OR,DROP_NO_WIND_DATA,ALL_SPD_NULL | ALL_GUST_NULL,N/A,N/A,N/A,N/A,N/A,N/A,N/A,N/A,N/A,N/A,N/A,307.8,NEEDS_DEM,NEEDS_DEM,NEEDS_DEM,open,heuristic_unresolved,no,NEEDS_INVERSION,NEEDS_BC,NEEDS_BC,NEEDS_BC,NEEDS_BC,NEEDS_BC,NEEDS_WN,NEEDS_WN,v3,v3_era,downslope_oregon,labo-C22,NEEDS_DEM,,,,NEEDS_DEM
labor_day_or2020,COCOORCC80,Molalla 7.4 S,45.04233,-122.5901,OR,DROP_NO_WIND_DATA,ALL_SPD_NULL | ALL_GUST_NULL,N/A,N/A,N/A,N/A,N/A,N/A,N/A,N/A,N/A,N/A,N/A,309.1,NEEDS_DEM,NEEDS_DEM,NEEDS_DEM,open,heuristic_unresolved,no,NEEDS_INVERSION,NEEDS_BC,NEEDS_BC,NEEDS_BC,NEEDS_BC,NEEDS_BC,NEEDS_WN,NEEDS_WN,v3,v3_era,downslope_oregon,labo-C21,NEEDS_DEM,,,,NEEDS_DEM
labor_day_or2020,COCOORJC100,Eagle Point 6.4 SSE,42.3785,-122.76001,OR,DROP_NO_WIND_DATA,ALL_SPD_NULL | ALL_GUST_NULL,N/A,N/A,N/A,N/A,N/A,N/A,N/A,N/A,N/A,N/A,N/A,520.0,NEEDS_DEM,NEEDS_DEM,NEEDS_DEM,open,heuristic_unresolved,no,NEEDS_INVERSION,NEEDS_BC,NEEDS_BC,NEEDS_BC,NEEDS_BC,NEEDS_BC,NEEDS_WN,NEEDS_WN,v3,v3_era,downslope_oregon,labo-C15,NEEDS_DEM,,,,NEEDS_DEM
labor_day_or2020,COCOORJC112,Medford 2.0 SSW,42.31304,-122.86784,OR,DROP_NO_WIND_DATA,ALL_SPD_NULL | ALL_GUST_NULL,N/A,N/A,N/A,N/A,N/A,N/A,N/A,N/A,N/A,N/A,N/A,430.1,NEEDS_DEM,NEEDS_DEM,NEEDS_DEM,open,heuristic_unresolved,no,NEEDS_INVERSION,NEEDS_BC,NEEDS_BC,NEEDS_BC,NEEDS_BC,NEEDS_BC,NEEDS_WN,NEEDS_WN,v3,v3_era,downslope_oregon,labo-C04,NEEDS_DEM,,,,NEEDS_DEM
labor_day_or2020,COCOORJC29,Gold Hill 0.2 WSW,42.43347,-123.05314,OR,DROP_NO_WIND_DATA,ALL_SPD_NULL | ALL_GUST_NULL,N/A,N/A,N/A,N/A,N/A,N/A,N/A,N/A,N/A,N/A,N/A,345.0,NEEDS_DEM,NEEDS_DEM,NEEDS_DEM,exposed_ridge,name_heuristic,no,NEEDS_INVERSION,NEEDS_BC,NEEDS_BC,NEEDS_BC,NEEDS_BC,NEEDS_BC,NEEDS_WN,NEEDS_WN,v3,v3_era,downslope_oregon,labo-C23,NEEDS_DEM,,,,NEEDS_DEM
labor_day_or2020,COCOORJC48,Jacksonville 0.2 E,42.3136,-122.96377,OR,DROP_NO_WIND_DATA,ALL_SPD_NULL | ALL_GUST_NULL | GAP>10h,N/A,N/A,N/A,N/A,N/A,N/A,N/A,N/A,N/A,N/A,N/A,476.1,NEEDS_DEM,NEEDS_DEM,NEEDS_DEM,open,heuristic_unresolved,no,NEEDS_INVERSION,NEEDS_BC,NEEDS_BC,NEEDS_BC,NEEDS_BC,NEEDS_BC,NEEDS_WN,NEEDS_WN,v3,v3_era,downslope_oregon,labo-C03,NEEDS_DEM,,,,NEEDS_DEM
labor_day_or2020,COCOORJC60,Medford 6.6 SSW,42.26024,-122.92378,OR,DROP_NO_WIND_DATA,ALL_SPD_NULL | ALL_GUST_NULL | GAP>25h,N/A,N/A,N/A,N/A,N/A,N/A,N/A,N/A,N/A,N/A,N/A,665.1,NEEDS_DEM,NEEDS_DEM,NEEDS_DEM,open,heuristic_unresolved,no,NEEDS_INVERSION,NEEDS_BC,NEEDS_BC,NEEDS_BC,NEEDS_BC,NEEDS_BC,NEEDS_WN,NEEDS_WN,v3,v3_era,downslope_oregon,labo-C04,NEEDS_DEM,,,,NEEDS_DEM
labor_day_or2020,COCOORJC75,Medford 0.5 SSE,42.33375,-122.84917,OR,DROP_NO_WIND_DATA,ALL_SPD_NULL | ALL_GUST_NULL | GAP>16h,N/A,N/A,N/A,N/A,N/A,N/A,N/A,N/A,N/A,N/A,N/A,448.1,NEEDS_DEM,NEEDS_DEM,NEEDS_DEM,open,heuristic_unresolved,no,NEEDS_INVERSION,NEEDS_BC,NEEDS_BC,NEEDS_BC,NEEDS_BC,NEEDS_BC,NEEDS_WN,NEEDS_WN,v3,v3_era,downslope_oregon,labo-C05,NEEDS_DEM,,,,NEEDS_DEM
labor_day_or2020,COCOORJC78,Central Point 2.5 WSW,42.36284,-122.9583,OR,DROP_NO_WIND_DATA,ALL_SPD_NULL | ALL_GUST_NULL | GAP>25h,N/A,N/A,N/A,N/A,N/A,N/A,N/A,N/A,N/A,N/A,N/A,494.1,NEEDS_DEM,NEEDS_DEM,NEEDS_DEM,open,heuristic_unresolved,no,NEEDS_INVERSION,NEEDS_BC,NEEDS_BC,NEEDS_BC,NEEDS_BC,NEEDS_BC,NEEDS_WN,NEEDS_WN,v3,v3_era,downslope_oregon,labo-C10,NEEDS_DEM,,,,NEEDS_DEM
labor_day_or2020,COCOORJC86,Medford 4.7 SSW,42.27711,-122.88699,OR,DROP_NO_WIND_DATA,ALL_SPD_NULL | ALL_GUST_NULL | GAP>26h,N/A,N/A,N/A,N/A,N/A,N/A,N/A,N/A,N/A,N/A,N/A,548.0,NEEDS_DEM,NEEDS_DEM,NEEDS_DEM,open,heuristic_unresolved,no,NEEDS_INVERSION,NEEDS_BC,NEEDS_BC,NEEDS_BC,NEEDS_BC,NEEDS_BC,NEEDS_WN,NEEDS_WN,v3,v3_era,downslope_oregon,labo-C04,NEEDS_DEM,,,,NEEDS_DEM
labor_day_or2020,COCOORJC87,Medford 5.7 S,42.25898,-122.86969,OR,DROP_NO_WIND_DATA,ALL_SPD_NULL | ALL_GUST_NULL | GAP>25h,N/A,N/A,N/A,N/A,N/A,N/A,N/A,N/A,N/A,N/A,N/A,616.9,NEEDS_DEM,NEEDS_DEM,NEEDS_DEM,open,heuristic_unresolved,no,NEEDS_INVERSION,NEEDS_BC,NEEDS_BC,NEEDS_BC,NEEDS_BC,NEEDS_BC,NEEDS_WN,NEEDS_WN,v3,v3_era,downslope_oregon,labo-C04,NEEDS_DEM,,,,NEEDS_DEM
labor_day_or2020,COCOORJC89,Medford 5.1 SSW,42.26752,-122.8751,OR,DROP_NO_WIND_DATA,ALL_SPD_NULL | ALL_GUST_NULL | GAP>23h,N/A,N/A,N/A,N/A,N/A,N/A,N/A,N/A,N/A,N/A,N/A,563.0,NEEDS_DEM,NEEDS_DEM,NEEDS_DEM,open,heuristic_unresolved,no,NEEDS_INVERSION,NEEDS_BC,NEEDS_BC,NEEDS_BC,NEEDS_BC,NEEDS_BC,NEEDS_WN,NEEDS_WN,v3,v3_era,downslope_oregon,labo-C04,NEEDS_DEM,,,,NEEDS_DEM
labor_day_or2020,COCOORJC92,Medford 4.2 WSW,42.306,-122.9222,OR,DROP_NO_WIND_DATA,ALL_SPD_NULL | ALL_GUST_NULL | WINDOW_MISS,N/A,N/A,N/A,N/A,N/A,N/A,N/A,N/A,N/A,N/A,N/A,448.1,NEEDS_DEM,NEEDS_DEM,NEEDS_DEM,open,heuristic_unresolved,no,NEEDS_INVERSION,NEEDS_BC,NEEDS_BC,NEEDS_BC,NEEDS_BC,NEEDS_BC,NEEDS_WN,NEEDS_WN,v3,v3_era,downslope_oregon,labo-C03,NEEDS_DEM,,,,NEEDS_DEM
labor_day_or2020,COCOORJC97,Jacksonville 0.5 WSW,42.31086,-122.97728,OR,DROP_NO_WIND_DATA,ALL_SPD_NULL | ALL_GUST_NULL | GAP>24h,N/A,N/A,N/A,N/A,N/A,N/A,N/A,N/A,N/A,N/A,N/A,558.1,NEEDS_DEM,NEEDS_DEM,NEEDS_DEM,open,heuristic_unresolved,no,NEEDS_INVERSION,NEEDS_BC,NEEDS_BC,NEEDS_BC,NEEDS_BC,NEEDS_BC,NEEDS_WN,NEEDS_WN,v3,v3_era,downslope_oregon,labo-C03,NEEDS_DEM,,,,NEEDS_DEM
labor_day_or2020,COCOORJC99,Central Point 1.1 NW,42.38545,-122.92691,OR,DROP_NO_WIND_DATA,ALL_SPD_NULL | ALL_GUST_NULL,N/A,N/A,N/A,N/A,N/A,N/A,N/A,N/A,N/A,N/A,N/A,378.0,NEEDS_DEM,NEEDS_DEM,NEEDS_DEM,open,heuristic_unresolved,no,NEEDS_INVERSION,NEEDS_BC,NEEDS_BC,NEEDS_BC,NEEDS_BC,NEEDS_BC,NEEDS_WN,NEEDS_WN,v3,v3_era,downslope_oregon,labo-C08,NEEDS_DEM,,,,NEEDS_DEM
labor_day_or2020,COCOORLA130,McKenzie Bridge 1 N,44.1783,-122.1625,OR,DROP_NO_WIND_DATA,ALL_SPD_NULL | ALL_GUST_NULL,N/A,N/A,N/A,N/A,N/A,N/A,N/A,N/A,N/A,N/A,N/A,426.1,NEEDS_DEM,NEEDS_DEM,NEEDS_DEM,open,heuristic_unresolved,no,NEEDS_INVERSION,NEEDS_BC,NEEDS_BC,NEEDS_BC,NEEDS_BC,NEEDS_BC,NEEDS_WN,NEEDS_WN,v3,v3_era,downslope_oregon,labo-C01,NEEDS_DEM,,,,NEEDS_DEM
labor_day_or2020,COCOORLA176,Nimrod 0.3 SSW,44.10986,-122.42484,OR,DROP_NO_WIND_DATA,ALL_SPD_NULL | ALL_GUST_NULL | GAP>25h,N/A,N/A,N/A,N/A,N/A,N/A,N/A,N/A,N/A,N/A,N/A,303.9,NEEDS_DEM,NEEDS_DEM,NEEDS_DEM,open,heuristic_unresolved,no,NEEDS_INVERSION,NEEDS_BC,NEEDS_BC,NEEDS_BC,NEEDS_BC,NEEDS_BC,NEEDS_WN,NEEDS_WN,v3,v3_era,downslope_oregon,labo-C24,NEEDS_DEM,,,,NEEDS_DEM
labor_day_or2020,COCOORLN12,Lyons 1.6 SSW,44.75706,-122.62446,OR,DROP_NO_WIND_DATA,ALL_SPD_NULL | ALL_GUST_NULL,N/A,N/A,N/A,N/A,N/A,N/A,N/A,N/A,N/A,N/A,N/A,509.9,NEEDS_DEM,NEEDS_DEM,NEEDS_DEM,open,heuristic_unresolved,no,NEEDS_INVERSION,NEEDS_BC,NEEDS_BC,NEEDS_BC,NEEDS_BC,NEEDS_BC,NEEDS_WN,NEEDS_WN,v3,v3_era,downslope_oregon,labo-C11,NEEDS_DEM,,,,NEEDS_DEM
labor_day_or2020,COCOORLN20,Lyons 2.1 S,44.74832,-122.60614,OR,DROP_NO_WIND_DATA,ALL_SPD_NULL | ALL_GUST_NULL,N/A,N/A,N/A,N/A,N/A,N/A,N/A,N/A,N/A,N/A,N/A,512.1,NEEDS_DEM,NEEDS_DEM,NEEDS_DEM,open,heuristic_unresolved,no,NEEDS_INVERSION,NEEDS_BC,NEEDS_BC,NEEDS_BC,NEEDS_BC,NEEDS_BC,NEEDS_WN,NEEDS_WN,v3,v3_era,downslope_oregon,labo-C11,NEEDS_DEM,,,,NEEDS_DEM
labor_day_or2020,COCOORLN75,Gates 1.4 SW,44.74055,-122.43802,OR,DROP_NO_WIND_DATA,ALL_SPD_NULL | ALL_GUST_NULL | WINDOW_MISS,N/A,N/A,N/A,N/A,N/A,N/A,N/A,N/A,N/A,N/A,N/A,316.1,NEEDS_DEM,NEEDS_DEM,NEEDS_DEM,open,heuristic_unresolved,no,NEEDS_INVERSION,NEEDS_BC,NEEDS_BC,NEEDS_BC,NEEDS_BC,NEEDS_BC,NEEDS_WN,NEEDS_WN,v3,v3_era,downslope_oregon,labo-C13,NEEDS_DEM,,,,NEEDS_DEM
labor_day_or2020,COCOORLN76,Mill City 0.9 ESE,44.74669,-122.4597,OR,DROP_NO_WIND_DATA,ALL_SPD_NULL | ALL_GUST_NULL,N/A,N/A,N/A,N/A,N/A,N/A,N/A,N/A,N/A,N/A,N/A,276.1,NEEDS_DEM,NEEDS_DEM,NEEDS_DEM,open,heuristic_unresolved,no,NEEDS_INVERSION,NEEDS_BC,NEEDS_BC,NEEDS_BC,NEEDS_BC,NEEDS_BC,NEEDS_WN,NEEDS_WN,v3,v3_era,downslope_oregon,labo-C13,NEEDS_DEM,,,,NEEDS_DEM
labor_day_or2020,COCOORMN16,Stayton 6 ENE,44.8353,-122.6836,OR,DROP_NO_WIND_DATA,ALL_SPD_NULL | ALL_GUST_NULL,N/A,N/A,N/A,N/A,N/A,N/A,N/A,N/A,N/A,N/A,N/A,342.0,NEEDS_DEM,NEEDS_DEM,NEEDS_DEM,open,heuristic_unresolved,no,NEEDS_INVERSION,NEEDS_BC,NEEDS_BC,NEEDS_BC,NEEDS_BC,NEEDS_BC,NEEDS_WN,NEEDS_WN,v3,v3_era,downslope_oregon,labo-C09,NEEDS_DEM,,,,NEEDS_DEM
labor_day_or2020,COCOORMN49,Mehama 0.7 ESE,44.7869,-122.60485,OR,DROP_NO_WIND_DATA,ALL_SPD_NULL | ALL_GUST_NULL,N/A,N/A,N/A,N/A,N/A,N/A,N/A,N/A,N/A,N/A,N/A,207.0,NEEDS_DEM,NEEDS_DEM,NEEDS_DEM,open,heuristic_unresolved,no,NEEDS_INVERSION,NEEDS_BC,NEEDS_BC,NEEDS_BC,NEEDS_BC,NEEDS_BC,NEEDS_WN,NEEDS_WN,v3,v3_era,downslope_oregon,labo-C11,NEEDS_DEM,,,,NEEDS_DEM
labor_day_or2020,COOPCGWO3,COUGAR DAM,44.1308,-122.2419,OR,DROP_NO_WIND_DATA,ALL_SPD_NULL | ALL_GUST_NULL | GAP>24h,N/A,N/A,N/A,N/A,N/A,N/A,N/A,N/A,N/A,N/A,N/A,384.0,NEEDS_DEM,NEEDS_DEM,NEEDS_DEM,open,heuristic_unresolved,no,NEEDS_INVERSION,NEEDS_BC,NEEDS_BC,NEEDS_BC,NEEDS_BC,NEEDS_BC,NEEDS_WN,NEEDS_WN,v3,v3_era,downslope_oregon,labo-C25,NEEDS_DEM,,,,NEEDS_DEM
labor_day_or2020,COOPDTTO3,DETROIT DAM,44.7241,-122.2547,OR,DROP_NO_WIND_DATA,ALL_SPD_NULL | ALL_GUST_NULL | GAP>28h,N/A,N/A,N/A,N/A,N/A,N/A,N/A,N/A,N/A,N/A,N/A,371.9,NEEDS_DEM,NEEDS_DEM,NEEDS_DEM,open,heuristic_unresolved,no,NEEDS_INVERSION,NEEDS_BC,NEEDS_BC,NEEDS_BC,NEEDS_BC,NEEDS_BC,NEEDS_WN,NEEDS_WN,v3,v3_era,downslope_oregon,labo-C26,NEEDS_DEM,,,,NEEDS_DEM
labor_day_or2020,COOPSAJO3,SANTIAM JUNCTION,44.4355,-121.9428,OR,DROP_NO_WIND_DATA,ALL_SPD_NULL | ALL_GUST_NULL | GAP>24h,N/A,N/A,N/A,N/A,N/A,N/A,N/A,N/A,N/A,N/A,N/A,1143.0,NEEDS_DEM,NEEDS_DEM,NEEDS_DEM,open,heuristic_unresolved,no,NEEDS_INVERSION,NEEDS_BC,NEEDS_BC,NEEDS_BC,NEEDS_BC,NEEDS_BC,NEEDS_WN,NEEDS_WN,v3,v3_era,downslope_oregon,labo-C27,NEEDS_DEM,,,,NEEDS_DEM
labor_day_or2020,COOPSCMO3,SCOTTS MILLS 9 SE,44.9527,-122.525,OR,DROP_NO_WIND_DATA,ALL_SPD_NULL | ALL_GUST_NULL,N/A,N/A,N/A,N/A,N/A,N/A,N/A,N/A,N/A,N/A,N/A,705.6,NEEDS_DEM,NEEDS_DEM,NEEDS_DEM,open,heuristic_unresolved,no,NEEDS_INVERSION,NEEDS_BC,NEEDS_BC,NEEDS_BC,NEEDS_BC,NEEDS_BC,NEEDS_WN,NEEDS_WN,v3,v3_era,downslope_oregon,labo-C28,NEEDS_DEM,,,,NEEDS_DEM
labor_day_or2020,COOPSVTO3,SILVERTON,45.0058,-122.7739,OR,DROP_NO_WIND_DATA,ALL_SPD_NULL | ALL_GUST_NULL | GAP>24h,N/A,N/A,N/A,N/A,N/A,N/A,N/A,N/A,N/A,N/A,N/A,124.4,NEEDS_DEM,NEEDS_DEM,NEEDS_DEM,valley,elev_heuristic,no,NEEDS_INVERSION,NEEDS_BC,NEEDS_BC,NEEDS_BC,NEEDS_BC,NEEDS_BC,NEEDS_WN,NEEDS_WN,v3,v3_era,downslope_oregon,labo-C12,NEEDS_DEM,,,,NEEDS_DEM
labor_day_or2020,D5789,DW5789 Medford,42.32917,-122.80917,OR,DROP_NO_VALID_OBS,csv_had_no_nonzero_speed_or_bad_timestamp,N/A,N/A,N/A,N/A,N/A,N/A,N/A,N/A,N/A,N/A,N/A,1731.0,NEEDS_DEM,NEEDS_DEM,NEEDS_DEM,exposed_ridge,elev_heuristic,no,NEEDS_INVERSION,NEEDS_BC,NEEDS_BC,NEEDS_BC,NEEDS_BC,NEEDS_BC,NEEDS_WN,NEEDS_WN,v3,v3_era,downslope_oregon,ISOLATED,NEEDS_DEM,,,,NEEDS_DEM
labor_day_or2020,D6452,DW6452 Russellville,45.06933,-122.54033,OR,KEEP,,26.0,40.0,78.7,2020-09-08T08:03:00Z,2020-09-08T08:00Z,11.53,50.4,-14.47,0.443,-28.3,NEEDS_HRRR_TS,406.6,5.3,142.1,102.4,open,dem_verified,yes,NEEDS_INVERSION,53.4,33.86,700,NEEDS_BC,NEEDS_BC,NEEDS_WN,NEEDS_WN,v3,v3_era,downslope_oregon,labo-C21,69.45,0.3405,406.7,0.1,OK
labor_day_or2020,D7303,DW7303 Ashland,42.318,-122.98333,OR,KEEP,,2.0,3.0,286.5,2020-09-07T00:23:00Z,2020-09-07T00:00Z,4.53,27.2,2.53,2.265,100.7,NEEDS_HRRR_TS,1772.0,13.24,110.2,255.9,exposed_ridge,dem_flag,flag,NEEDS_INVERSION,277.4,16.06,700,NEEDS_BC,NEEDS_BC,NEEDS_WN,NEEDS_WN,v3,v3_era,downslope_oregon,labo-C03,128.8,0.2821,539.0,-1233.0,FLAG_LARGE_RESIDUAL
labor_day_or2020,DALO3,DALY LAKE,44.52147,-122.08718,OR,DROP_NO_WIND_DATA,ALL_SPD_NULL | ALL_GUST_NULL,N/A,N/A,N/A,N/A,N/A,N/A,N/A,N/A,N/A,N/A,N/A,1124.7,NEEDS_DEM,NEEDS_DEM,NEEDS_DEM,open,heuristic_unresolved,no,NEEDS_INVERSION,NEEDS_BC,NEEDS_BC,NEEDS_BC,NEEDS_BC,NEEDS_BC,NEEDS_WN,NEEDS_WN,v3,v3_era,downslope_oregon,labo-C29,NEEDS_DEM,,,,NEEDS_DEM
labor_day_or2020,DTRO,Detroit Lake,44.73,-122.17917,OR,KEEP,,5.82,21.92,101.7,2020-09-09T02:00:00Z,2020-09-09T02:00Z,4.13,24.6,-1.69,0.71,-77.1,NEEDS_HRRR_TS,510.5,11.86,339.9,406.5,exposed_ridge,dem_verified,yes,NEEDS_INVERSION,89.1,12.83,700,NEEDS_BC,NEEDS_BC,NEEDS_WN,NEEDS_WN,v3,v3_era,downslope_oregon,labo-C14,244.81,0.3219,504.5,-6.0,OK
labor_day_or2020,E1735,EW1735 Central Point,42.36633,-122.93083,OR,KEEP,,16.0,25.0,122.6,2020-09-08T20:23:00Z,2020-09-08T20:00Z,19.51,160.6,3.51,1.219,38.0,NEEDS_HRRR_TS,394.1,0.43,NEEDS_DEM,24.0,valley,dem_verified,yes,NEEDS_INVERSION,68.3,19.39,700,NEEDS_BC,NEEDS_BC,NEEDS_WN,NEEDS_WN,v3,v3_era,downslope_oregon,labo-C08,47.72,1.0062,394.1,0.0,OK
labor_day_or2020,E5447,EW5447 Eagle Point,42.51967,-122.88183,OR,KEEP,,9.0,13.0,301.5,2020-09-08T00:32:00Z,2020-09-08T00:00Z,9.92,6.1,0.92,1.102,64.6,NEEDS_HRRR_TS,411.6,1.29,314.1,77.5,valley,dem_verified,yes,NEEDS_INVERSION,12.6,17.31,700,NEEDS_BC,NEEDS_BC,NEEDS_WN,NEEDS_WN,v3,v3_era,downslope_oregon,labo-C30,23.17,0.5731,411.4,-0.2,OK
labor_day_or2020,E6204,EW6204 Scotts Mills,45.04267,-122.663,OR,CAUTION,GAP>14h,11.0,17.0,350.5,2020-09-07T21:45:00Z,2020-09-07T21:00Z,9.1,15.9,-1.9,0.827,25.4,NEEDS_HRRR_TS,160.4,1.82,186.9,120.0,open,dem_verified,yes,NEEDS_INVERSION,20.9,26.73,700,NEEDS_BC,NEEDS_BC,NEEDS_WN,NEEDS_WN,v3,v3_era,downslope_oregon,labo-C22,54.43,0.3404,161.2,0.8,OK
labor_day_or2020,E6414,EW6414 Mill City,44.75717,-122.46533,OR,KEEP,,4.0,11.0,226.1,2020-09-07T17:51:00Z,2020-09-07T17:00Z,4.65,259.7,0.65,1.163,33.6,NEEDS_HRRR_TS,305.1,9.59,32.3,173.4,open,dem_verified,yes,NEEDS_INVERSION,8.1,27.50,700,NEEDS_BC,NEEDS_BC,NEEDS_WN,NEEDS_WN,v3,v3_era,downslope_oregon,labo-C13,102.04,0.1691,304.5,-0.6,OK
labor_day_or2020,E6892,EW6892 Medford,42.317,-122.847,OR,KEEP,,5.99,10.0,231.8,2020-09-08T14:20:00Z,2020-09-08T14:00Z,5.68,55.4,-0.31,0.948,-176.4,NEEDS_HRRR_TS,1414.0,1.13,96.1,61.3,valley,dem_flag,flag,NEEDS_INVERSION,68.3,12.48,700,NEEDS_BC,NEEDS_BC,NEEDS_WN,NEEDS_WN,v3,v3_era,downslope_oregon,labo-C05,20.35,0.4551,428.5,-985.5,FLAG_LARGE_RESIDUAL
labor_day_or2020,F0539,FW0539 Silverton,44.92567,-122.65683,OR,KEEP,,14.99,23.0,18.6,2020-09-07T22:46:00Z,2020-09-07T22:00Z,10.84,41.0,-4.15,0.723,22.4,NEEDS_HRRR_TS,495.9,3.13,68.2,134.3,open,dem_verified,yes,NEEDS_INVERSION,11.3,27.09,700,NEEDS_BC,NEEDS_BC,NEEDS_WN,NEEDS_WN,v3,v3_era,downslope_oregon,labo-C31,67.48,0.4001,495.9,0.0,OK
labor_day_or2020,F1740,FW1740 Colton,45.16417,-122.47533,OR,KEEP,,9.0,16.0,137.2,2020-09-08T05:15:00Z,2020-09-08T05:00Z,17.18,80.9,8.18,1.909,-56.3,NEEDS_HRRR_TS,651.0,8.9,197.1,100.1,open,dem_flag,flag,NEEDS_INVERSION,49.9,41.35,700,NEEDS_BC,NEEDS_BC,NEEDS_WN,NEEDS_WN,v3,v3_era,downslope_oregon,labo-C32,44.39,0.4155,198.0,-453.0,FLAG_LARGE_RESIDUAL
labor_day_or2020,F2003,FW2003 MEDFORD,42.33617,-122.78883,OR,KEEP,,8.0,21.0,99.7,2020-09-08T22:00:00Z,2020-09-08T22:00Z,19.7,164.6,11.7,2.462,64.9,NEEDS_HRRR_TS,620.0,6.95,29.6,250.4,exposed_ridge,dem_verified,yes,NEEDS_INVERSION,64.1,16.44,700,NEEDS_BC,NEEDS_BC,NEEDS_WN,NEEDS_WN,v3,v3_era,downslope_oregon,labo-C05,138.73,1.1983,620.1,0.1,OK
labor_day_or2020,F4834,FW4834 Medford,42.33867,-122.80333,OR,KEEP,,22.0,34.01,134.1,2020-09-08T21:55:00Z,2020-09-08T21:00Z,23.83,164.1,1.83,1.083,30.0,NEEDS_HRRR_TS,552.0,13.66,119.8,246.6,exposed_ridge,dem_verified,yes,NEEDS_INVERSION,65.3,17.68,700,NEEDS_BC,NEEDS_BC,NEEDS_WN,NEEDS_WN,v3,v3_era,downslope_oregon,labo-C05,143.34,1.3479,553.9,1.9,OK
labor_day_or2020,HOPO3,HOGG PASS,44.42042,-121.85655,OR,DROP_NO_WIND_DATA,ALL_SPD_NULL | ALL_GUST_NULL,N/A,N/A,N/A,N/A,N/A,N/A,N/A,N/A,N/A,N/A,N/A,1460.0,NEEDS_DEM,NEEDS_DEM,NEEDS_DEM,exposed_ridge,name_heuristic,no,NEEDS_INVERSION,NEEDS_BC,NEEDS_BC,NEEDS_BC,NEEDS_BC,NEEDS_BC,NEEDS_WN,NEEDS_WN,v3,v3_era,downslope_oregon,labo-C33,NEEDS_DEM,,,,NEEDS_DEM
labor_day_or2020,HSFO3,HORSE CREEK,44.94081,-122.40081,OR,KEEP,,12.0,66.0,67.0,2020-09-08T17:27:00Z,2020-09-08T17:00Z,31.64,113.7,19.64,2.637,46.7,NEEDS_HRRR_TS,1027.8,7.03,204.3,495.1,exposed_ridge,dem_verified,yes,NEEDS_INVERSION,60.7,22.01,700,NEEDS_BC,NEEDS_BC,NEEDS_WN,NEEDS_WN,v3,v3_era,downslope_oregon,labo-C34,207.64,1.4375,1033.6,5.8,OK
labor_day_or2020,JOJO3,JUMP OFF JOE,44.38605,-122.15413,OR,DROP_NO_WIND_DATA,ALL_SPD_NULL | ALL_GUST_NULL,N/A,N/A,N/A,N/A,N/A,N/A,N/A,N/A,N/A,N/A,N/A,1072.9,NEEDS_DEM,NEEDS_DEM,NEEDS_DEM,open,heuristic_unresolved,no,NEEDS_INVERSION,NEEDS_BC,NEEDS_BC,NEEDS_BC,NEEDS_BC,NEEDS_BC,NEEDS_WN,NEEDS_WN,v3,v3_era,downslope_oregon,labo-C35,NEEDS_DEM,,,,NEEDS_DEM
labor_day_or2020,KMFR,Rogue Valley International Airport,42.37503,-122.87696,OR,KEEP,,34.52,40.28,152.3,2020-09-08T20:55:00Z,2020-09-08T20:00Z,16.93,168.4,-17.59,0.49,16.1,NEEDS_HRRR_TS,399.9,0.46,NEEDS_DEM,13.7,valley,dem_verified,yes,NEEDS_INVERSION,67.9,19.44,700,NEEDS_BC,NEEDS_BC,NEEDS_WN,NEEDS_WN,v3,v3_era,downslope_oregon,labo-C08,12.88,0.8709,400.3,0.4,OK
labor_day_or2020,LMDO3,LITTLE MEADOWS,44.61297,-122.22565,OR,DROP_NO_WIND_DATA,ALL_SPD_NULL | ALL_GUST_NULL,N/A,N/A,N/A,N/A,N/A,N/A,N/A,N/A,N/A,N/A,N/A,1225.3,NEEDS_DEM,NEEDS_DEM,NEEDS_DEM,open,heuristic_unresolved,no,NEEDS_INVERSION,NEEDS_BC,NEEDS_BC,NEEDS_BC,NEEDS_BC,NEEDS_BC,NEEDS_WN,NEEDS_WN,v3,v3_era,downslope_oregon,labo-C36,NEEDS_DEM,,,,NEEDS_DEM
labor_day_or2020,MDFO,MEDFORD,42.33111,-122.93778,OR,KEEP,,18.19,31.35,108.8,2020-09-08T14:45:00Z,2020-09-08T14:00Z,7.24,330.4,-10.95,0.398,-138.4,NEEDS_HRRR_TS,408.4,0.34,NEEDS_DEM,22.5,valley,dem_verified,yes,NEEDS_INVERSION,75.1,13.59,700,NEEDS_BC,NEEDS_BC,NEEDS_WN,NEEDS_WN,v3,v3_era,downslope_oregon,labo-C03,33.16,0.5327,431.2,22.8,OK
labor_day_or2020,MKZO3,MCKENZIE,44.2103,-121.87292,OR,DROP_NO_WIND_DATA,ALL_SPD_NULL | ALL_GUST_NULL | GAP>6h,N/A,N/A,N/A,N/A,N/A,N/A,N/A,N/A,N/A,N/A,N/A,1453.9,NEEDS_DEM,NEEDS_DEM,NEEDS_DEM,open,heuristic_unresolved,no,NEEDS_INVERSION,NEEDS_BC,NEEDS_BC,NEEDS_BC,NEEDS_BC,NEEDS_BC,NEEDS_WN,NEEDS_WN,v3,v3_era,downslope_oregon,labo-C37,NEEDS_DEM,,,,NEEDS_DEM
labor_day_or2020,MRFO3,MARION FORKS,44.59397,-121.97365,OR,DROP_NO_WIND_DATA,ALL_SPD_NULL | ALL_GUST_NULL | GAP>6h,N/A,N/A,N/A,N/A,N/A,N/A,N/A,N/A,N/A,N/A,N/A,789.4,NEEDS_DEM,NEEDS_DEM,NEEDS_DEM,open,heuristic_unresolved,no,NEEDS_INVERSION,NEEDS_BC,NEEDS_BC,NEEDS_BC,NEEDS_BC,NEEDS_BC,NEEDS_WN,NEEDS_WN,v3,v3_era,downslope_oregon,labo-C38,NEEDS_DEM,,,,NEEDS_DEM
labor_day_or2020,OD110,US20 EB at Santiam Pass MP80,44.42139,-121.85539,OR,KEEP,,27.96,40.93,270.0,2020-09-08T10:01:00Z,2020-09-08T10:00Z,34.68,98.7,6.72,1.24,-171.3,NEEDS_HRRR_TS,1464.9,3.34,181.0,128.3,open,dem_verified,yes,NEEDS_INVERSION,63.7,30.16,700,NEEDS_BC,NEEDS_BC,NEEDS_WN,NEEDS_WN,v3,v3_era,downslope_oregon,labo-C33,83.81,1.1499,1460.8,-4.1,OK
labor_day_or2020,OD115,I5 NB at East Pine MP32.78,42.37888,-122.90408,OR,KEEP,,8.06,12.08,338.0,2020-09-08T02:15:00Z,2020-09-08T02:00Z,8.43,358.5,0.37,1.046,20.5,NEEDS_HRRR_TS,383.1,0.54,170.3,18.0,valley,dem_verified,yes,NEEDS_INVERSION,13.2,16.93,700,NEEDS_BC,NEEDS_BC,NEEDS_WN,NEEDS_WN,v3,v3_era,downslope_oregon,labo-C08,8.16,0.4979,384.9,1.8,OK
labor_day_or2020,OD119,OR22 at Santiam Park MP25.44,44.77654,-122.56339,OR,KEEP,,8.95,14.1,84.0,2020-09-08T00:45:00Z,2020-09-08T00:00Z,10.06,84.0,1.11,1.124,0.0,NEEDS_HRRR_TS,302.1,4.04,208.6,290.6,exposed_ridge,dem_verified,yes,NEEDS_INVERSION,8.6,26.13,700,NEEDS_BC,NEEDS_BC,NEEDS_WN,NEEDS_WN,v3,v3_era,downslope_oregon,labo-C11,84.86,0.3850,281.1,-21.0,OK
labor_day_or2020,OD140,US20 WB at Santiam Jct MP74.8,44.43628,-121.93815,OR,KEEP,,16.11,29.08,90.0,2020-09-08T04:03:00Z,2020-09-08T04:00Z,31.41,105.4,15.3,1.95,15.4,NEEDS_HRRR_TS,1168.9,2.85,103.9,225.5,canyon_gap,dem_verified,yes,NEEDS_INVERSION,36.7,30.42,700,NEEDS_BC,NEEDS_BC,NEEDS_WN,NEEDS_WN,v3,v3_era,downslope_oregon,labo-C27,122.27,1.0325,1147.9,-21.0,OK
labor_day_or2020,OD159,OR126 EB at McKenzie MP47.14,44.17278,-122.22689,OR,CAUTION,SPARSE_SPD(67/104),8.95,23.04,90.0,2020-09-08T00:09:00Z,2020-09-08T00:00Z,10.77,83.6,1.82,1.203,-6.4,NEEDS_HRRR_TS,384.0,1.64,98.7,106.3,open,dem_verified,yes,NEEDS_INVERSION,6.0,22.89,700,NEEDS_BC,NEEDS_BC,NEEDS_WN,NEEDS_WN,v3,v3_era,downslope_oregon,labo-C25,139.65,0.4705,376.0,-8.0,OK
labor_day_or2020,ODT26,I5 SB at Medford Viaduct MP28.94,42.33142,-122.87054,OR,KEEP,,21.92,34.01,144.5,2020-09-08T20:45:00Z,2020-09-08T20:00Z,17.83,162.5,-4.09,0.813,18.0,NEEDS_HRRR_TS,413.0,1.97,102.6,21.0,valley,dem_verified,yes,NEEDS_INVERSION,68.0,19.13,700,NEEDS_BC,NEEDS_BC,NEEDS_WN,NEEDS_WN,v3,v3_era,downslope_oregon,labo-C10,15.62,0.9320,415.5,2.5,OK
labor_day_or2020,ODT50,US20 EB at Tombstone Summit MP 63.64,44.39548,-122.14151,OR,CAUTION,GAP>3h,25.95,34.01,54.5,2020-09-08T15:01:00Z,2020-09-08T15:00Z,21.82,93.2,-4.13,0.841,38.7,NEEDS_HRRR_TS,1314.9,7.9,265.3,516.0,exposed_ridge,dem_verified,yes,NEEDS_INVERSION,40.4,11.30,700,NEEDS_BC,NEEDS_BC,NEEDS_WN,NEEDS_WN,v3,v3_era,downslope_oregon,labo-C35,169.2,1.9310,1290.6,-24.3,OK
labor_day_or2020,ODT92,OR238 EB at Jacksonville Hill MP30.5,42.29126,-122.99404,OR,KEEP,,8.06,14.1,210.4,2020-09-08T15:35:00Z,2020-09-08T15:00Z,10.61,88.3,2.55,1.316,-122.1,NEEDS_HRRR_TS,663.9,12.45,94.6,229.4,exposed_ridge,dem_verified,yes,NEEDS_INVERSION,65.4,13.28,700,NEEDS_BC,NEEDS_BC,NEEDS_WN,NEEDS_WN,v3,v3_era,downslope_oregon,labo-C03,97.19,0.7989,661.4,-2.5,OK
labor_day_or2020,PEFO3,PEBBLE,44.23667,-121.995,OR,KEEP,,14.01,32.0,66.3,2020-09-08T02:53:00Z,2020-09-08T02:00Z,26.26,99.1,12.25,1.874,32.8,NEEDS_HRRR_TS,1053.7,4.74,55.9,139.3,open,dem_verified,yes,NEEDS_INVERSION,27.6,18.29,700,NEEDS_BC,NEEDS_BC,NEEDS_WN,NEEDS_WN,v3,v3_era,downslope_oregon,labo-C39,109.08,1.4358,1053.6,-0.1,OK
labor_day_or2020,RORO3,ROARING RIVER,43.90098,-122.03063,OR,DROP_NO_WIND_DATA,ALL_SPD_NULL | ALL_GUST_NULL | GAP>6h,N/A,N/A,N/A,N/A,N/A,N/A,N/A,N/A,N/A,N/A,N/A,1508.8,NEEDS_DEM,NEEDS_DEM,NEEDS_DEM,canyon_gap,name_heuristic,no,NEEDS_INVERSION,NEEDS_BC,NEEDS_BC,NEEDS_BC,NEEDS_BC,NEEDS_BC,NEEDS_WN,NEEDS_WN,v3,v3_era,downslope_oregon,labo-C40,NEEDS_DEM,,,,NEEDS_DEM
labor_day_or2020,SAJO3,SANTIAM JCT.,44.43503,-121.94502,OR,DROP_NO_WIND_DATA,ALL_SPD_NULL | ALL_GUST_NULL,N/A,N/A,N/A,N/A,N/A,N/A,N/A,N/A,N/A,N/A,N/A,1140.0,NEEDS_DEM,NEEDS_DEM,NEEDS_DEM,open,heuristic_unresolved,no,NEEDS_INVERSION,NEEDS_BC,NEEDS_BC,NEEDS_BC,NEEDS_BC,NEEDS_BC,NEEDS_WN,NEEDS_WN,v3,v3_era,downslope_oregon,labo-C27,NEEDS_DEM,,,,NEEDS_DEM
labor_day_or2020,SCMO3,Scotts Mills,44.9472,-122.5247,OR,DROP_NO_WIND_DATA,ALL_SPD_NULL | ALL_GUST_NULL,N/A,N/A,N/A,N/A,N/A,N/A,N/A,N/A,N/A,N/A,N/A,705.6,NEEDS_DEM,NEEDS_DEM,NEEDS_DEM,open,heuristic_unresolved,no,NEEDS_INVERSION,NEEDS_BC,NEEDS_BC,NEEDS_BC,NEEDS_BC,NEEDS_BC,NEEDS_WN,NEEDS_WN,v3,v3_era,downslope_oregon,labo-C28,NEEDS_DEM,,,,NEEDS_DEM
labor_day_or2020,SMTO3,SMITH RIDGE,44.30325,-122.04053,OR,DROP_NO_WIND_DATA,ALL_SPD_NULL | ALL_GUST_NULL,N/A,N/A,N/A,N/A,N/A,N/A,N/A,N/A,N/A,N/A,N/A,996.7,NEEDS_DEM,NEEDS_DEM,NEEDS_DEM,exposed_ridge,name_heuristic,no,NEEDS_INVERSION,NEEDS_BC,NEEDS_BC,NEEDS_BC,NEEDS_BC,NEEDS_BC,NEEDS_WN,NEEDS_WN,v3,v3_era,downslope_oregon,labo-C17,NEEDS_DEM,,,,NEEDS_DEM
labor_day_or2020,SYNO3,JORDAN,44.71756,-122.69225,OR,KEEP,,22.0,39.0,81.3,2020-09-08T07:13:00Z,2020-09-08T07:00Z,22.63,110.0,0.63,1.029,28.7,NEEDS_HRRR_TS,229.2,2.96,120.6,82.9,open,dem_verified,yes,NEEDS_INVERSION,61.8,30.25,700,NEEDS_BC,NEEDS_BC,NEEDS_WN,NEEDS_WN,v3,v3_era,downslope_oregon,labo-C41,32.34,0.7481,229.4,0.2,OK
labor_day_or2020,TCFO3,TROUT CREEK,44.11114,-122.57725,OR,KEEP,,14.99,22.0,83.0,2020-09-08T05:14:00Z,2020-09-08T05:00Z,16.08,129.8,1.09,1.073,46.8,NEEDS_HRRR_TS,691.9,12.62,330.3,414.6,exposed_ridge,dem_verified,yes,NEEDS_INVERSION,42.5,23.43,700,NEEDS_BC,NEEDS_BC,NEEDS_WN,NEEDS_WN,v3,v3_era,downslope_oregon,labo-C42,167.74,0.6863,689.9,-2.0,OK
labor_day_or2020,TCMO3,THREE CREEKS MEADOW,44.14425,-121.64095,OR,DROP_NO_WIND_DATA,ALL_SPD_NULL | ALL_GUST_NULL,N/A,N/A,N/A,N/A,N/A,N/A,N/A,N/A,N/A,N/A,N/A,1734.3,NEEDS_DEM,NEEDS_DEM,NEEDS_DEM,valley,name_heuristic,no,NEEDS_INVERSION,NEEDS_BC,NEEDS_BC,NEEDS_BC,NEEDS_BC,NEEDS_BC,NEEDS_WN,NEEDS_WN,v3,v3_era,downslope_oregon,labo-C43,NEEDS_DEM,,,,NEEDS_DEM
labor_day_or2020,USGSHY1755,SMITH RIVER ABV TRAIL BRDG RESV NR BELKNAP SPRINGS,44.28988889,-122.0485833,OR,DROP_NO_WIND_DATA,ALL_SPD_NULL | ALL_GUST_NULL,N/A,N/A,N/A,N/A,N/A,N/A,N/A,N/A,N/A,N/A,N/A,735.0,NEEDS_DEM,NEEDS_DEM,NEEDS_DEM,canyon_gap,name_heuristic,no,NEEDS_INVERSION,NEEDS_BC,NEEDS_BC,NEEDS_BC,NEEDS_BC,NEEDS_BC,NEEDS_WN,NEEDS_WN,v3,v3_era,downslope_oregon,labo-C44,NEEDS_DEM,,,,NEEDS_DEM
labor_day_or2020,USGSHY1788,"MCKENZIE RIVER BL PAYNE CR, NR BELKNAP SPRINGS, OR",44.28638889,-122.0368056,OR,DROP_NO_WIND_DATA,ALL_SPD_NULL | ALL_GUST_NULL,N/A,N/A,N/A,N/A,N/A,N/A,N/A,N/A,N/A,N/A,N/A,673.0,NEEDS_DEM,NEEDS_DEM,NEEDS_DEM,canyon_gap,name_heuristic,no,NEEDS_INVERSION,NEEDS_BC,NEEDS_BC,NEEDS_BC,NEEDS_BC,NEEDS_BC,NEEDS_WN,NEEDS_WN,v3,v3_era,downslope_oregon,labo-C44,NEEDS_DEM,,,,NEEDS_DEM
labor_day_or2020,USGSHY1841,"MCKENZIE RIVER ABOVE SOUTH FORK, NEAR RAINBOW, OR",44.16633,-122.25651,OR,DROP_NO_WIND_DATA,ALL_SPD_NULL | ALL_GUST_NULL,N/A,N/A,N/A,N/A,N/A,N/A,N/A,N/A,N/A,N/A,N/A,356.9,NEEDS_DEM,NEEDS_DEM,NEEDS_DEM,canyon_gap,name_heuristic,no,NEEDS_INVERSION,NEEDS_BC,NEEDS_BC,NEEDS_BC,NEEDS_BC,NEEDS_BC,NEEDS_WN,NEEDS_WN,v3,v3_era,downslope_oregon,labo-C25,NEEDS_DEM,,,,NEEDS_DEM
labor_day_or2020,USGSHY348,"FOSTER DAM TAILWATER AT FOSTER, OR",44.41479444,-122.6713556,OR,DROP_NO_WIND_DATA,ALL_SPD_NULL | ALL_GUST_NULL | GAP>4h,N/A,N/A,N/A,N/A,N/A,N/A,N/A,N/A,N/A,N/A,N/A,0.0,NEEDS_DEM,NEEDS_DEM,NEEDS_DEM,valley,elev_heuristic,no,NEEDS_INVERSION,NEEDS_BC,NEEDS_BC,NEEDS_BC,NEEDS_BC,NEEDS_BC,NEEDS_WN,NEEDS_WN,v3,v3_era,downslope_oregon,labo-C19,NEEDS_DEM,,,,NEEDS_DEM
labor_day_or2020,USGSHY356,"SOUTH FORK MCKENZIE RIVER NEAR RAINBOW, OR",44.13595817,-122.248391,OR,DROP_NO_WIND_DATA,ALL_SPD_NULL | ALL_GUST_NULL,N/A,N/A,N/A,N/A,N/A,N/A,N/A,N/A,N/A,N/A,N/A,376.9,NEEDS_DEM,NEEDS_DEM,NEEDS_DEM,canyon_gap,name_heuristic,no,NEEDS_INVERSION,NEEDS_BC,NEEDS_BC,NEEDS_BC,NEEDS_BC,NEEDS_BC,NEEDS_WN,NEEDS_WN,v3,v3_era,downslope_oregon,labo-C25,NEEDS_DEM,,,,NEEDS_DEM
labor_day_or2020,USGSHY358,"MCKENZIE R BLW TRAIL BR DAM NR BELKNAP SPRINGS, OR",44.2679001,-122.0497826,OR,DROP_NO_WIND_DATA,ALL_SPD_NULL | ALL_GUST_NULL,N/A,N/A,N/A,N/A,N/A,N/A,N/A,N/A,N/A,N/A,N/A,603.5,NEEDS_DEM,NEEDS_DEM,NEEDS_DEM,open,heuristic_unresolved,no,NEEDS_INVERSION,NEEDS_BC,NEEDS_BC,NEEDS_BC,NEEDS_BC,NEEDS_BC,NEEDS_WN,NEEDS_WN,v3,v3_era,downslope_oregon,labo-C44,NEEDS_DEM,,,,NEEDS_DEM
labor_day_or2020,USGSHY360,"THOMAS CREEK NEAR SCIO, OR",44.71206687,-122.7700878,OR,DROP_NO_WIND_DATA,ALL_SPD_NULL | ALL_GUST_NULL,N/A,N/A,N/A,N/A,N/A,N/A,N/A,N/A,N/A,N/A,N/A,112.8,NEEDS_DEM,NEEDS_DEM,NEEDS_DEM,canyon_gap,name_heuristic,no,NEEDS_INVERSION,NEEDS_BC,NEEDS_BC,NEEDS_BC,NEEDS_BC,NEEDS_BC,NEEDS_WN,NEEDS_WN,v3,v3_era,downslope_oregon,labo-C45,NEEDS_DEM,,,,NEEDS_DEM
labor_day_or2020,USGSHY363,"LOOKOUT CREEK NEAR BLUE RIVER, OR",44.2095708,-122.256733,OR,DROP_NO_WIND_DATA,ALL_SPD_NULL | ALL_GUST_NULL,N/A,N/A,N/A,N/A,N/A,N/A,N/A,N/A,N/A,N/A,N/A,419.9,NEEDS_DEM,NEEDS_DEM,NEEDS_DEM,canyon_gap,name_heuristic,no,NEEDS_INVERSION,NEEDS_BC,NEEDS_BC,NEEDS_BC,NEEDS_BC,NEEDS_BC,NEEDS_WN,NEEDS_WN,v3,v3_era,downslope_oregon,labo-C46,NEEDS_DEM,,,,NEEDS_DEM
labor_day_or2020,USGSHY366,"GREEN PETER DAM TAILWATER NEAR FOSTER, OR",44.4492944,-122.5496667,OR,DROP_NO_WIND_DATA,ALL_SPD_NULL | ALL_GUST_NULL,N/A,N/A,N/A,N/A,N/A,N/A,N/A,N/A,N/A,N/A,N/A,0.0,NEEDS_DEM,NEEDS_DEM,NEEDS_DEM,valley,elev_heuristic,no,NEEDS_INVERSION,NEEDS_BC,NEEDS_BC,NEEDS_BC,NEEDS_BC,NEEDS_BC,NEEDS_WN,NEEDS_WN,v3,v3_era,downslope_oregon,labo-C47,NEEDS_DEM,,,,NEEDS_DEM
labor_day_or2020,USGSHY367,"NORTH SANTIAM RIVER AT MEHAMA, OR",44.78925,-122.61881,OR,DROP_NO_WIND_DATA,ALL_SPD_NULL | ALL_GUST_NULL,N/A,N/A,N/A,N/A,N/A,N/A,N/A,N/A,N/A,N/A,N/A,184.6,NEEDS_DEM,NEEDS_DEM,NEEDS_DEM,canyon_gap,name_heuristic,no,NEEDS_INVERSION,NEEDS_BC,NEEDS_BC,NEEDS_BC,NEEDS_BC,NEEDS_BC,NEEDS_WN,NEEDS_WN,v3,v3_era,downslope_oregon,labo-C11,NEEDS_DEM,,,,NEEDS_DEM
labor_day_or2020,USGSHY379,"SOUTH SANTIAM RIVER NEAR FOSTER, OR",44.4123468,-122.6886956,OR,DROP_NO_WIND_DATA,ALL_SPD_NULL | ALL_GUST_NULL,N/A,N/A,N/A,N/A,N/A,N/A,N/A,N/A,N/A,N/A,N/A,161.5,NEEDS_DEM,NEEDS_DEM,NEEDS_DEM,canyon_gap,name_heuristic,no,NEEDS_INVERSION,NEEDS_BC,NEEDS_BC,NEEDS_BC,NEEDS_BC,NEEDS_BC,NEEDS_WN,NEEDS_WN,v3,v3_era,downslope_oregon,labo-C19,NEEDS_DEM,,,,NEEDS_DEM
labor_day_or2020,USGSHY386,"MIDDLE SANTIAM R NEAR CASCADIA, OR",44.5151239,-122.3720249,OR,DROP_NO_WIND_DATA,ALL_SPD_NULL | ALL_GUST_NULL,N/A,N/A,N/A,N/A,N/A,N/A,N/A,N/A,N/A,N/A,N/A,317.0,NEEDS_DEM,NEEDS_DEM,NEEDS_DEM,open,heuristic_unresolved,no,NEEDS_INVERSION,NEEDS_BC,NEEDS_BC,NEEDS_BC,NEEDS_BC,NEEDS_BC,NEEDS_WN,NEEDS_WN,v3,v3_era,downslope_oregon,labo-C48,NEEDS_DEM,,,,NEEDS_DEM
labor_day_or2020,USGSHY405,"BLUE RIVER AT BLUE RIVER, OR",44.16234819,-122.3331192,OR,DROP_NO_WIND_DATA,ALL_SPD_NULL | ALL_GUST_NULL,N/A,N/A,N/A,N/A,N/A,N/A,N/A,N/A,N/A,N/A,N/A,322.0,NEEDS_DEM,NEEDS_DEM,NEEDS_DEM,canyon_gap,name_heuristic,no,NEEDS_INVERSION,NEEDS_BC,NEEDS_BC,NEEDS_BC,NEEDS_BC,NEEDS_BC,NEEDS_WN,NEEDS_WN,v3,v3_era,downslope_oregon,labo-C02,NEEDS_DEM,,,,NEEDS_DEM
labor_day_or2020,USGSHY406,"BIG CLIFF DAM TAILWATER NEAR NIAGARA, OR",44.7514861,-122.2833778,OR,DROP_NO_WIND_DATA,ALL_SPD_NULL | ALL_GUST_NULL,N/A,N/A,N/A,N/A,N/A,N/A,N/A,N/A,N/A,N/A,N/A,0.0,NEEDS_DEM,NEEDS_DEM,NEEDS_DEM,valley,elev_heuristic,no,NEEDS_INVERSION,NEEDS_BC,NEEDS_BC,NEEDS_BC,NEEDS_BC,NEEDS_BC,NEEDS_WN,NEEDS_WN,v3,v3_era,downslope_oregon,labo-C26,NEEDS_DEM,,,,NEEDS_DEM
labor_day_or2020,USGSHY407,"SMITH RIVER ABV SMITH R RESV,NR BELKNAP SPRNGS,OR",44.3345666,-122.0470074,OR,DROP_NO_WIND_DATA,ALL_SPD_NULL | ALL_GUST_NULL,N/A,N/A,N/A,N/A,N/A,N/A,N/A,N/A,N/A,N/A,N/A,795.5,NEEDS_DEM,NEEDS_DEM,NEEDS_DEM,canyon_gap,name_heuristic,no,NEEDS_INVERSION,NEEDS_BC,NEEDS_BC,NEEDS_BC,NEEDS_BC,NEEDS_BC,NEEDS_WN,NEEDS_WN,v3,v3_era,downslope_oregon,labo-C17,NEEDS_DEM,,,,NEEDS_DEM
labor_day_or2020,USGSHY437,"MCKENZIE RIVER NEAR VIDA, OR",44.1248487,-122.47062,OR,DROP_NO_WIND_DATA,ALL_SPD_NULL | ALL_GUST_NULL,N/A,N/A,N/A,N/A,N/A,N/A,N/A,N/A,N/A,N/A,N/A,260.8,NEEDS_DEM,NEEDS_DEM,NEEDS_DEM,canyon_gap,name_heuristic,no,NEEDS_INVERSION,NEEDS_BC,NEEDS_BC,NEEDS_BC,NEEDS_BC,NEEDS_BC,NEEDS_WN,NEEDS_WN,v3,v3_era,downslope_oregon,labo-C24,NEEDS_DEM,,,,NEEDS_DEM
labor_day_or2020,USGSHY441,"BEAR CREEK AT MEDFORD, OR",42.32401547,-122.8667057,OR,DROP_NO_WIND_DATA,ALL_SPD_NULL | ALL_GUST_NULL,N/A,N/A,N/A,N/A,N/A,N/A,N/A,N/A,N/A,N/A,N/A,409.4,NEEDS_DEM,NEEDS_DEM,NEEDS_DEM,canyon_gap,name_heuristic,no,NEEDS_INVERSION,NEEDS_BC,NEEDS_BC,NEEDS_BC,NEEDS_BC,NEEDS_BC,NEEDS_WN,NEEDS_WN,v3,v3_era,downslope_oregon,labo-C05,NEEDS_DEM,,,,NEEDS_DEM
labor_day_or2020,USGSHY452,"QUARTZVILLE CREEK NEAR CASCADIA, OR",44.54012357,-122.4359155,OR,DROP_NO_WIND_DATA,ALL_SPD_NULL | ALL_GUST_NULL,N/A,N/A,N/A,N/A,N/A,N/A,N/A,N/A,N/A,N/A,N/A,320.0,NEEDS_DEM,NEEDS_DEM,NEEDS_DEM,canyon_gap,name_heuristic,no,NEEDS_INVERSION,NEEDS_BC,NEEDS_BC,NEEDS_BC,NEEDS_BC,NEEDS_BC,NEEDS_WN,NEEDS_WN,v3,v3_era,downslope_oregon,labo-C49,NEEDS_DEM,,,,NEEDS_DEM
labor_day_or2020,USGSHY454,"COUGAR DAM TAILWATER NEAR RAINBOW, OR",44.1305472,-122.2435889,OR,DROP_NO_WIND_DATA,ALL_SPD_NULL | ALL_GUST_NULL,N/A,N/A,N/A,N/A,N/A,N/A,N/A,N/A,N/A,N/A,N/A,0.0,NEEDS_DEM,NEEDS_DEM,NEEDS_DEM,valley,elev_heuristic,no,NEEDS_INVERSION,NEEDS_BC,NEEDS_BC,NEEDS_BC,NEEDS_BC,NEEDS_BC,NEEDS_WN,NEEDS_WN,v3,v3_era,downslope_oregon,labo-C25,NEEDS_DEM,,,,NEEDS_DEM
labor_day_or2020,USGSHY455,"LITTLE NORTH SANTIAM RIVER NEAR MEHAMA, OR",44.7915108,-122.5789738,OR,DROP_NO_WIND_DATA,ALL_SPD_NULL | ALL_GUST_NULL,N/A,N/A,N/A,N/A,N/A,N/A,N/A,N/A,N/A,N/A,N/A,199.8,NEEDS_DEM,NEEDS_DEM,NEEDS_DEM,canyon_gap,name_heuristic,no,NEEDS_INVERSION,NEEDS_BC,NEEDS_BC,NEEDS_BC,NEEDS_BC,NEEDS_BC,NEEDS_WN,NEEDS_WN,v3,v3_era,downslope_oregon,labo-C11,NEEDS_DEM,,,,NEEDS_DEM
labor_day_or2020,USGSHY456,"BREITENBUSH R ABV FRENCH CR NR DETROIT, OR.",44.75262179,-122.1289648,OR,DROP_NO_WIND_DATA,ALL_SPD_NULL | ALL_GUST_NULL,N/A,N/A,N/A,N/A,N/A,N/A,N/A,N/A,N/A,N/A,N/A,479.7,NEEDS_DEM,NEEDS_DEM,NEEDS_DEM,open,heuristic_unresolved,no,NEEDS_INVERSION,NEEDS_BC,NEEDS_BC,NEEDS_BC,NEEDS_BC,NEEDS_BC,NEEDS_WN,NEEDS_WN,v3,v3_era,downslope_oregon,labo-C50,NEEDS_DEM,,,,NEEDS_DEM
labor_day_or2020,USGSHY462,"NO SANTIAM R BLW BOULDER CRK, NR DETROIT, OR",44.7067885,-122.1011859,OR,DROP_NO_WIND_DATA,ALL_SPD_NULL | ALL_GUST_NULL,N/A,N/A,N/A,N/A,N/A,N/A,N/A,N/A,N/A,N/A,N/A,484.7,NEEDS_DEM,NEEDS_DEM,NEEDS_DEM,open,heuristic_unresolved,no,NEEDS_INVERSION,NEEDS_BC,NEEDS_BC,NEEDS_BC,NEEDS_BC,NEEDS_BC,NEEDS_WN,NEEDS_WN,v3,v3_era,downslope_oregon,labo-C51,NEEDS_DEM,,,,NEEDS_DEM
labor_day_or2020,USGSHY485,"MCKENZIE RIVER BLW LEABURG DAM, NR LEABURG, OR",44.123738,-122.6275715,OR,DROP_NO_WIND_DATA,ALL_SPD_NULL | ALL_GUST_NULL | GAP>3h,N/A,N/A,N/A,N/A,N/A,N/A,N/A,N/A,N/A,N/A,N/A,216.4,NEEDS_DEM,NEEDS_DEM,NEEDS_DEM,canyon_gap,name_heuristic,no,NEEDS_INVERSION,NEEDS_BC,NEEDS_BC,NEEDS_BC,NEEDS_BC,NEEDS_BC,NEEDS_WN,NEEDS_WN,v3,v3_era,downslope_oregon,labo-C42,NEEDS_DEM,,,,NEEDS_DEM
labor_day_or2020,USGSHY489,"SCHAFER CREEK NEAR LACOMB, OR",44.61956728,-122.4659162,OR,DROP_NO_WIND_DATA,ALL_SPD_NULL | ALL_GUST_NULL,N/A,N/A,N/A,N/A,N/A,N/A,N/A,N/A,N/A,N/A,N/A,883.9,NEEDS_DEM,NEEDS_DEM,NEEDS_DEM,canyon_gap,name_heuristic,no,NEEDS_INVERSION,NEEDS_BC,NEEDS_BC,NEEDS_BC,NEEDS_BC,NEEDS_BC,NEEDS_WN,NEEDS_WN,v3,v3_era,downslope_oregon,labo-C52,NEEDS_DEM,,,,NEEDS_DEM
labor_day_or2020,USGSHY496,"ROGUE RIVER AT RAYGOLD NEAR CENTRAL POINT, OR",42.43734597,-122.9872678,OR,DROP_NO_WIND_DATA,ALL_SPD_NULL | ALL_GUST_NULL,N/A,N/A,N/A,N/A,N/A,N/A,N/A,N/A,N/A,N/A,N/A,341.9,NEEDS_DEM,NEEDS_DEM,NEEDS_DEM,canyon_gap,name_heuristic,no,NEEDS_INVERSION,NEEDS_BC,NEEDS_BC,NEEDS_BC,NEEDS_BC,NEEDS_BC,NEEDS_WN,NEEDS_WN,v3,v3_era,downslope_oregon,labo-C53,NEEDS_DEM,,,,NEEDS_DEM
labor_day_or2020,USGSHY513,"NORTH SANTIAM RIVER AT NIAGARA, OR",44.75377778,-122.2974444,OR,DROP_NO_WIND_DATA,ALL_SPD_NULL | ALL_GUST_NULL,N/A,N/A,N/A,N/A,N/A,N/A,N/A,N/A,N/A,N/A,N/A,333.4,NEEDS_DEM,NEEDS_DEM,NEEDS_DEM,canyon_gap,name_heuristic,no,NEEDS_INVERSION,NEEDS_BC,NEEDS_BC,NEEDS_BC,NEEDS_BC,NEEDS_BC,NEEDS_WN,NEEDS_WN,v3,v3_era,downslope_oregon,labo-C26,NEEDS_DEM,,,,NEEDS_DEM
labor_day_or2020,USGSHY516,"WILEY CREEK NEAR FOSTER, OR",44.37234769,-122.6231384,OR,DROP_NO_WIND_DATA,ALL_SPD_NULL | ALL_GUST_NULL,N/A,N/A,N/A,N/A,N/A,N/A,N/A,N/A,N/A,N/A,N/A,219.5,NEEDS_DEM,NEEDS_DEM,NEEDS_DEM,canyon_gap,name_heuristic,no,NEEDS_INVERSION,NEEDS_BC,NEEDS_BC,NEEDS_BC,NEEDS_BC,NEEDS_BC,NEEDS_WN,NEEDS_WN,v3,v3_era,downslope_oregon,labo-C54,NEEDS_DEM,,,,NEEDS_DEM
labor_day_or2020,USGSHY523,"DETROIT DAM TAILWATER NEAR DETROIT, OR",44.722,-122.251,OR,DROP_NO_WIND_DATA,ALL_SPD_NULL | ALL_GUST_NULL,N/A,N/A,N/A,N/A,N/A,N/A,N/A,N/A,N/A,N/A,N/A,0.0,NEEDS_DEM,NEEDS_DEM,NEEDS_DEM,valley,elev_heuristic,no,NEEDS_INVERSION,NEEDS_BC,NEEDS_BC,NEEDS_BC,NEEDS_BC,NEEDS_BC,NEEDS_WN,NEEDS_WN,v3,v3_era,downslope_oregon,labo-C26,NEEDS_DEM,,,,NEEDS_DEM
labor_day_or2020,USGSHY527,"BLUE RIVER BELOW TIDBITS CREEK, NR BLUE RIVER, OR",44.2179043,-122.2650676,OR,DROP_NO_WIND_DATA,ALL_SPD_NULL | ALL_GUST_NULL,N/A,N/A,N/A,N/A,N/A,N/A,N/A,N/A,N/A,N/A,N/A,422.7,NEEDS_DEM,NEEDS_DEM,NEEDS_DEM,canyon_gap,name_heuristic,no,NEEDS_INVERSION,NEEDS_BC,NEEDS_BC,NEEDS_BC,NEEDS_BC,NEEDS_BC,NEEDS_WN,NEEDS_WN,v3,v3_era,downslope_oregon,labo-C46,NEEDS_DEM,,,,NEEDS_DEM
labor_day_or2020,USGSHY528,"APPLEGATE RIVER NEAR APPLEGATE, OR",42.2415113,-123.1400485,OR,DROP_NO_WIND_DATA,ALL_SPD_NULL | ALL_GUST_NULL,N/A,N/A,N/A,N/A,N/A,N/A,N/A,N/A,N/A,N/A,N/A,391.8,NEEDS_DEM,NEEDS_DEM,NEEDS_DEM,canyon_gap,name_heuristic,no,NEEDS_INVERSION,NEEDS_BC,NEEDS_BC,NEEDS_BC,NEEDS_BC,NEEDS_BC,NEEDS_WN,NEEDS_WN,v3,v3_era,downslope_oregon,labo-C55,NEEDS_DEM,,,,NEEDS_DEM
labor_day_or2020,USGSHY545,"MIDDLE SANTIAM R BLW GREEN PETER DAM NR FOSTER, OR",44.44818005,-122.5503613,OR,DROP_NO_WIND_DATA,ALL_SPD_NULL | ALL_GUST_NULL,N/A,N/A,N/A,N/A,N/A,N/A,N/A,N/A,N/A,N/A,N/A,0.0,NEEDS_DEM,NEEDS_DEM,NEEDS_DEM,valley,elev_heuristic,no,NEEDS_INVERSION,NEEDS_BC,NEEDS_BC,NEEDS_BC,NEEDS_BC,NEEDS_BC,NEEDS_WN,NEEDS_WN,v3,v3_era,downslope_oregon,labo-C47,NEEDS_DEM,,,,NEEDS_DEM
labor_day_or2020,USGSHY552,SO FK MCKENZIE RIVER ABV COUGAR LAKE NR RAINBOW OR,44.047067,-122.2178245,OR,DROP_NO_WIND_DATA,ALL_SPD_NULL | ALL_GUST_NULL,N/A,N/A,N/A,N/A,N/A,N/A,N/A,N/A,N/A,N/A,N/A,521.1,NEEDS_DEM,NEEDS_DEM,NEEDS_DEM,canyon_gap,name_heuristic,no,NEEDS_INVERSION,NEEDS_BC,NEEDS_BC,NEEDS_BC,NEEDS_BC,NEEDS_BC,NEEDS_WN,NEEDS_WN,v3,v3_era,downslope_oregon,labo-C56,NEEDS_DEM,,,,NEEDS_DEM
labor_day_or2020,USGSHY560,"MCKENZIE RIVER AT OUTLET OF CLEAR LAKE, OR",44.3609545,-121.9956172,OR,DROP_NO_WIND_DATA,ALL_SPD_NULL | ALL_GUST_NULL,N/A,N/A,N/A,N/A,N/A,N/A,N/A,N/A,N/A,N/A,N/A,919.1,NEEDS_DEM,NEEDS_DEM,NEEDS_DEM,canyon_gap,name_heuristic,no,NEEDS_INVERSION,NEEDS_BC,NEEDS_BC,NEEDS_BC,NEEDS_BC,NEEDS_BC,NEEDS_WN,NEEDS_WN,v3,v3_era,downslope_oregon,labo-C57,NEEDS_DEM,,,,NEEDS_DEM
labor_day_or2020,USGSHY564,"BULL CREEK NEAR WILHOIT, OR",44.9609,-122.385,OR,DROP_NO_WIND_DATA,ALL_SPD_NULL | ALL_GUST_NULL,N/A,N/A,N/A,N/A,N/A,N/A,N/A,N/A,N/A,N/A,N/A,506.0,NEEDS_DEM,NEEDS_DEM,NEEDS_DEM,canyon_gap,name_heuristic,no,NEEDS_INVERSION,NEEDS_BC,NEEDS_BC,NEEDS_BC,NEEDS_BC,NEEDS_BC,NEEDS_WN,NEEDS_WN,v3,v3_era,downslope_oregon,labo-C34,NEEDS_DEM,,,,NEEDS_DEM
labor_day_or2020,USGSHY569,"BLOWOUT CREEK NEAR DETROIT, OR",44.65289999,-122.130908,OR,DROP_NO_WIND_DATA,ALL_SPD_NULL | ALL_GUST_NULL,N/A,N/A,N/A,N/A,N/A,N/A,N/A,N/A,N/A,N/A,N/A,560.8,NEEDS_DEM,NEEDS_DEM,NEEDS_DEM,canyon_gap,name_heuristic,no,NEEDS_INVERSION,NEEDS_BC,NEEDS_BC,NEEDS_BC,NEEDS_BC,NEEDS_BC,NEEDS_WN,NEEDS_WN,v3,v3_era,downslope_oregon,labo-C58,NEEDS_DEM,,,,NEEDS_DEM
labor_day_or2020,USGSHY581,"SOUTH SANTIAM RIVER BELOW CASCADIA, OR",44.39179225,-122.4975817,OR,DROP_NO_WIND_DATA,ALL_SPD_NULL | ALL_GUST_NULL,N/A,N/A,N/A,N/A,N/A,N/A,N/A,N/A,N/A,N/A,N/A,236.2,NEEDS_DEM,NEEDS_DEM,NEEDS_DEM,canyon_gap,name_heuristic,no,NEEDS_INVERSION,NEEDS_BC,NEEDS_BC,NEEDS_BC,NEEDS_BC,NEEDS_BC,NEEDS_WN,NEEDS_WN,v3,v3_era,downslope_oregon,labo-C59,NEEDS_DEM,,,,NEEDS_DEM
labor_day_or2020,USGSHY595,"ROGUE RIVER AT DODGE BRIDGE, NEAR EAGLE POINT, OR",42.5248471,-122.8428203,OR,DROP_NO_WIND_DATA,ALL_SPD_NULL | ALL_GUST_NULL,N/A,N/A,N/A,N/A,N/A,N/A,N/A,N/A,N/A,N/A,N/A,387.7,NEEDS_DEM,NEEDS_DEM,NEEDS_DEM,canyon_gap,name_heuristic,no,NEEDS_INVERSION,NEEDS_BC,NEEDS_BC,NEEDS_BC,NEEDS_BC,NEEDS_BC,NEEDS_WN,NEEDS_WN,v3,v3_era,downslope_oregon,labo-C30,NEEDS_DEM,,,,NEEDS_DEM
labor_day_or2020,WPKO3,WANDERERS PEAK,45.10919,-122.19641,OR,KEEP,,16.0,40.0,108.7,2020-09-08T07:07:00Z,2020-09-08T07:00Z,13.21,183.6,-2.79,0.826,74.9,NEEDS_HRRR_TS,1302.7,26.53,313.0,584.2,exposed_ridge,dem_verified,yes,NEEDS_INVERSION,59.3,36.40,700,NEEDS_BC,NEEDS_BC,NEEDS_WN,NEEDS_WN,v3,v3_era,downslope_oregon,labo-C60,256.33,0.3629,1302.7,0.0,OK
labor_day_or2020,YEFO3,YELLOWSTONE MTN.,44.59222,-122.42778,OR,KEEP,,5.99,19.0,32.7,2020-09-08T03:17:00Z,2020-09-08T03:00Z,6.53,42.2,0.54,1.09,9.5,NEEDS_HRRR_TS,950.7,3.83,274.5,372.3,canyon_gap,dem_verified,yes,NEEDS_INVERSION,42.6,23.11,700,NEEDS_BC,NEEDS_BC,NEEDS_WN,NEEDS_WN,v3,v3_era,downslope_oregon,labo-C52,230.8,0.2826,953.4,2.7,OK
marshall_2021,AENC2,ARSENAL,39.82425,-104.85572,CO,KEEP,,21.0,29.0,282.4,2021-12-30T20:56:00Z,2021-12-30T20:00Z,17.3,293.9,-3.7,0.824,11.5,NEEDS_HRRR_TS,1602.3,1.71,36.9,31.4,valley,dem_verified,yes,NEEDS_INVERSION,278.3,38.50,700,NEEDS_BC,NEEDS_BC,NEEDS_WN,NEEDS_WN,v4,v4_era,chinook_frontrange,mars-C01,9.64,0.4494,1600.1,-2.2,OK
marshall_2021,BTAC2,SUGARLOAF,40.01806,-105.36139,CO,KEEP,,23.0,52.0,218.3,2021-12-30T21:25:00Z,2021-12-30T21:00Z,42.15,267.2,19.15,1.833,48.9,NEEDS_HRRR_TS,2052.2,12.0,315.1,359.4,exposed_ridge,dem_verified,yes,NEEDS_INVERSION,274.8,67.70,700,NEEDS_BC,NEEDS_BC,NEEDS_WN,NEEDS_WN,v4,v4_era,chinook_frontrange,mars-C02,137.69,0.6226,2049.6,-2.6,OK
marshall_2021,CEKC2,CORRAL CREEK,39.64,-105.46472,CO,KEEP,,34.99,62.0,308.7,2021-12-30T17:58:00Z,2021-12-30T17:00Z,22.08,273.8,-12.91,0.631,-34.9,NEEDS_HRRR_TS,2463.1,10.79,12.5,293.7,exposed_ridge,dem_verified,yes,NEEDS_INVERSION,285.0,46.38,700,NEEDS_BC,NEEDS_BC,NEEDS_WN,NEEDS_WN,v4,v4_era,chinook_frontrange,mars-C03,184.25,0.4761,2441.4,-21.7,OK
marshall_2021,CTPC2,CARPENTER PEAK,39.41908,-105.08406,CO,KEEP,,34.01,57.0,239.0,2021-12-30T21:57:00Z,2021-12-30T21:00Z,30.42,266.4,-3.59,0.894,27.4,NEEDS_HRRR_TS,2154.0,3.33,21.0,313.2,canyon_gap,dem_verified,yes,NEEDS_INVERSION,269.4,60.33,700,NEEDS_BC,NEEDS_BC,NEEDS_WN,NEEDS_WN,v4,v4_era,chinook_frontrange,mars-C04,132.43,0.5042,2149.9,-4.1,OK
marshall_2021,DMTC2,DUMONT,39.765,-105.59694,CO,KEEP,,19.0,31.0,300.7,2021-12-30T21:29:00Z,2021-12-30T21:00Z,18.13,306.6,-0.87,0.954,5.9,NEEDS_HRRR_TS,2430.2,18.02,356.5,405.7,exposed_ridge,dem_verified,yes,NEEDS_INVERSION,286.4,33.59,700,NEEDS_BC,NEEDS_BC,NEEDS_WN,NEEDS_WN,v4,v4_era,chinook_frontrange,mars-C05,153.37,0.5397,2436.6,6.4,OK
marshall_2021,LOOC2,LOOKOUT MOUNTAIN,39.72417,-105.25028,CO,KEEP,,29.0,65.0,278.3,2021-12-30T19:10:00Z,2021-12-30T19:00Z,38.2,281.7,9.2,1.317,3.4,NEEDS_HRRR_TS,2287.2,6.34,293.9,234.7,exposed_ridge,dem_verified,yes,NEEDS_INVERSION,281.7,65.76,700,NEEDS_BC,NEEDS_BC,NEEDS_WN,NEEDS_WN,v4,v4_era,chinook_frontrange,mars-C06,142.39,0.5809,2295.3,8.1,OK
marshall_2021,PKLC2,PICKLE GULCH,39.84444,-105.51722,CO,KEEP,,20.0,39.0,264.1,2021-12-30T14:24:00Z,2021-12-30T14:00Z,10.34,230.0,-9.66,0.517,-34.1,NEEDS_HRRR_TS,2859.0,10.68,355.8,233.8,exposed_ridge,dem_verified,yes,NEEDS_INVERSION,283.7,43.53,700,NEEDS_BC,NEEDS_BC,NEEDS_WN,NEEDS_WN,v4,v4_era,chinook_frontrange,mars-C07,145.75,0.2375,2835.1,-23.9,OK
marshall_2021,SOPC2,PSF1 SOUTH PLATTE QD,39.51244,-105.541,CO,KEEP,,10.0,36.0,300.3,2021-12-30T19:55:00Z,2021-12-30T19:00Z,26.72,277.3,16.72,2.672,-23.0,NEEDS_HRRR_TS,2814.8,5.76,284.0,239.2,exposed_ridge,dem_verified,yes,NEEDS_INVERSION,283.6,32.58,700,NEEDS_BC,NEEDS_BC,NEEDS_WN,NEEDS_WN,v4,v4_era,chinook_frontrange,mars-C08,142.46,0.8201,2800.0,-14.8,OK
missoula_dec2025,BLMM8,BLUE MTN,46.82073,-114.10089,MT,CAUTION,Dec 17 2025 NW downslope corrected; SE flow + 5.2 mph near-calm = Blackfoot Valley cold pool decoupled; DROP_DATE_ERROR resolved,5.21,15.64,135.0,2025-12-17T19:01:00Z,19,12.27,287.0,7.06,1.744,165.1,NEEDS_HRRR_TS,1040.0,6.0,289.5,266.1,exposed_ridge,dem_verified,yes,below,282.1,74.02,700,NEEDS_BC,NEEDS_BC,NEEDS_WN,NEEDS_WN,v4,v4_era,continental_downslope,miss-C01,114.01,0.1658,1032.8,-7.2,OK
missoula_dec2025,CONM8,CONDON WORK CENTER,47.53611,-113.71722,MT,KEEP,Dec 17 2025 NW downslope corrected; Swan Valley NW flow 16.5 mph valid; DROP_DATE_ERROR resolved,16.51,48.66,308.0,2025-12-17T17:08:00Z,17,12.05,295.3,-4.46,0.603,37.7,NEEDS_HRRR_TS,1122.9,1.96,47.2,37.9,valley,dem_verified,yes,below,275.9,80.33,700,NEEDS_BC,NEEDS_BC,NEEDS_WN,NEEDS_WN,v4,v4_era,continental_downslope,miss-C02,23.6,0.1500,1124.7,1.8,OK
missoula_dec2025,FINM8,FINNEYS MEADOW QD,47.04593,-114.11207,MT,CAUTION,Dec 17 2025 NW downslope corrected; SW flow + 7 mph near-calm = Florence-Lolo valley sheltered; DROP_DATE_ERROR resolved,6.95,13.90,225.0,2025-12-17T17:28:00Z,17,14.89,257.4,7.94,1.286,11.6,NEEDS_HRRR_TS,1353.6,2.14,302.3,249.2,canyon_gap,dem_verified,yes,below,275.2,75.46,700,NEEDS_BC,NEEDS_BC,NEEDS_WN,NEEDS_WN,v4,v4_era,continental_downslope,miss-C03,197.8,0.1973,1349.5,-4.1,OK
missoula_dec2025,NINM8,NINE MILE,47.07133,-114.40139,MT,CAUTION,Dec 17 2025 NW downslope corrected; SW flow (partially decoupled from NW synoptic); DROP_DATE_ERROR resolved,13.90,53.88,230.0,2025-12-17T15:59:00Z,16,18.25,276.7,4.35,1.489,-161.0,NEEDS_HRRR_TS,1010.1,0.95,24.3,124.5,open,dem_verified,yes,below,275.6,84.36,700,NEEDS_BC,NEEDS_BC,NEEDS_WN,NEEDS_WN,v4,v4_era,continental_downslope,miss-C04,67.6,0.2163,1009.2,-0.9,OK
missoula_dec2025,PNTM8,POINT 6,47.04136,-113.98631,MT,KEEP,Dec 17 2025 NW downslope corrected; ridge (7897 ft) 46 mph obs HRRR -5.8 mph undershoots; DROP_DATE_ERROR resolved,46.06,77.34,255.0,2025-12-17T15:59:00Z,16,40.22,269.3,-5.84,0.479,-17.1,NEEDS_HRRR_TS,2407.0,9.44,252.6,500.4,exposed_ridge,dem_verified,yes,above,275.4,84.18,700,NEEDS_BC,NEEDS_BC,NEEDS_WN,NEEDS_WN,v4,v4_era,continental_downslope,miss-C05,182.33,0.4778,2416.9,9.9,OK
missoula_dec2025,PSTM8,PISTOL CREEK,47.21492,-114.0287,MT,KEEP,Dec 17 2025 NW downslope corrected; 22.6 mph obs HRRR +9.7 mph overshoot; DROP_DATE_ERROR resolved,22.59,46.92,258.0,2025-12-17T20:41:00Z,21,32.30,282.9,9.71,0.558,-0.5,NEEDS_HRRR_TS,1841.9,0.88,212.3,352.6,canyon_gap,dem_verified,yes,near,288.7,75.57,700,NEEDS_BC,NEEDS_BC,NEEDS_WN,NEEDS_WN,v4,v4_era,continental_downslope,miss-C06,138.17,0.4274,1863.4,21.5,OK
missoula_dec2025,RONM8,RONAN,47.53639,-114.09889,MT,KEEP,Dec 17 2025 NW downslope corrected; 17.4 mph obs WSW flow valid; DROP_DATE_ERROR resolved,17.38,28.68,256.0,2025-12-17T16:31:00Z,17,13.80,256.4,-3.58,0.573,-7.4,NEEDS_HRRR_TS,935.1,1.74,321.9,14.1,valley,dem_verified,yes,below,274.1,73.67,700,NEEDS_BC,NEEDS_BC,NEEDS_WN,NEEDS_WN,v4,v4_era,continental_downslope,miss-C07,11.63,0.1873,931.9,-3.2,OK
missoula_dec2025,STVM8,STEVI,46.55653,-114.07436,MT,KEEP,Dec 17 2025 NW downslope corrected; Stevensville 20 mph obs HRRR +13 mph overshoot = cold-pool pattern; DROP_DATE_ERROR resolved,19.99,36.50,271.0,2025-12-17T16:14:00Z,16,33.11,272.5,13.12,0.5,-35.0,NEEDS_HRRR_TS,976.9,0.51,181.9,18.5,valley,dem_verified,yes,below,274.7,88.45,700,NEEDS_BC,NEEDS_BC,NEEDS_WN,NEEDS_WN,v4,v4_era,continental_downslope,miss-C08,21.62,0.3743,993.4,16.5,OK
missoula_jul2024,A3601,French Town - Beckwith,47.01291,-114.22427,MT,DROP_NO_WIND_DATA,ALL_SPD_NULL | ALL_GUST_NULL,N/A,N/A,N/A,N/A,N/A,N/A,N/A,N/A,N/A,N/A,N/A,928.1,NEEDS_DEM,NEEDS_DEM,NEEDS_DEM,open,heuristic_unresolved,no,NEEDS_INVERSION,NEEDS_BC,NEEDS_BC,NEEDS_BC,NEEDS_BC,NEEDS_BC,NEEDS_WN,NEEDS_WN,v4,v4_era,convective_outflow,miss-C01,NEEDS_DEM,,,,NEEDS_DEM
missoula_jul2024,A3674,Missoula Boyd Park,46.8423,-114.02055,MT,KEEP,,6.71,MISSING,123.5,2024-07-25T04:00:00Z,2024-07-25T04:00Z,8.56,35.5,1.85,1.276,-88.0,NEEDS_HRRR_TS,969.0,0.51,48.1,18.6,valley,dem_verified,yes,NEEDS_INVERSION,269.2,28.80,850,NEEDS_BC,NEEDS_BC,NEEDS_WN,NEEDS_WN,v4,v4_era,convective_outflow,miss-C02,57.37,0.2972,969.4,0.4,OK
missoula_jul2024,ABOM8,CLARK FORK RIVER ABOVE MISSOULA 3E,46.87722,-113.93139,MT,DROP_NO_WIND_DATA,ALL_SPD_NULL | ALL_GUST_NULL,N/A,N/A,N/A,N/A,N/A,N/A,N/A,N/A,N/A,N/A,N/A,974.8,NEEDS_DEM,NEEDS_DEM,NEEDS_DEM,canyon_gap,name_heuristic,no,NEEDS_INVERSION,NEEDS_BC,NEEDS_BC,NEEDS_BC,NEEDS_BC,NEEDS_BC,NEEDS_WN,NEEDS_WN,v4,v4_era,convective_outflow,miss-C03,NEEDS_DEM,,,,NEEDS_DEM
missoula_jul2024,BLMM8,BLUE MTN,46.82073,-114.10089,MT,KEEP,,12.0,43.01,29.0,2024-07-25T03:01:00Z,2024-07-25T03:00Z,21.49,269.3,9.49,1.791,-119.7,NEEDS_HRRR_TS,1040.0,5.44,252.7,266.2,exposed_ridge,dem_verified,yes,NEEDS_INVERSION,270.6,31.73,850,NEEDS_BC,NEEDS_BC,NEEDS_WN,NEEDS_WN,v4,v4_era,convective_outflow,miss-C04,113.94,0.6773,1033.0,-7.0,OK
missoula_jul2024,C4884,CW4884 Missoula,46.89433,-113.9615,MT,KEEP,,5.0,MISSING,120.5,2024-07-23T03:15:00Z,2024-07-23T03:00Z,2.2,235.3,-2.8,0.44,114.8,NEEDS_HRRR_TS,1036.5,0.94,80.9,220.1,canyon_gap,dem_verified,yes,NEEDS_INVERSION,266.6,25.34,850,NEEDS_BC,NEEDS_BC,NEEDS_WN,NEEDS_WN,v4,v4_era,convective_outflow,miss-C03,108.33,0.0868,1036.5,0.0,OK
missoula_jul2024,CMBM8,COMBINATION,46.76361,-113.39358,MT,DROP_NO_WIND_DATA,ALL_SPD_NULL | ALL_GUST_NULL,N/A,N/A,N/A,N/A,N/A,N/A,N/A,N/A,N/A,N/A,N/A,1706.9,NEEDS_DEM,NEEDS_DEM,NEEDS_DEM,exposed_ridge,elev_heuristic,no,NEEDS_INVERSION,NEEDS_BC,NEEDS_BC,NEEDS_BC,NEEDS_BC,NEEDS_BC,NEEDS_WN,NEEDS_WN,v4,v4_era,convective_outflow,miss-C05,NEEDS_DEM,,,,NEEDS_DEM
missoula_jul2024,COCOMTMS12,Missoula 4.9 N,46.93919,-114.01937,MT,DROP_NO_WIND_DATA,ALL_SPD_NULL | ALL_GUST_NULL,N/A,N/A,N/A,N/A,N/A,N/A,N/A,N/A,N/A,N/A,N/A,1079.0,NEEDS_DEM,NEEDS_DEM,NEEDS_DEM,open,heuristic_unresolved,no,NEEDS_INVERSION,NEEDS_BC,NEEDS_BC,NEEDS_BC,NEEDS_BC,NEEDS_BC,NEEDS_WN,NEEDS_WN,v4,v4_era,convective_outflow,miss-C06,NEEDS_DEM,,,,NEEDS_DEM
missoula_jul2024,COCOMTMS14,Missoula 4.4 W,46.85861,-114.0997,MT,DROP_NO_WIND_DATA,ALL_SPD_NULL | ALL_GUST_NULL,N/A,N/A,N/A,N/A,N/A,N/A,N/A,N/A,N/A,N/A,N/A,949.1,NEEDS_DEM,NEEDS_DEM,NEEDS_DEM,open,heuristic_unresolved,no,NEEDS_INVERSION,NEEDS_BC,NEEDS_BC,NEEDS_BC,NEEDS_BC,NEEDS_BC,NEEDS_WN,NEEDS_WN,v4,v4_era,convective_outflow,miss-C04,NEEDS_DEM,,,,NEEDS_DEM
missoula_jul2024,COCOMTMS23,Bonner-West Riverside 4.0 SE,46.8371,-113.8279,MT,DROP_NO_WIND_DATA,ALL_SPD_NULL | ALL_GUST_NULL,N/A,N/A,N/A,N/A,N/A,N/A,N/A,N/A,N/A,N/A,N/A,1014.1,NEEDS_DEM,NEEDS_DEM,NEEDS_DEM,open,heuristic_unresolved,no,NEEDS_INVERSION,NEEDS_BC,NEEDS_BC,NEEDS_BC,NEEDS_BC,NEEDS_BC,NEEDS_WN,NEEDS_WN,v4,v4_era,convective_outflow,miss-C07,NEEDS_DEM,,,,NEEDS_DEM
missoula_jul2024,COCOMTMS33,Missoula 3.8 SSW,46.81467,-114.02631,MT,DROP_NO_WIND_DATA,ALL_SPD_NULL | ALL_GUST_NULL,N/A,N/A,N/A,N/A,N/A,N/A,N/A,N/A,N/A,N/A,N/A,1111.9,NEEDS_DEM,NEEDS_DEM,NEEDS_DEM,open,heuristic_unresolved,no,NEEDS_INVERSION,NEEDS_BC,NEEDS_BC,NEEDS_BC,NEEDS_BC,NEEDS_BC,NEEDS_WN,NEEDS_WN,v4,v4_era,convective_outflow,miss-C02,NEEDS_DEM,,,,NEEDS_DEM
missoula_jul2024,COOPMSOM8,MISSOULA 6 NW WFO,46.9244,-114.0911,MT,DROP_NO_WIND_DATA,ALL_SPD_NULL | ALL_GUST_NULL | GAP>12h,N/A,N/A,N/A,N/A,N/A,N/A,N/A,N/A,N/A,N/A,N/A,974.4,NEEDS_DEM,NEEDS_DEM,NEEDS_DEM,open,heuristic_unresolved,no,NEEDS_INVERSION,NEEDS_BC,NEEDS_BC,NEEDS_BC,NEEDS_BC,NEEDS_BC,NEEDS_WN,NEEDS_WN,v4,v4_era,convective_outflow,miss-C08,NEEDS_DEM,,,,NEEDS_DEM
missoula_jul2024,E0591,EW0591 Missoula,46.80833,-114.06517,MT,KEEP,,22.0,41.0,242.2,2024-07-25T02:58:00Z,2024-07-25T02:00Z,4.42,270.0,-17.58,0.201,27.8,NEEDS_HRRR_TS,1031.1,6.45,105.2,120.8,open,dem_verified,yes,NEEDS_INVERSION,269.2,29.22,850,NEEDS_BC,NEEDS_BC,NEEDS_WN,NEEDS_WN,v4,v4_era,convective_outflow,miss-C04,56.54,0.1513,1030.9,-0.2,OK
missoula_jul2024,E8564,EW8564 East Bonner,46.83717,-113.828,MT,KEEP,,16.0,29.0,312.7,2024-07-25T19:20:00Z,2024-07-25T19:00Z,16.38,310.2,0.38,1.024,-2.5,NEEDS_HRRR_TS,1012.9,0.0,,227.0,canyon_gap,dem_verified,yes,NEEDS_INVERSION,243.0,21.49,850,NEEDS_BC,NEEDS_BC,NEEDS_WN,NEEDS_WN,v4,v4_era,convective_outflow,miss-C07,208.77,0.7622,1013.0,0.1,OK
missoula_jul2024,FINM8,FINNEYS MEADOW QD,47.04593,-114.11207,MT,KEEP,,9.0,32.0,262.5,2024-07-25T03:28:00Z,2024-07-25T03:00Z,16.88,271.0,7.88,1.876,8.5,NEEDS_HRRR_TS,1353.6,2.81,296.0,249.7,canyon_gap,dem_verified,yes,NEEDS_INVERSION,272.2,26.16,850,NEEDS_BC,NEEDS_BC,NEEDS_WN,NEEDS_WN,v4,v4_era,convective_outflow,miss-C09,197.72,0.6453,1349.2,-4.4,OK
missoula_jul2024,G0378,GW0378 Missoula,46.83467,-114.00033,MT,KEEP,,14.99,16.0,247.4,2024-07-23T23:50:00Z,2024-07-23T23:00Z,12.51,264.8,-2.48,0.835,17.4,NEEDS_HRRR_TS,1061.2,3.19,148.8,173.4,canyon_gap,dem_verified,yes,NEEDS_INVERSION,269.2,28.80,850,NEEDS_BC,NEEDS_BC,NEEDS_WN,NEEDS_WN,v4,v4_era,convective_outflow,miss-C02,155.69,0.4344,1061.1,-0.1,OK
missoula_jul2024,G2298,GW2298 FRENCHTOWN,47.01833,-114.2505,MT,KEEP,,13.0,14.99,312.0,2024-07-23T22:57:00Z,2024-07-23T22:00Z,12.32,288.9,-0.68,0.948,-23.1,NEEDS_HRRR_TS,926.0,0.63,95.2,4.6,valley,dem_verified,yes,NEEDS_INVERSION,269.0,30.48,850,NEEDS_BC,NEEDS_BC,NEEDS_WN,NEEDS_WN,v4,v4_era,convective_outflow,miss-C01,52.27,0.4042,923.3,-2.7,OK
missoula_jul2024,G2344,GW2344 Missoula,46.90333,-114.11567,MT,KEEP,,8.0,13.0,174.4,2024-07-23T23:15:00Z,2024-07-23T23:00Z,13.14,290.4,5.14,1.643,116.0,NEEDS_HRRR_TS,960.7,3.41,199.1,31.3,valley,dem_verified,yes,NEEDS_INVERSION,274.1,33.63,850,NEEDS_BC,NEEDS_BC,NEEDS_WN,NEEDS_WN,v4,v4_era,convective_outflow,miss-C08,13.18,0.3907,959.6,-1.1,OK
missoula_jul2024,KMSO,"Missoula, Missoula International Airport",46.92083,-114.0925,MT,KEEP,,23.02,MISSING,269.1,2024-07-23T23:05:00Z,2024-07-23T23:00Z,15.27,283.7,-7.75,0.663,14.6,NEEDS_HRRR_TS,975.1,0.65,168.2,18.7,valley,dem_verified,yes,NEEDS_INVERSION,274.8,31.98,850,NEEDS_BC,NEEDS_BC,NEEDS_WN,NEEDS_WN,v4,v4_era,convective_outflow,miss-C08,43.51,0.4775,973.8,-1.3,OK
missoula_jul2024,MOMM8,FIRE EFFECTS PORTABLE #2,46.71853,-114.15731,MT,KEEP,,11.0,21.0,217.0,2024-07-23T23:26:00Z,2024-07-23T23:00Z,9.35,291.8,-1.65,0.85,74.8,NEEDS_HRRR_TS,1208.8,13.07,323.2,558.5,exposed_ridge,dem_flag,flag,NEEDS_INVERSION,266.5,27.31,850,NEEDS_BC,NEEDS_BC,NEEDS_WN,NEEDS_WN,v4,v4_era,convective_outflow,miss-C10,233.72,0.3424,1563.0,354.2,FLAG_LARGE_RESIDUAL
missoula_jul2024,MSLM8,MISSOULA QD1,46.91658,-113.6565,MT,KEEP,,4.0,10.0,169.0,2024-07-25T18:46:00Z,2024-07-25T18:00Z,12.18,291.6,8.18,3.045,122.6,NEEDS_HRRR_TS,1151.2,2.53,344.5,206.6,canyon_gap,dem_verified,yes,NEEDS_INVERSION,224.5,20.14,850,NEEDS_BC,NEEDS_BC,NEEDS_WN,NEEDS_WN,v4,v4_era,convective_outflow,miss-C11,106.6,0.6048,1141.6,-9.6,OK
missoula_jul2024,MTGRN,Greenough Hill MT-200 MP 22.1,46.9028,-113.42299,MT,KEEP,,11.0,17.0,294.7,2024-07-24T22:00:00Z,2024-07-24T22:00Z,11.89,254.6,0.89,1.081,-40.1,NEEDS_HRRR_TS,1253.0,4.53,110.6,141.0,open,dem_verified,yes,NEEDS_INVERSION,210.2,19.70,850,NEEDS_BC,NEEDS_BC,NEEDS_WN,NEEDS_WN,v4,v4_era,convective_outflow,miss-C12,83.27,0.6036,1248.3,-4.7,OK
missoula_jul2024,MTM01,MBMG Lower Lolo,46.75,-114.13,MT,KEEP,,5.55,18.5,165.4,2024-07-25T18:00:00Z,2024-07-25T18:00Z,18.21,298.9,12.66,3.281,133.5,NEEDS_HRRR_TS,1001.9,1.6,316.5,274.6,canyon_gap,dem_verified,yes,NEEDS_INVERSION,267.9,29.65,850,NEEDS_BC,NEEDS_BC,NEEDS_WN,NEEDS_WN,v4,v4_era,convective_outflow,miss-C10,129.65,0.6142,994.3,-7.6,OK
missoula_jul2024,MTNNM,Ninemile I-90 MP 81.8,47.02299,-114.38868,MT,KEEP,,12.0,19.0,266.3,2024-07-25T22:02:00Z,2024-07-25T22:00Z,10.36,272.0,-1.64,0.863,5.7,NEEDS_HRRR_TS,910.7,0.0,,134.6,open,dem_verified,yes,NEEDS_INVERSION,265.6,28.74,850,NEEDS_BC,NEEDS_BC,NEEDS_WN,NEEDS_WN,v4,v4_era,convective_outflow,miss-C13,113.42,0.3605,915.2,4.5,OK
missoula_jul2024,NFJM8,NORTH FORK JOCKO,47.2726,-113.75617,MT,DROP_NO_WIND_DATA,ALL_SPD_NULL | ALL_GUST_NULL,N/A,N/A,N/A,N/A,N/A,N/A,N/A,N/A,N/A,N/A,N/A,1929.4,NEEDS_DEM,NEEDS_DEM,NEEDS_DEM,canyon_gap,name_heuristic,no,NEEDS_INVERSION,NEEDS_BC,NEEDS_BC,NEEDS_BC,NEEDS_BC,NEEDS_BC,NEEDS_WN,NEEDS_WN,v4,v4_era,convective_outflow,miss-C14,NEEDS_DEM,,,,NEEDS_DEM
missoula_jul2024,PNTM8,POINT 6,47.04136,-113.98631,MT,KEEP,,25.0,30.0,278.7,2024-07-25T19:59:00Z,2024-07-25T19:00Z,17.18,278.7,-7.82,0.687,0.0,NEEDS_HRRR_TS,2407.0,3.35,129.4,498.9,canyon_gap,dem_verified,yes,NEEDS_INVERSION,275.0,17.96,850,NEEDS_BC,NEEDS_BC,NEEDS_WN,NEEDS_WN,v4,v4_era,convective_outflow,miss-C15,182.2,0.9566,2416.9,9.9,OK
missoula_jul2024,STTM8,STUART MOUNTAIN,46.99523,-113.92664,MT,DROP_NO_WIND_DATA,ALL_SPD_NULL | ALL_GUST_NULL,N/A,N/A,N/A,N/A,N/A,N/A,N/A,N/A,N/A,N/A,N/A,2255.5,NEEDS_DEM,NEEDS_DEM,NEEDS_DEM,exposed_ridge,name_heuristic,no,NEEDS_INVERSION,NEEDS_BC,NEEDS_BC,NEEDS_BC,NEEDS_BC,NEEDS_BC,NEEDS_WN,NEEDS_WN,v4,v4_era,convective_outflow,miss-C16,NEEDS_DEM,,,,NEEDS_DEM
missoula_jul2024,SYN72773,"MISSOULA / JOHNSON-BELL FIELD, MT.",46.91667,-114.08333,MT,KEEP,,20.71,MISSING,320.0,2024-07-25T18:00:00Z,2024-07-25T18:00Z,22.62,325.3,1.91,1.092,5.3,NEEDS_HRRR_TS,976.0,0.04,,13.9,valley,dem_verified,yes,NEEDS_INVERSION,274.0,32.37,850,NEEDS_BC,NEEDS_BC,NEEDS_WN,NEEDS_WN,v4,v4_era,convective_outflow,miss-C08,49.26,0.6988,975.7,-0.3,OK
missoula_jul2024,TT350,LOLO PORTABLE #5,46.92278,-113.91558,MT,KEEP,,5.0,18.0,142.0,2024-07-25T03:17:00Z,2024-07-25T03:00Z,10.99,239.5,5.99,2.198,97.5,NEEDS_HRRR_TS,1452.4,8.7,358.1,539.3,exposed_ridge,dem_verified,yes,NEEDS_INVERSION,264.2,21.91,850,NEEDS_BC,NEEDS_BC,NEEDS_WN,NEEDS_WN,v4,v4_era,convective_outflow,miss-C17,170.61,0.5016,1453.4,1.0,OK
missoula_jul2024,USGSHY2316,Rock Creek near Clinton MT,46.7223361,-113.683061,MT,DROP_NO_WIND_DATA,ALL_SPD_NULL | ALL_GUST_NULL,N/A,N/A,N/A,N/A,N/A,N/A,N/A,N/A,N/A,N/A,N/A,1072.7,NEEDS_DEM,NEEDS_DEM,NEEDS_DEM,canyon_gap,name_heuristic,no,NEEDS_INVERSION,NEEDS_BC,NEEDS_BC,NEEDS_BC,NEEDS_BC,NEEDS_BC,NEEDS_WN,NEEDS_WN,v4,v4_era,convective_outflow,miss-C18,NEEDS_DEM,,,,NEEDS_DEM
missoula_jul2024,USGSHY2383,Clark Fork at Turah Bridge nr Bonner MT,46.8259111,-113.8140306,MT,DROP_NO_WIND_DATA,ALL_SPD_NULL | ALL_GUST_NULL | GAP>3h,N/A,N/A,N/A,N/A,N/A,N/A,N/A,N/A,N/A,N/A,N/A,1011.9,NEEDS_DEM,NEEDS_DEM,NEEDS_DEM,canyon_gap,name_heuristic,no,NEEDS_INVERSION,NEEDS_BC,NEEDS_BC,NEEDS_BC,NEEDS_BC,NEEDS_BC,NEEDS_WN,NEEDS_WN,v4,v4_era,convective_outflow,miss-C07,NEEDS_DEM,,,,NEEDS_DEM
missoula_jul2024,USGSHY2431,Clark Fork below Missoula MT,46.8686333,-114.1277472,MT,DROP_NO_WIND_DATA,ALL_SPD_NULL | ALL_GUST_NULL,N/A,N/A,N/A,N/A,N/A,N/A,N/A,N/A,N/A,N/A,N/A,940.0,NEEDS_DEM,NEEDS_DEM,NEEDS_DEM,canyon_gap,name_heuristic,no,NEEDS_INVERSION,NEEDS_BC,NEEDS_BC,NEEDS_BC,NEEDS_BC,NEEDS_BC,NEEDS_WN,NEEDS_WN,v4,v4_era,convective_outflow,miss-C19,NEEDS_DEM,,,,NEEDS_DEM
missoula_jul2024,USGSHY2445,Clark Fork above Missoula MT,46.87676389,-113.9321194,MT,DROP_NO_WIND_DATA,ALL_SPD_NULL | ALL_GUST_NULL,N/A,N/A,N/A,N/A,N/A,N/A,N/A,N/A,N/A,N/A,N/A,974.8,NEEDS_DEM,NEEDS_DEM,NEEDS_DEM,canyon_gap,name_heuristic,no,NEEDS_INVERSION,NEEDS_BC,NEEDS_BC,NEEDS_BC,NEEDS_BC,NEEDS_BC,NEEDS_WN,NEEDS_WN,v4,v4_era,convective_outflow,miss-C03,NEEDS_DEM,,,,NEEDS_DEM
missoula_jul2024,USGSHY2520,Bitterroot River near Missoula MT,46.83173889,-114.054861,MT,DROP_NO_WIND_DATA,ALL_SPD_NULL | ALL_GUST_NULL,N/A,N/A,N/A,N/A,N/A,N/A,N/A,N/A,N/A,N/A,N/A,947.9,NEEDS_DEM,NEEDS_DEM,NEEDS_DEM,canyon_gap,name_heuristic,no,NEEDS_INVERSION,NEEDS_BC,NEEDS_BC,NEEDS_BC,NEEDS_BC,NEEDS_BC,NEEDS_WN,NEEDS_WN,v4,v4_era,convective_outflow,miss-C02,NEEDS_DEM,,,,NEEDS_DEM
missoula_jul2024,USGSHY2522,Blackfoot River near Bonner MT,46.8994111,-113.7563194,MT,DROP_NO_WIND_DATA,ALL_SPD_NULL | ALL_GUST_NULL,N/A,N/A,N/A,N/A,N/A,N/A,N/A,N/A,N/A,N/A,N/A,1019.5,NEEDS_DEM,NEEDS_DEM,NEEDS_DEM,canyon_gap,name_heuristic,no,NEEDS_INVERSION,NEEDS_BC,NEEDS_BC,NEEDS_BC,NEEDS_BC,NEEDS_BC,NEEDS_WN,NEEDS_WN,v4,v4_era,convective_outflow,miss-C20,NEEDS_DEM,,,,NEEDS_DEM
thomas_2017,ANIC1,ANACAPA ISLAND,34.01506,-119.36317,CA,KEEP,,32.99,51.0,54.0,2017-12-05T05:23:00Z,2017-12-05T05:00Z,34.74,58.9,1.75,1.053,4.9,NEEDS_HRRR_TS,84.4,7.9,198.4,77.8,valley,dem_verified,yes,below,102.5,23.69,850,NEEDS_BC,NEEDS_BC,NEEDS_WN,NEEDS_WN,v2,v2_era,santa_ana,thom-C01,9.06,1.4664,57.4,-27.0,OK
thomas_2017,BVRC1,BEVERLY HILLS,34.12486,-118.41257,CA,KEEP,,18.01,32.01,357.7,2017-12-07T04:55:00Z,2017-12-07T04:00Z,4.62,57.6,-13.39,0.257,59.9,NEEDS_HRRR_TS,384.0,7.5,272.3,173.7,open,dem_verified,yes,below,88.7,20.48,850,NEEDS_BC,NEEDS_BC,NEEDS_WN,NEEDS_WN,v2,v2_era,santa_ana,thom-C02,64.17,0.2256,387.9,3.9,OK
thomas_2017,CEEC1,CHEESEBORO,34.18658,-118.71956,CA,KEEP,,34.0,50.0,92.3,2017-12-05T07:38:00Z,2017-12-05T07:00Z,22.81,56.7,-11.19,0.671,-35.6,NEEDS_HRRR_TS,520.3,4.94,304.9,253.7,exposed_ridge,dem_verified,yes,below,82.0,30.69,850,NEEDS_BC,NEEDS_BC,NEEDS_WN,NEEDS_WN,v2,v2_era,santa_ana,thom-C03,65.3,0.7432,522.5,2.2,OK
thomas_2017,CNIC1,CAMP 9,34.35325,-118.41858,CA,KEEP,,44.0,63.01,344.0,2017-12-05T21:55:00Z,2017-12-05T21:00Z,36.37,53.7,-7.63,0.827,69.7,NEEDS_HRRR_TS,1219.2,15.94,184.6,453.5,exposed_ridge,dem_verified,yes,below,67.7,43.90,850,NEEDS_BC,NEEDS_BC,NEEDS_WN,NEEDS_WN,v2,v2_era,santa_ana,thom-C04,171.2,0.8285,1219.1,-0.1,OK
thomas_2017,CSVC1,CASITAS,34.40818,-119.37124,CA,KEEP,,12.01,24.99,30.0,2017-12-05T16:09:00Z,2017-12-05T16:00Z,15.09,60.3,3.08,1.256,30.3,NEEDS_HRRR_TS,194.8,0.72,51.0,306.0,canyon_gap,dem_verified,yes,below,79.3,42.60,850,NEEDS_BC,NEEDS_BC,NEEDS_WN,NEEDS_WN,v2,v2_era,santa_ana,thom-C05,103.8,0.3542,196.2,1.4,OK
thomas_2017,CUUC1,CHUCHUPATE,34.80637,-119.01363,CA,KEEP,,14.99,28.01,32.7,2017-12-07T08:22:00Z,2017-12-07T08:00Z,17.52,96.8,2.53,1.169,64.1,NEEDS_HRRR_TS,1609.3,3.35,164.2,107.9,open,dem_verified,yes,above,81.0,23.70,850,NEEDS_BC,NEEDS_BC,NEEDS_WN,NEEDS_WN,v2,v2_era,santa_ana,thom-C06,96.47,0.7392,1607.9,-1.4,OK
thomas_2017,DLVC1,DEL VALLE,34.42972,-118.66712,CA,KEEP,,23.0,42.01,54.0,2017-12-05T19:55:00Z,2017-12-05T19:00Z,31.09,61.3,8.09,1.352,7.3,NEEDS_HRRR_TS,389.5,5.46,70.5,242.1,exposed_ridge,dem_verified,yes,below,67.0,49.13,850,NEEDS_BC,NEEDS_BC,NEEDS_WN,NEEDS_WN,v2,v2_era,santa_ana,thom-C07,80.49,0.6328,412.8,23.3,OK
thomas_2017,GMTC1,GRASS MOUNTAIN,34.64078,-118.41435,CA,KEEP,,27.0,35.99,168.0,2017-12-03T07:59:00Z,2017-12-03T07:00Z,12.91,228.0,-14.09,0.478,60.0,NEEDS_HRRR_TS,1410.0,7.43,68.9,419.4,exposed_ridge,dem_verified,yes,near,66.7,44.67,850,NEEDS_BC,NEEDS_BC,NEEDS_WN,NEEDS_WN,v2,v2_era,santa_ana,thom-C08,110.06,0.2890,1401.7,-8.3,OK
thomas_2017,LCBC1,LEO CARRILLO,34.04511,-118.93599,CA,KEEP,,22.01,40.0,51.0,2017-12-05T14:55:00Z,2017-12-05T14:00Z,32.7,51.2,10.69,1.486,0.2,NEEDS_HRRR_TS,15.2,3.64,265.3,213.8,canyon_gap,dem_verified,yes,below,99.6,22.18,850,NEEDS_BC,NEEDS_BC,NEEDS_WN,NEEDS_WN,v2,v2_era,santa_ana,thom-C09,133.55,1.4743,11.6,-3.6,OK
thomas_2017,LTJC1,LITTLE TUJUNGA,34.29361,-118.36083,CA,KEEP,,24.99,44.98,53.7,2017-12-05T16:54:00Z,2017-12-05T16:00Z,32.81,53.5,7.82,1.313,-0.2,NEEDS_HRRR_TS,423.7,30.09,353.5,238.4,exposed_ridge,dem_verified,yes,below,72.4,34.39,850,NEEDS_BC,NEEDS_BC,NEEDS_WN,NEEDS_WN,v2,v2_era,santa_ana,thom-C10,112.12,0.9541,400.0,-23.7,OK
thomas_2017,MBCC1,MALIBU CANYON,34.08394,-118.70345,CA,KEEP,,15.99,27.0,33.7,2017-12-04T19:56:00Z,2017-12-04T19:00Z,18.32,34.8,2.33,1.146,1.1,NEEDS_HRRR_TS,185.9,25.3,56.2,225.6,exposed_ridge,dem_verified,yes,below,87.8,23.56,850,NEEDS_BC,NEEDS_BC,NEEDS_WN,NEEDS_WN,v2,v2_era,santa_ana,thom-C11,122.45,0.7776,197.3,11.4,OK
thomas_2017,MBUC1,MALIBU HILLS,34.06156,-118.64522,CA,KEEP,,44.98,58.0,19.7,2017-12-07T13:56:00Z,2017-12-07T13:00Z,24.16,41.8,-20.82,0.537,22.1,NEEDS_HRRR_TS,480.1,4.72,68.6,463.8,exposed_ridge,dem_verified,yes,below,87.6,21.75,850,NEEDS_BC,NEEDS_BC,NEEDS_WN,NEEDS_WN,v2,v2_era,santa_ana,thom-C12,217.34,1.1108,484.8,4.7,OK
thomas_2017,MOIC1,MONTECITO #2,34.445,-119.62583,CA,KEEP,,8.99,24.0,348.0,2017-12-04T09:07:00Z,2017-12-04T09:00Z,21.23,25.1,12.24,2.362,37.1,NEEDS_HRRR_TS,86.9,5.79,81.7,312.3,exposed_ridge,dem_verified,yes,below,80.1,37.10,850,NEEDS_BC,NEEDS_BC,NEEDS_WN,NEEDS_WN,v2,v2_era,santa_ana,thom-C13,205.71,0.5722,118.4,31.5,OK
thomas_2017,MTIC1,MONTECITO,34.4614,-119.64901,CA,KEEP,,17.0,28.01,30.0,2017-12-05T07:47:00Z,2017-12-05T07:00Z,12.66,32.4,-4.34,0.745,2.4,NEEDS_HRRR_TS,493.5,8.21,167.8,592.1,exposed_ridge,dem_verified,yes,below,80.0,36.55,850,NEEDS_BC,NEEDS_BC,NEEDS_WN,NEEDS_WN,v2,v2_era,santa_ana,thom-C13,285.17,0.3464,508.7,15.2,OK
thomas_2017,NHPC1,NEWHALL PASS,34.33697,-118.5205,CA,KEEP,,35.99,62.01,9.0,2017-12-05T20:56:00Z,2017-12-05T20:00Z,30.54,45.5,-5.45,0.849,36.5,NEEDS_HRRR_TS,650.7,2.05,307.0,266.0,canyon_gap,dem_verified,yes,below,69.0,42.74,850,NEEDS_BC,NEEDS_BC,NEEDS_WN,NEEDS_WN,v2,v2_era,santa_ana,thom-C14,93.1,0.7146,654.3,3.6,OK
thomas_2017,OZNC1,OZENA,34.68178,-119.35373,CA,KEEP,,14.99,27.0,59.3,2017-12-04T22:22:00Z,2017-12-04T22:00Z,7.74,348.8,-7.25,0.516,-70.5,NEEDS_HRRR_TS,1124.7,11.39,259.6,198.0,open,dem_verified,yes,below,75.2,33.03,850,NEEDS_BC,NEEDS_BC,NEEDS_WN,NEEDS_WN,v2,v2_era,santa_ana,thom-C15,115.78,0.2343,1125.7,1.0,OK
thomas_2017,PPPC1,POPPY PARK,34.72832,-118.39406,CA,KEEP,,30.0,42.01,276.4,2017-12-03T19:56:00Z,2017-12-03T19:00Z,24.85,304.1,-5.15,0.828,27.7,NEEDS_HRRR_TS,841.2,0.78,347.2,108.8,open,dem_verified,yes,below,71.5,37.21,850,NEEDS_BC,NEEDS_BC,NEEDS_WN,NEEDS_WN,v2,v2_era,santa_ana,thom-C16,28.28,0.6678,842.0,0.8,OK
thomas_2017,ROVC1,ROSE VALLEY,34.54338,-119.18493,CA,KEEP,,14.99,34.0,12.3,2017-12-05T11:24:00Z,2017-12-05T11:00Z,22.56,110.0,7.57,1.505,97.7,NEEDS_HRRR_TS,1015.3,1.81,135.1,222.5,canyon_gap,dem_verified,yes,below,67.5,41.51,850,NEEDS_BC,NEEDS_BC,NEEDS_WN,NEEDS_WN,v2,v2_era,santa_ana,thom-C17,131.67,0.5435,1016.2,0.9,OK
thomas_2017,SAUC1,SAUGUS,34.43501,-118.51318,CA,KEEP,,38.99,67.0,21.7,2017-12-05T17:57:00Z,2017-12-05T17:00Z,22.57,71.4,-16.42,0.579,49.7,NEEDS_HRRR_TS,442.0,25.57,168.5,136.0,open,dem_flag,flag,below,65.3,52.06,850,NEEDS_BC,NEEDS_BC,NEEDS_WN,NEEDS_WN,v2,v2_era,santa_ana,thom-C18,39.75,0.4335,495.4,53.4,FLAG_LARGE_RESIDUAL
thomas_2017,SBVC1,SB BOTANIC GARDEN,34.45589,-119.70563,CA,KEEP,,11.01,21.0,45.3,2017-12-05T10:24:00Z,2017-12-05T10:00Z,18.46,52.1,7.45,1.677,6.8,NEEDS_HRRR_TS,229.5,5.26,103.9,254.7,exposed_ridge,dem_verified,yes,below,82.0,34.51,850,NEEDS_BC,NEEDS_BC,NEEDS_WN,NEEDS_WN,v2,v2_era,santa_ana,thom-C19,184.06,0.5349,262.7,33.2,OK
thomas_2017,TCLC1,TEMESCAL (LPF),34.47394,-118.76156,CA,KEEP,,10.0,20.0,10.3,2017-12-04T21:12:00Z,2017-12-04T21:00Z,25.69,64.6,15.69,2.569,54.3,NEEDS_HRRR_TS,342.6,5.31,269.3,303.5,exposed_ridge,dem_verified,yes,below,64.7,49.86,850,NEEDS_BC,NEEDS_BC,NEEDS_WN,NEEDS_WN,v2,v2_era,santa_ana,thom-C20,127.33,0.5152,341.5,-1.1,OK
thomas_2017,TPGC1,TOPANGA,34.13624,-118.606,CA,KEEP,,24.0,40.0,12.5,2017-12-07T15:57:00Z,2017-12-07T15:00Z,9.12,66.5,-14.88,0.38,54.0,NEEDS_HRRR_TS,487.7,17.8,329.6,176.4,open,dem_verified,yes,below,84.7,24.77,850,NEEDS_BC,NEEDS_BC,NEEDS_WN,NEEDS_WN,v2,v2_era,santa_ana,thom-C21,60.26,0.3682,496.6,8.9,OK
thomas_2017,TT321,LPF05 PORTABLE (CERRO N),34.82927,-119.20403,CA,CAUTION,"Portable RAWS (LPF05 PORTABLE, Los Padres NF Cerro Norte); deployed for fire ops, non-standard siting; obs 8 mph / 311 deg NNW during Santa Ana event (bc_dir 87 deg E) = decoupled from synoptic; ELEV_DEM 7844 ft is DEM sampling artifact; station-reported 4534 ft is correct; not a fixed met station; exclude from terrain class analysis",8.01,17.0,311.0,2017-12-07T16:46:00Z,2017-12-07T16:00Z,15.18,103.4,7.17,1.895,152.4,NEEDS_HRRR_TS,1382.0,2.36,49.0,431.1,canyon_gap,dem_flag,flag,near,87.1,28.90,850,NEEDS_BC,NEEDS_BC,NEEDS_WN,NEEDS_WN,v2,v2_era,santa_ana,thom-C22,207.11,0.5253,2521.0,1139.0,FLAG_LARGE_RESIDUAL
thomas_2017,WLYC1,WILEY RIDGE,34.37167,-118.84083,CA,KEEP,,50.0,65.01,66.7,2017-12-05T12:49:00Z,2017-12-05T12:00Z,31.88,60.5,-18.12,0.638,-6.2,NEEDS_HRRR_TS,495.3,5.36,78.4,474.6,exposed_ridge,dem_verified,yes,below,74.2,45.26,850,NEEDS_BC,NEEDS_BC,NEEDS_WN,NEEDS_WN,v2,v2_era,santa_ana,thom-C23,162.62,0.7044,509.6,14.3,OK
thomas_2017,WMSC1,WARM SPRINGS,34.59583,-118.57861,CA,KEEP,"BLM/USFS Interagency RAWS (MNET=2, WIMS=45426), standard fire weather wind instrumentation; two-event cross-confirmation Thomas -35.65 and Woolsey -27.04 mph, dir_err <8 degrees both; station-reported elevation 4930 ft is WRONG — Synoptic ELEV_DEM = 3779.5 ft (1152m) is correct; terrain_class exposed_ridge pending DEM re-verification at corrected elevation; error magnitude extraordinary but instrument and location are valid fire weather RAWS",45.99,58.0,62.3,2017-12-07T02:53:00Z,2017-12-07T02:00Z,10.34,70.4,-35.65,0.225,8.1,NEEDS_HRRR_TS,1152.0,33.97,273.1,505.9,exposed_ridge,dem_flag,flag,near,64.6,51.30,850,NEEDS_BC,NEEDS_BC,NEEDS_WN,NEEDS_WN,v2,v2_era,santa_ana,thom-C24,154.12,0.2016,1163.1,-339.6,FLAG_LARGE_RESIDUAL
thomas_2017,WTPC1,WHITAKER PEAK,34.56938,-118.74019,CA,KEEP,,31.0,50.0,347.0,2017-12-05T13:57:00Z,2017-12-05T13:00Z,8.56,25.2,-22.44,0.276,38.2,NEEDS_HRRR_TS,1255.8,6.78,188.3,429.9,exposed_ridge,dem_verified,yes,near,62.1,49.11,850,NEEDS_BC,NEEDS_BC,NEEDS_WN,NEEDS_WN,v2,v2_era,santa_ana,thom-C25,184.35,0.1743,1254.3,-1.5,OK
tubbs_2017,ATLC1,ATLAS PEAK,38.47485,-122.2648,CA,KEEP,,22.01,35.99,234.5,2017-10-10T23:29:00Z,2017-10-10T23:00Z,8.58,240.3,-13.43,0.39,5.8,NEEDS_HRRR_TS,589.5,15.48,76.7,286.8,exposed_ridge,dem_verified,yes,above,229.8,14.25,850,NEEDS_BC,NEEDS_BC,NEEDS_WN,NEEDS_WN,v2,v2_era,diablo_offshore,tubb-C01,141.82,0.6021,616.5,27.0,OK
tubbs_2017,HWKC1,HAWKEYE,38.73509,-122.83706,CA,KEEP,,48.0,79.01,35.7,2017-10-09T06:56:00Z,2017-10-09T06:00Z,36.73,61.3,-11.27,0.765,25.6,NEEDS_HRRR_TS,616.9,6.94,88.9,333.8,exposed_ridge,dem_verified,yes,above,42.1,28.47,850,NEEDS_BC,NEEDS_BC,NEEDS_WN,NEEDS_WN,v2,v2_era,diablo_offshore,tubb-C02,189.49,1.2901,618.9,2.0,OK
tubbs_2017,KELC1,KONOCTI,38.91189,-122.70631,CA,KEEP,,14.0,21.0,294.3,2017-10-08T05:57:00Z,2017-10-08T05:00Z,13.82,273.7,-0.18,0.987,-20.6,NEEDS_HRRR_TS,659.3,2.83,344.2,118.5,open,dem_verified,yes,above,331.1,10.65,850,NEEDS_BC,NEEDS_BC,NEEDS_WN,NEEDS_WN,v2,v2_era,diablo_offshore,tubb-C03,98.17,1.2977,661.4,2.1,OK
tubbs_2017,KNXC1,KNOXVILLE CREEK,38.86194,-122.41722,CA,KEEP,,35.99,63.01,34.7,2017-10-09T08:09:00Z,2017-10-09T08:00Z,36.7,35.8,0.71,1.02,1.1,NEEDS_HRRR_TS,670.6,1.74,347.5,149.9,open,dem_verified,yes,above,59.9,51.62,850,NEEDS_BC,NEEDS_BC,NEEDS_WN,NEEDS_WN,v2,v2_era,diablo_offshore,tubb-C04,88.61,0.7110,663.2,-7.4,OK
tubbs_2017,NVHC1,NOVATO FIRE - ROBINHOOD,38.1125,-122.54981,CA,KEEP,,14.0,28.01,13.3,2017-10-09T11:31:00Z,2017-10-09T11:00Z,3.8,238.1,-10.2,0.271,-135.2,NEEDS_HRRR_TS,146.9,14.59,1.0,138.8,open,dem_verified,yes,near,79.2,16.32,850,NEEDS_BC,NEEDS_BC,NEEDS_WN,NEEDS_WN,v2,v2_era,diablo_offshore,tubb-C05,22.43,0.2328,133.9,-13.0,OK
tubbs_2017,RSAC1,SANTA ROSA,38.47848,-122.7118,CA,KEEP,,25.99,58.0,60.3,2017-10-09T09:29:00Z,2017-10-09T09:00Z,31.15,60.5,5.16,1.199,0.2,NEEDS_HRRR_TS,182.6,2.14,166.5,121.5,open,dem_verified,yes,near,57.4,24.69,850,NEEDS_BC,NEEDS_BC,NEEDS_WN,NEEDS_WN,v2,v2_era,diablo_offshore,tubb-C06,63.39,1.2616,182.5,-0.1,OK
tubbs_2017,WISC1,COUNTY LINE,39.01883,-122.41169,CA,KEEP,,34.99,47.0,15.3,2017-10-09T07:36:00Z,2017-10-09T07:00Z,27.91,36.2,-7.08,0.798,20.9,NEEDS_HRRR_TS,635.5,2.14,0.3,229.0,canyon_gap,dem_verified,yes,above,59.1,48.58,850,NEEDS_BC,NEEDS_BC,NEEDS_WN,NEEDS_WN,v2,v2_era,diablo_offshore,tubb-C07,78.81,0.5745,635.3,-0.2,OK
woolsey_2018,ANIC1,ANACAPA ISLAND,34.01506,-119.36317,CA,KEEP,,32.01,44.98,36.3,2018-11-09T03:23:00Z,2018-11-09T03:00Z,17.02,4.1,-14.99,0.532,-32.2,NEEDS_HRRR_TS,84.4,12.85,164.4,77.8,valley,dem_verified,yes,NEEDS_INVERSION,92.8,19.43,850,NEEDS_BC,NEEDS_BC,NEEDS_WN,NEEDS_WN,v3,v3_era,santa_ana,wool-C01,9.06,0.8760,57.4,-27.0,OK
woolsey_2018,BVRC1,BEVERLY HILLS,34.12486,-118.41257,CA,KEEP,,14.99,18.99,329.7,2018-11-10T11:55:00Z,2018-11-10T11:00Z,8.12,301.5,-6.87,0.542,-28.2,NEEDS_HRRR_TS,384.0,9.6,243.6,172.6,open,dem_verified,yes,NEEDS_INVERSION,92.8,7.81,850,NEEDS_BC,NEEDS_BC,NEEDS_WN,NEEDS_WN,v3,v3_era,santa_ana,wool-C02,64.21,1.0397,387.9,3.9,OK
woolsey_2018,CEEC1,CHEESEBORO,34.18658,-118.71956,CA,KEEP,,34.0,51.0,40.7,2018-11-12T18:38:00Z,2018-11-12T18:00Z,24.02,60.8,-9.98,0.706,20.1,NEEDS_HRRR_TS,520.3,0.71,3.6,253.2,canyon_gap,dem_verified,yes,NEEDS_INVERSION,82.3,24.24,850,NEEDS_BC,NEEDS_BC,NEEDS_WN,NEEDS_WN,v3,v3_era,santa_ana,wool-C03,65.28,0.9909,522.2,1.9,OK
woolsey_2018,CNIC1,CAMP 9,34.35325,-118.41858,CA,KEEP,,41.0,69.99,354.3,2018-11-09T07:55:00Z,2018-11-09T07:00Z,21.63,58.7,-19.37,0.528,64.4,NEEDS_HRRR_TS,1219.2,16.09,170.1,453.5,exposed_ridge,dem_verified,yes,NEEDS_INVERSION,69.0,34.42,850,NEEDS_BC,NEEDS_BC,NEEDS_WN,NEEDS_WN,v3,v3_era,santa_ana,wool-C04,171.17,0.6284,1219.1,-0.1,OK
woolsey_2018,CSVC1,CASITAS,34.40818,-119.37124,CA,KEEP,,11.01,22.01,234.6,2018-11-10T21:09:00Z,2018-11-10T21:00Z,14.4,273.1,3.39,1.308,38.5,NEEDS_HRRR_TS,194.8,0.72,51.0,306.0,canyon_gap,dem_verified,yes,NEEDS_INVERSION,80.2,21.54,850,NEEDS_BC,NEEDS_BC,NEEDS_WN,NEEDS_WN,v3,v3_era,santa_ana,wool-C05,103.78,0.6685,196.2,1.4,OK
woolsey_2018,DLVC1,DEL VALLE,34.42972,-118.66712,CA,KEEP,,23.0,41.0,46.7,2018-11-08T19:55:00Z,2018-11-08T19:00Z,22.54,68.4,-0.46,0.98,21.7,NEEDS_HRRR_TS,389.5,4.79,31.5,241.7,exposed_ridge,dem_verified,yes,NEEDS_INVERSION,66.5,41.88,850,NEEDS_BC,NEEDS_BC,NEEDS_WN,NEEDS_WN,v3,v3_era,santa_ana,wool-C06,80.39,0.5382,413.9,24.4,OK
woolsey_2018,LCBC1,LEO CARRILLO,34.04511,-118.93599,CA,KEEP,,15.99,37.0,48.7,2018-11-09T04:55:00Z,2018-11-09T04:00Z,32.14,56.2,16.15,2.01,7.5,NEEDS_HRRR_TS,15.2,4.1,293.1,213.6,exposed_ridge,dem_verified,yes,NEEDS_INVERSION,102.1,13.13,850,NEEDS_BC,NEEDS_BC,NEEDS_WN,NEEDS_WN,v3,v3_era,santa_ana,wool-C07,133.42,2.4478,11.0,-4.2,OK
woolsey_2018,MBCC1,MALIBU CANYON,34.08394,-118.70345,CA,KEEP,,17.0,34.0,36.0,2018-11-12T20:56:00Z,2018-11-12T20:00Z,15.96,42.1,-1.04,0.939,6.1,NEEDS_HRRR_TS,185.9,25.26,56.2,225.3,exposed_ridge,dem_verified,yes,NEEDS_INVERSION,88.2,14.94,850,NEEDS_BC,NEEDS_BC,NEEDS_WN,NEEDS_WN,v3,v3_era,santa_ana,wool-C08,122.41,1.0683,197.3,11.4,OK
woolsey_2018,MBUC1,MALIBU HILLS,34.06156,-118.64522,CA,KEEP,,40.0,58.0,24.0,2018-11-09T04:56:00Z,2018-11-09T04:00Z,22.96,38.8,-17.04,0.574,14.8,NEEDS_HRRR_TS,480.1,13.19,36.1,463.8,exposed_ridge,dem_verified,yes,NEEDS_INVERSION,87.9,12.56,850,NEEDS_BC,NEEDS_BC,NEEDS_WN,NEEDS_WN,v3,v3_era,santa_ana,wool-C09,217.55,1.8280,483.8,3.7,OK
woolsey_2018,NHPC1,NEWHALL PASS,34.33697,-118.5205,CA,KEEP,,32.01,53.02,11.0,2018-11-08T19:56:00Z,2018-11-08T19:00Z,28.75,48.0,-3.26,0.898,37.0,NEEDS_HRRR_TS,650.7,2.27,9.6,266.0,canyon_gap,dem_verified,yes,NEEDS_INVERSION,69.6,34.14,850,NEEDS_BC,NEEDS_BC,NEEDS_WN,NEEDS_WN,v3,v3_era,santa_ana,wool-C10,93.19,0.8421,653.6,2.9,OK
woolsey_2018,ROVC1,ROSE VALLEY,34.54338,-119.18493,CA,KEEP,,11.01,22.01,129.0,2018-11-08T23:24:00Z,2018-11-08T23:00Z,13.79,87.4,2.78,1.252,-41.6,NEEDS_HRRR_TS,1015.3,2.4,148.0,224.3,canyon_gap,dem_verified,yes,NEEDS_INVERSION,74.9,24.88,850,NEEDS_BC,NEEDS_BC,NEEDS_WN,NEEDS_WN,v3,v3_era,santa_ana,wool-C11,131.53,0.5543,1016.2,0.9,OK
woolsey_2018,SAUC1,SAUGUS,34.43501,-118.51318,CA,KEEP,,28.01,50.0,30.7,2018-11-08T20:57:00Z,2018-11-08T20:00Z,27.6,71.0,-0.41,0.985,40.3,NEEDS_HRRR_TS,442.0,5.29,35.1,136.3,open,dem_flag,flag,NEEDS_INVERSION,65.0,41.15,850,NEEDS_BC,NEEDS_BC,NEEDS_WN,NEEDS_WN,v3,v3_era,santa_ana,wool-C12,39.73,0.6707,496.9,54.9,FLAG_LARGE_RESIDUAL
woolsey_2018,TCLC1,TEMESCAL (LPF),34.47394,-118.76156,CA,KEEP,,12.01,24.0,40.7,2018-11-09T19:12:00Z,2018-11-09T19:00Z,15.2,70.0,3.19,1.266,29.3,NEEDS_HRRR_TS,342.6,5.15,260.9,300.4,exposed_ridge,dem_verified,yes,NEEDS_INVERSION,65.7,41.54,850,NEEDS_BC,NEEDS_BC,NEEDS_WN,NEEDS_WN,v3,v3_era,santa_ana,wool-C13,127.22,0.3659,341.5,-1.1,OK
woolsey_2018,TPGC1,TOPANGA,34.13624,-118.606,CA,KEEP,,27.0,35.99,0.0,2018-11-12T23:57:00Z,2018-11-12T23:00Z,15.24,39.8,-11.76,0.564,39.8,NEEDS_HRRR_TS,487.7,17.39,343.2,176.4,open,dem_verified,yes,NEEDS_INVERSION,83.4,16.16,850,NEEDS_BC,NEEDS_BC,NEEDS_WN,NEEDS_WN,v3,v3_era,santa_ana,wool-C14,60.25,0.9431,497.8,10.1,OK
woolsey_2018,WMSC1,WARM SPRINGS,34.59583,-118.57861,CA,KEEP,"BLM/USFS Interagency RAWS (MNET=2, WIMS=45426), standard fire weather wind instrumentation; two-event cross-confirmation Thomas -35.65 and Woolsey -27.04 mph, dir_err <8 degrees both; station-reported elevation 4930 ft is WRONG — Synoptic ELEV_DEM = 3779.5 ft (1152m) is correct; terrain_class exposed_ridge pending DEM re-verification at corrected elevation; error magnitude extraordinary but instrument and location are valid fire weather RAWS",44.98,65.01,68.0,2018-11-09T04:53:00Z,2018-11-09T04:00Z,17.94,71.9,-27.04,0.399,3.9,NEEDS_HRRR_TS,1152.0,47.63,289.5,506.8,exposed_ridge,dem_flag,flag,NEEDS_INVERSION,63.6,39.32,850,NEEDS_BC,NEEDS_BC,NEEDS_WN,NEEDS_WN,v3,v3_era,santa_ana,wool-C15,154.21,0.4563,1163.1,-339.6,FLAG_LARGE_RESIDUAL
woolsey_2018,WTPC1,WHITAKER PEAK,34.56938,-118.74019,CA,KEEP,,34.0,47.0,323.3,2018-11-08T11:57:00Z,2018-11-08T11:00Z,16.5,2.2,-17.5,0.485,38.9,NEEDS_HRRR_TS,1255.8,1.41,320.3,426.5,canyon_gap,dem_verified,yes,NEEDS_INVERSION,64.0,37.45,850,NEEDS_BC,NEEDS_BC,NEEDS_WN,NEEDS_WN,v3,v3_era,santa_ana,wool-C16,184.35,0.4406,1253.9,-1.9,OK
thomas_chuchupate_2017,CUUC1,CHUCHUPATE,34.80637,-119.01363,CA,DROP_OTHER,MOVED_TO_LEGACY_FLAT,N/A,N/A,N/A,N/A,N/A,N/A,N/A,N/A,N/A,N/A,N/A,1609.3,NEEDS_DEM,NEEDS_DEM,NEEDS_DEM,exposed_ridge,elev_heuristic,no,NEEDS_INVERSION,NEEDS_BC,NEEDS_BC,NEEDS_BC,NEEDS_BC,NEEDS_BC,NEEDS_WN,NEEDS_WN,v3,v3_era,NEEDS_REGIME,thom-C01,NEEDS_DEM,,,,NEEDS_DEM
kincade_ignition_2019,HWKC1,HAWKEYE,38.73509,-122.83706,CA,DROP_OTHER,MOVED_TO_LEGACY_FLAT,N/A,N/A,N/A,N/A,N/A,N/A,N/A,N/A,N/A,N/A,N/A,616.9,NEEDS_DEM,NEEDS_DEM,NEEDS_DEM,open,heuristic_unresolved,no,NEEDS_INVERSION,NEEDS_BC,NEEDS_BC,NEEDS_BC,NEEDS_BC,NEEDS_BC,NEEDS_WN,NEEDS_WN,v3,v3_era,NEEDS_REGIME,kinc-C01,NEEDS_DEM,,,,NEEDS_DEM
kincade_run_2019,HWKC1,HAWKEYE,38.73509,-122.83706,CA,DROP_OTHER,MOVED_TO_LEGACY_FLAT,N/A,N/A,N/A,N/A,N/A,N/A,N/A,N/A,N/A,N/A,N/A,616.9,7.83,65.1,334.9,exposed_ridge,dem_verified,yes,below,22.2,17.87,850,NEEDS_BC,NEEDS_BC,NEEDS_WN,NEEDS_WN,v3,v3_era,diablo_offshore_NE,kinc-C05,189.51,,618.9,2.0,OK
tubbs_2017,HWKC1,HAWKEYE,38.73509,-122.83706,CA,DROP_OTHER,MOVED_TO_LEGACY_FLAT,N/A,N/A,N/A,N/A,N/A,N/A,N/A,N/A,N/A,N/A,N/A,616.9,6.94,88.9,333.8,exposed_ridge,dem_verified,yes,above,56.3,32.21,850,NEEDS_BC,NEEDS_BC,NEEDS_WN,NEEDS_WN,v2,v2_era,diablo_offshore,tubb-C02,189.49,,618.9,2.0,OK
camp_2018,JBGC1,JARBO GAP,39.73591,-121.48898,CA,DROP_OTHER,MOVED_TO_LEGACY_FLAT,N/A,N/A,N/A,N/A,N/A,N/A,N/A,N/A,N/A,N/A,N/A,772.7,1.22,7.5,385.8,canyon_gap,dem_verified,yes,below,73.2,38.39,850,NEEDS_BC,NEEDS_BC,NEEDS_WN,NEEDS_WN,v3,v3_era,diablo_offshore,camp-C09,145.98,,765.6,-7.1,OK
missoula_2025,PNTM8,POINT 6,47.04136,-113.98631,MT,DROP_OTHER,MOVED_TO_LEGACY_FLAT,N/A,N/A,N/A,N/A,N/A,N/A,N/A,N/A,N/A,N/A,N/A,2407.0,NEEDS_DEM,NEEDS_DEM,NEEDS_DEM,exposed_ridge,elev_heuristic,no,NEEDS_INVERSION,NEEDS_BC,NEEDS_BC,NEEDS_BC,NEEDS_BC,NEEDS_BC,NEEDS_WN,NEEDS_WN,v3,v3_era,NEEDS_REGIME,miss-C01,NEEDS_DEM,,,,NEEDS_DEM
thomas_rosevalley_2017,ROVC1,ROSE VALLEY,34.54338,-119.18493,CA,DROP_OTHER,MOVED_TO_LEGACY_FLAT,N/A,N/A,N/A,N/A,N/A,N/A,N/A,N/A,N/A,N/A,N/A,1015.3,NEEDS_DEM,NEEDS_DEM,NEEDS_DEM,valley,name_heuristic,no,NEEDS_INVERSION,NEEDS_BC,NEEDS_BC,NEEDS_BC,NEEDS_BC,NEEDS_BC,NEEDS_WN,NEEDS_WN,v3,v3_era,NEEDS_REGIME,thom-C01,NEEDS_DEM,,,,NEEDS_DEM
camp_2018,SLEC1,SADDLEBACK,39.63614,-120.86399,CA,KEEP,,34.99,55.01,52.0,2018-11-08T12:18:00Z,2018-11-08T12:00Z,16.7,64.7,-18.29,0.477,12.7,NEEDS_HRRR_TS,2033.0,11.16,1.1,433.9,exposed_ridge,dem_verified,yes,near,81.3,33.51,850,NEEDS_BC,NEEDS_BC,NEEDS_WN,NEEDS_WN,v3,v3_era,diablo_offshore,camp-C12,157.68,0.4984,2024.9,-8.1,OK
woolsey_2018,CUUC1,CHUCHUPATE,34.80637,-119.01363,CA,KEEP,Synoptic obs confirmed vs WRCC (EXACT match 2026-06-07); 5280 ft Ventura County near Santa Ana inversion lid; obs dir=41deg NNE vs bc 103deg ESE (dir_err=70.5deg) — consistent above-inversion NNE flow (same pattern as thomas_2017 dir_err=64deg),15.99,28.01,41.0,2018-11-09T02:22:00Z,2018-11-09T02:00Z,21.14,111.5,5.1545,1.322,70.5,NEEDS_HRRR_TS,1609.3,3.35,164.2,107.9,open,dem_verified,yes,NEEDS_INVERSION,102.6,19.03,850,NEEDS_BC,NEEDS_BC,NEEDS_WN,NEEDS_WN,v3,v3_era,santa_ana,wool-CUUC1,96.47,1.1113,1607.9,-1.4,NEEDS_DEM
