{
"type": "FeatureCollection",
"name": "day_fl_det",
"crs": { "type": "name", "properties": { "name": "urn:ogc:def:crs:OGC:1.3:CRS84" } },
"features": [
{ "type": "Feature", "properties": { "ltg_lon": -81.96225, "ltg_lat": 29.04076, "idx": 271639, "polarity": -13493, "dttime_utc": "2026-05-11 17:21", "hrl": 44.47, "precip24h": 0.0, "erc": 23.440699, "kbdi": 515.0, "relh_min": 43.87175, "relh_max": 98.364914, "lcc": null }, "geometry": { "type": "Point", "coordinates": [ -81.96225, 29.04076 ] } },
{ "type": "Feature", "properties": { "ltg_lon": -81.92015, "ltg_lat": 29.10085, "idx": 271655, "polarity": -17267, "dttime_utc": "2026-05-11 17:30", "hrl": 7.95, "precip24h": 0.0, "erc": 23.049261, "kbdi": 503.0, "relh_min": 48.6355, "relh_max": 96.77782, "lcc": null }, "geometry": { "type": "Point", "coordinates": [ -81.92015, 29.10085 ] } },
{ "type": "Feature", "properties": { "ltg_lon": -81.86166, "ltg_lat": 29.03284, "idx": 271666, "polarity": -16987, "dttime_utc": "2026-05-11 17:33", "hrl": 7.1, "precip24h": 0.0906, "erc": 23.443945, "kbdi": 600.0, "relh_min": 47.885563, "relh_max": 96.88952, "lcc": null }, "geometry": { "type": "Point", "coordinates": [ -81.86166, 29.03284 ] } },
{ "type": "Feature", "properties": { "ltg_lon": -81.90409, "ltg_lat": 29.09664, "idx": 271680, "polarity": -21766, "dttime_utc": "2026-05-11 17:36", "hrl": 0.19, "precip24h": 0.0, "erc": 23.06654, "kbdi": 538.0, "relh_min": 47.868008, "relh_max": 96.999504, "lcc": null }, "geometry": { "type": "Point", "coordinates": [ -81.90409, 29.09664 ] } },
{ "type": "Feature", "properties": { "ltg_lon": -81.83084, "ltg_lat": 29.10023, "idx": 271686, "polarity": 23235, "dttime_utc": "2026-05-11 17:37", "hrl": 1.51, "precip24h": 0.0, "erc": 22.801407, "kbdi": 554.0, "relh_min": 47.827305, "relh_max": 96.95656, "lcc": null }, "geometry": { "type": "Point", "coordinates": [ -81.83084, 29.10023 ] } },
{ "type": "Feature", "properties": { "ltg_lon": -81.84422, "ltg_lat": 29.15308, "idx": 271687, "polarity": -14053, "dttime_utc": "2026-05-11 17:37", "hrl": 0.95, "precip24h": 0.0, "erc": 22.497416, "kbdi": 506.0, "relh_min": 48.580032, "relh_max": 96.79067, "lcc": null }, "geometry": { "type": "Point", "coordinates": [ -81.84422, 29.15308 ] } },
{ "type": "Feature", "properties": { "ltg_lon": -81.8103, "ltg_lat": 29.10389, "idx": 271694, "polarity": 11907, "dttime_utc": "2026-05-11 17:39", "hrl": 1.8, "precip24h": 0.0, "erc": 22.783493, "kbdi": 546.0, "relh_min": 47.815662, "relh_max": 96.94804, "lcc": null }, "geometry": { "type": "Point", "coordinates": [ -81.8103, 29.10389 ] } },
{ "type": "Feature", "properties": { "ltg_lon": -81.81023, "ltg_lat": 29.06358, "idx": 271700, "polarity": -12733, "dttime_utc": "2026-05-11 17:44", "hrl": 5.58, "precip24h": 0.0827, "erc": 23.281124, "kbdi": 591.0, "relh_min": 48.593006, "relh_max": 96.6398, "lcc": null }, "geometry": { "type": "Point", "coordinates": [ -81.81023, 29.06358 ] } },
{ "type": "Feature", "properties": { "ltg_lon": -82.31654, "ltg_lat": 29.57911, "idx": 271721, "polarity": -10836, "dttime_utc": "2026-05-11 17:55", "hrl": 4.92, "precip24h": 0.0, "erc": 19.213745, "kbdi": 621.0, "relh_min": 47.895355, "relh_max": 97.66508, "lcc": null }, "geometry": { "type": "Point", "coordinates": [ -82.31654, 29.57911 ] } },
{ "type": "Feature", "properties": { "ltg_lon": -82.32353, "ltg_lat": 29.56584, "idx": 271723, "polarity": -14276, "dttime_utc": "2026-05-11 17:55", "hrl": 6.24, "precip24h": 0.0, "erc": 19.424326, "kbdi": 626.0, "relh_min": 47.714928, "relh_max": 97.60352, "lcc": null }, "geometry": { "type": "Point", "coordinates": [ -82.32353, 29.56584 ] } },
{ "type": "Feature", "properties": { "ltg_lon": -82.32959, "ltg_lat": 29.57929, "idx": 271725, "polarity": -11796, "dttime_utc": "2026-05-11 17:57", "hrl": 6.43, "precip24h": 0.0, "erc": 19.13695, "kbdi": 615.0, "relh_min": 47.900818, "relh_max": 97.66818, "lcc": null }, "geometry": { "type": "Point", "coordinates": [ -82.32959, 29.57929 ] } },
{ "type": "Feature", "properties": { "ltg_lon": -81.68956, "ltg_lat": 29.08815, "idx": 271740, "polarity": 20479, "dttime_utc": "2026-05-11 18:01", "hrl": 9.46, "precip24h": 0.0984, "erc": 14.0, "kbdi": 415.0, "relh_min": 43.005203, "relh_max": 98.34925, "lcc": null }, "geometry": { "type": "Point", "coordinates": [ -81.68956, 29.08815 ] } },
{ "type": "Feature", "properties": { "ltg_lon": -81.63093, "ltg_lat": 28.48393, "idx": 271772, "polarity": -13518, "dttime_utc": "2026-05-11 18:23", "hrl": 11.16, "precip24h": 0.2638, "erc": 14.0, "kbdi": 507.0, "relh_min": 42.828373, "relh_max": 98.32815, "lcc": null }, "geometry": { "type": "Point", "coordinates": [ -81.63093, 28.48393 ] } },
{ "type": "Feature", "properties": { "ltg_lon": -81.67569, "ltg_lat": 27.01108, "idx": 271785, "polarity": -18826, "dttime_utc": "2026-05-11 18:28", "hrl": 79.28, "precip24h": 1.4213, "erc": 14.0, "kbdi": 466.0, "relh_min": 47.94331, "relh_max": 95.564606, "lcc": null }, "geometry": { "type": "Point", "coordinates": [ -81.67569, 27.01108 ] } },
{ "type": "Feature", "properties": { "ltg_lon": -81.68681, "ltg_lat": 27.00806, "idx": 271786, "polarity": -21158, "dttime_utc": "2026-05-11 18:28", "hrl": 85.9, "precip24h": 1.5, "erc": 14.0, "kbdi": 434.0, "relh_min": 47.95297, "relh_max": 95.56253, "lcc": null }, "geometry": { "type": "Point", "coordinates": [ -81.68681, 27.00806 ] } },
{ "type": "Feature", "properties": { "ltg_lon": -81.68808, "ltg_lat": 26.92484, "idx": 271788, "polarity": -23937, "dttime_utc": "2026-05-11 18:30", "hrl": 33.11, "precip24h": 0.9252, "erc": 14.0, "kbdi": 434.0, "relh_min": 48.017277, "relh_max": 95.52692, "lcc": null }, "geometry": { "type": "Point", "coordinates": [ -81.68808, 26.92484 ] } },
{ "type": "Feature", "properties": { "ltg_lon": -82.07198, "ltg_lat": 29.59644, "idx": 271789, "polarity": -11666, "dttime_utc": "2026-05-11 18:30", "hrl": 8.61, "precip24h": 0.189, "erc": 14.0, "kbdi": 485.0, "relh_min": 47.566647, "relh_max": 97.51988, "lcc": null }, "geometry": { "type": "Point", "coordinates": [ -82.07198, 29.59644 ] } },
{ "type": "Feature", "properties": { "ltg_lon": -81.59443, "ltg_lat": 27.02418, "idx": 271797, "polarity": 15485, "dttime_utc": "2026-05-11 18:34", "hrl": 10.6, "precip24h": 0.3425, "erc": 14.0, "kbdi": 475.0, "relh_min": 47.884853, "relh_max": 95.58702, "lcc": null }, "geometry": { "type": "Point", "coordinates": [ -81.59443, 27.02418 ] } },
{ "type": "Feature", "properties": { "ltg_lon": -81.63239, "ltg_lat": 27.08754, "idx": 271799, "polarity": -34273, "dttime_utc": "2026-05-11 18:36", "hrl": 7.66, "precip24h": 0.0866, "erc": 14.0, "kbdi": 417.0, "relh_min": 47.384167, "relh_max": 95.9032, "lcc": null }, "geometry": { "type": "Point", "coordinates": [ -81.63239, 27.08754 ] } },
{ "type": "Feature", "properties": { "ltg_lon": -81.74162, "ltg_lat": 26.94279, "idx": 271828, "polarity": -29789, "dttime_utc": "2026-05-11 18:48", "hrl": 49.1, "precip24h": 0.7283, "erc": 14.0, "kbdi": 435.0, "relh_min": 47.558533, "relh_max": 95.85369, "lcc": null }, "geometry": { "type": "Point", "coordinates": [ -81.74162, 26.94279 ] } },
{ "type": "Feature", "properties": { "ltg_lon": -81.63663, "ltg_lat": 27.06304, "idx": 271831, "polarity": -20024, "dttime_utc": "2026-05-11 18:51", "hrl": 42.86, "precip24h": 0.6339, "erc": 14.0, "kbdi": 431.0, "relh_min": 47.869366, "relh_max": 95.5911, "lcc": null }, "geometry": { "type": "Point", "coordinates": [ -81.63663, 27.06304 ] } },
{ "type": "Feature", "properties": { "ltg_lon": -81.65751, "ltg_lat": 28.36195, "idx": 271833, "polarity": -12513, "dttime_utc": "2026-05-11 18:53", "hrl": 1.14, "precip24h": 0.4961, "erc": 14.0, "kbdi": 510.0, "relh_min": 46.968933, "relh_max": 95.660194, "lcc": null }, "geometry": { "type": "Point", "coordinates": [ -81.65751, 28.36195 ] } },
{ "type": "Feature", "properties": { "ltg_lon": -81.67795, "ltg_lat": 28.35706, "idx": 271844, "polarity": -16753, "dttime_utc": "2026-05-11 18:56", "hrl": 12.96, "precip24h": 0.437, "erc": 14.0, "kbdi": 551.0, "relh_min": 46.89482, "relh_max": 95.93895, "lcc": null }, "geometry": { "type": "Point", "coordinates": [ -81.67795, 28.35706 ] } },
{ "type": "Feature", "properties": { "ltg_lon": -81.87083, "ltg_lat": 29.70943, "idx": 271864, "polarity": -15515, "dttime_utc": "2026-05-11 18:59", "hrl": 24.5, "precip24h": 0.9213, "erc": 19.180689, "kbdi": 480.0, "relh_min": 47.653454, "relh_max": 97.80057, "lcc": null }, "geometry": { "type": "Point", "coordinates": [ -81.87083, 29.70943 ] } },
{ "type": "Feature", "properties": { "ltg_lon": -80.92708, "ltg_lat": 27.33663, "idx": 271875, "polarity": -28434, "dttime_utc": "2026-05-11 19:05", "hrl": 27.15, "precip24h": 0.7244, "erc": 24.038746, "kbdi": 520.0, "relh_min": 46.37957, "relh_max": 97.7671, "lcc": null }, "geometry": { "type": "Point", "coordinates": [ -80.92708, 27.33663 ] } },
{ "type": "Feature", "properties": { "ltg_lon": -81.55403, "ltg_lat": 27.13665, "idx": 271889, "polarity": -14770, "dttime_utc": "2026-05-11 19:08", "hrl": 10.97, "precip24h": 0.3425, "erc": 25.577896, "kbdi": 496.0, "relh_min": 46.56543, "relh_max": 96.9237, "lcc": null }, "geometry": { "type": "Point", "coordinates": [ -81.55403, 27.13665 ] } },
{ "type": "Feature", "properties": { "ltg_lon": -81.55253, "ltg_lat": 27.14802, "idx": 271899, "polarity": 22082, "dttime_utc": "2026-05-11 19:14", "hrl": 1.32, "precip24h": 0.2283, "erc": 25.677979, "kbdi": 508.0, "relh_min": 41.486088, "relh_max": 98.302704, "lcc": null }, "geometry": { "type": "Point", "coordinates": [ -81.55253, 27.14802 ] } },
{ "type": "Feature", "properties": { "ltg_lon": -80.92783, "ltg_lat": 27.32403, "idx": 271908, "polarity": -22493, "dttime_utc": "2026-05-11 19:15", "hrl": 51.66, "precip24h": 0.9488, "erc": 23.928429, "kbdi": 540.0, "relh_min": 46.31996, "relh_max": 97.81223, "lcc": null }, "geometry": { "type": "Point", "coordinates": [ -80.92783, 27.32403 ] } },
{ "type": "Feature", "properties": { "ltg_lon": -81.55568, "ltg_lat": 27.14318, "idx": 271910, "polarity": -20210, "dttime_utc": "2026-05-11 19:15", "hrl": 1.42, "precip24h": 0.2283, "erc": 25.582945, "kbdi": 508.0, "relh_min": 46.559895, "relh_max": 96.92435, "lcc": null }, "geometry": { "type": "Point", "coordinates": [ -81.55568, 27.14318 ] } },
{ "type": "Feature", "properties": { "ltg_lon": -81.50954, "ltg_lat": 26.97596, "idx": 271916, "polarity": 16248, "dttime_utc": "2026-05-11 19:18", "hrl": 0.76, "precip24h": 0.0394, "erc": 25.547768, "kbdi": 548.0, "relh_min": 41.452145, "relh_max": 98.297935, "lcc": null }, "geometry": { "type": "Point", "coordinates": [ -81.50954, 26.97596 ] } },
{ "type": "Feature", "properties": { "ltg_lon": -82.50806, "ltg_lat": 29.70757, "idx": 271918, "polarity": 14857, "dttime_utc": "2026-05-11 19:19", "hrl": 3.6, "precip24h": 0.3701, "erc": 19.68888, "kbdi": 503.0, "relh_min": 46.98882, "relh_max": 98.228035, "lcc": null }, "geometry": { "type": "Point", "coordinates": [ -82.50806, 29.70757 ] } },
{ "type": "Feature", "properties": { "ltg_lon": -81.31461, "ltg_lat": 27.24755, "idx": 271932, "polarity": -20492, "dttime_utc": "2026-05-11 19:25", "hrl": 0.0, "precip24h": 0.0748, "erc": 25.633331, "kbdi": 619.0, "relh_min": 46.239105, "relh_max": 97.229256, "lcc": null }, "geometry": { "type": "Point", "coordinates": [ -81.31461, 27.24755 ] } },
{ "type": "Feature", "properties": { "ltg_lon": -81.29061, "ltg_lat": 27.19437, "idx": 271933, "polarity": -13990, "dttime_utc": "2026-05-11 19:26", "hrl": 4.82, "precip24h": 0.2677, "erc": 25.437492, "kbdi": 559.0, "relh_min": 41.440258, "relh_max": 98.29978, "lcc": null }, "geometry": { "type": "Point", "coordinates": [ -81.29061, 27.19437 ] } },
{ "type": "Feature", "properties": { "ltg_lon": -81.26786, "ltg_lat": 27.18682, "idx": 271935, "polarity": -9846, "dttime_utc": "2026-05-11 19:26", "hrl": 28.29, "precip24h": 0.8386, "erc": 25.281769, "kbdi": 594.0, "relh_min": 46.39039, "relh_max": 97.19113, "lcc": null }, "geometry": { "type": "Point", "coordinates": [ -81.26786, 27.18682 ] } },
{ "type": "Feature", "properties": { "ltg_lon": -81.02337, "ltg_lat": 27.24412, "idx": 271939, "polarity": -28795, "dttime_utc": "2026-05-11 19:27", "hrl": 86.38, "precip24h": 1.8858, "erc": 24.345266, "kbdi": 573.0, "relh_min": 46.416885, "relh_max": 97.51521, "lcc": 121.602 }, "geometry": { "type": "Point", "coordinates": [ -81.02337, 27.24412 ] } },
{ "type": "Feature", "properties": { "ltg_lon": -82.0934, "ltg_lat": 29.85946, "idx": 271945, "polarity": -13201, "dttime_utc": "2026-05-11 19:27", "hrl": 2.55, "precip24h": 0.2598, "erc": 19.591549, "kbdi": 597.0, "relh_min": 45.90434, "relh_max": 98.126495, "lcc": null }, "geometry": { "type": "Point", "coordinates": [ -82.0934, 29.85946 ] } },
{ "type": "Feature", "properties": { "ltg_lon": -81.03625, "ltg_lat": 27.24991, "idx": 271938, "polarity": -17313, "dttime_utc": "2026-05-11 19:27", "hrl": 83.07, "precip24h": 1.7402, "erc": 24.418766, "kbdi": 625.0, "relh_min": 46.4233, "relh_max": 97.48902, "lcc": null }, "geometry": { "type": "Point", "coordinates": [ -81.03625, 27.24991 ] } },
{ "type": "Feature", "properties": { "ltg_lon": -82.09916, "ltg_lat": 29.85203, "idx": 271944, "polarity": -11511, "dttime_utc": "2026-05-11 19:27", "hrl": 9.27, "precip24h": 0.2598, "erc": 19.58142, "kbdi": 597.0, "relh_min": 46.830967, "relh_max": 98.75904, "lcc": null }, "geometry": { "type": "Point", "coordinates": [ -82.09916, 29.85203 ] } },
{ "type": "Feature", "properties": { "ltg_lon": -81.34028, "ltg_lat": 27.23021, "idx": 271941, "polarity": -27173, "dttime_utc": "2026-05-11 19:27", "hrl": 0.85, "precip24h": 0.0827, "erc": 25.523766, "kbdi": 570.0, "relh_min": 46.36507, "relh_max": 96.15027, "lcc": null }, "geometry": { "type": "Point", "coordinates": [ -81.34028, 27.23021 ] } },
{ "type": "Feature", "properties": { "ltg_lon": -81.27117, "ltg_lat": 27.18319, "idx": 271948, "polarity": -41779, "dttime_utc": "2026-05-11 19:28", "hrl": 15.33, "precip24h": 0.6496, "erc": 25.286943, "kbdi": 590.0, "relh_min": 46.46296, "relh_max": 96.12272, "lcc": null }, "geometry": { "type": "Point", "coordinates": [ -81.27117, 27.18319 ] } },
{ "type": "Feature", "properties": { "ltg_lon": -81.27057, "ltg_lat": 27.1866, "idx": 271949, "polarity": -25828, "dttime_utc": "2026-05-11 19:28", "hrl": 20.72, "precip24h": 0.6496, "erc": 25.286427, "kbdi": 590.0, "relh_min": 46.389694, "relh_max": 97.18912, "lcc": null }, "geometry": { "type": "Point", "coordinates": [ -81.27057, 27.1866 ] } },
{ "type": "Feature", "properties": { "ltg_lon": -81.40884, "ltg_lat": 27.16398, "idx": 271953, "polarity": 15542, "dttime_utc": "2026-05-11 19:29", "hrl": 6.34, "precip24h": 0.3425, "erc": 25.592356, "kbdi": 573.0, "relh_min": 46.429615, "relh_max": 97.06653, "lcc": null }, "geometry": { "type": "Point", "coordinates": [ -81.40884, 27.16398 ] } },
{ "type": "Feature", "properties": { "ltg_lon": -80.9475, "ltg_lat": 27.20574, "idx": 271959, "polarity": -10492, "dttime_utc": "2026-05-11 19:31", "hrl": 60.93, "precip24h": 1.9803, "erc": 23.720823, "kbdi": 553.0, "relh_min": 46.440014, "relh_max": 96.52312, "lcc": null }, "geometry": { "type": "Point", "coordinates": [ -80.9475, 27.20574 ] } },
{ "type": "Feature", "properties": { "ltg_lon": -80.88815, "ltg_lat": 27.23483, "idx": 271964, "polarity": -30502, "dttime_utc": "2026-05-11 19:33", "hrl": 58.75, "precip24h": 1.2835, "erc": 22.54846, "kbdi": 452.0, "relh_min": 46.058758, "relh_max": 97.134575, "lcc": null }, "geometry": { "type": "Point", "coordinates": [ -80.88815, 27.23483 ] } },
{ "type": "Feature", "properties": { "ltg_lon": -80.9531, "ltg_lat": 27.2331, "idx": 271976, "polarity": 17697, "dttime_utc": "2026-05-11 19:37", "hrl": 81.65, "precip24h": 2.2362, "erc": 23.7452, "kbdi": 553.0, "relh_min": 46.396133, "relh_max": 96.5809, "lcc": null }, "geometry": { "type": "Point", "coordinates": [ -80.9531, 27.2331 ] } },
{ "type": "Feature", "properties": { "ltg_lon": -81.42731, "ltg_lat": 29.39245, "idx": 271977, "polarity": -8587, "dttime_utc": "2026-05-11 19:37", "hrl": 66.51, "precip24h": 1.1181, "erc": 20.227207, "kbdi": 203.0, "relh_min": 46.486538, "relh_max": 97.01278, "lcc": null }, "geometry": { "type": "Point", "coordinates": [ -81.42731, 29.39245 ] } },
{ "type": "Feature", "properties": { "ltg_lon": -81.40882, "ltg_lat": 29.37917, "idx": 271978, "polarity": -10586, "dttime_utc": "2026-05-11 19:37", "hrl": 48.63, "precip24h": 0.4764, "erc": 20.326517, "kbdi": 283.0, "relh_min": 46.51769, "relh_max": 96.981094, "lcc": null }, "geometry": { "type": "Point", "coordinates": [ -81.40882, 29.37917 ] } },
{ "type": "Feature", "properties": { "ltg_lon": -81.20103, "ltg_lat": 28.70069, "idx": 271979, "polarity": -17039, "dttime_utc": "2026-05-11 19:37", "hrl": 24.98, "precip24h": 0.3504, "erc": 25.567192, "kbdi": 360.0, "relh_min": 45.96672, "relh_max": 96.21435, "lcc": null }, "geometry": { "type": "Point", "coordinates": [ -81.20103, 28.70069 ] } },
{ "type": "Feature", "properties": { "ltg_lon": -82.0107, "ltg_lat": 29.86827, "idx": 271988, "polarity": 21520, "dttime_utc": "2026-05-11 19:39", "hrl": 17.69, "precip24h": 0.5472, "erc": 19.522724, "kbdi": 578.0, "relh_min": 45.922184, "relh_max": 98.14891, "lcc": null }, "geometry": { "type": "Point", "coordinates": [ -82.0107, 29.86827 ] } },
{ "type": "Feature", "properties": { "ltg_lon": -81.49441, "ltg_lat": 29.85417, "idx": 271993, "polarity": -17385, "dttime_utc": "2026-05-11 19:41", "hrl": 26.87, "precip24h": 0.3858, "erc": 19.136347, "kbdi": 405.0, "relh_min": 46.273384, "relh_max": 97.56606, "lcc": null }, "geometry": { "type": "Point", "coordinates": [ -81.49441, 29.85417 ] } },
{ "type": "Feature", "properties": { "ltg_lon": -81.11557, "ltg_lat": 27.17325, "idx": 271998, "polarity": 18556, "dttime_utc": "2026-05-11 19:42", "hrl": 79.75, "precip24h": 1.6772, "erc": 24.38988, "kbdi": 544.0, "relh_min": 46.534637, "relh_max": 96.18367, "lcc": null }, "geometry": { "type": "Point", "coordinates": [ -81.11557, 27.17325 ] } },
{ "type": "Feature", "properties": { "ltg_lon": -81.10776, "ltg_lat": 27.17461, "idx": 271999, "polarity": 17607, "dttime_utc": "2026-05-11 19:42", "hrl": 85.05, "precip24h": 1.9291, "erc": 24.367125, "kbdi": 544.0, "relh_min": 46.535553, "relh_max": 96.190735, "lcc": null }, "geometry": { "type": "Point", "coordinates": [ -81.10776, 27.17461 ] } },
{ "type": "Feature", "properties": { "ltg_lon": -81.41209, "ltg_lat": 29.38871, "idx": 272001, "polarity": -11739, "dttime_utc": "2026-05-11 19:43", "hrl": 69.06, "precip24h": 0.9331, "erc": 20.1659, "kbdi": 216.0, "relh_min": 46.506714, "relh_max": 96.99916, "lcc": null }, "geometry": { "type": "Point", "coordinates": [ -81.41209, 29.38871 ] } },
{ "type": "Feature", "properties": { "ltg_lon": -81.96564, "ltg_lat": 29.87382, "idx": 272003, "polarity": -29088, "dttime_utc": "2026-05-11 19:43", "hrl": 24.41, "precip24h": 0.6142, "erc": 19.385946, "kbdi": 582.0, "relh_min": 45.891735, "relh_max": 97.888466, "lcc": null }, "geometry": { "type": "Point", "coordinates": [ -81.96564, 29.87382 ] } },
{ "type": "Feature", "properties": { "ltg_lon": -81.02146, "ltg_lat": 27.23604, "idx": 272004, "polarity": -21480, "dttime_utc": "2026-05-11 19:43", "hrl": 91.11, "precip24h": 2.4685, "erc": 24.335176, "kbdi": 606.0, "relh_min": 46.47706, "relh_max": 96.36957, "lcc": null }, "geometry": { "type": "Point", "coordinates": [ -81.02146, 27.23604 ] } },
{ "type": "Feature", "properties": { "ltg_lon": -81.41702, "ltg_lat": 29.39244, "idx": 272010, "polarity": -24975, "dttime_utc": "2026-05-11 19:44", "hrl": 66.13, "precip24h": 1.1063, "erc": 20.175314, "kbdi": 204.0, "relh_min": 46.498165, "relh_max": 97.00783, "lcc": null }, "geometry": { "type": "Point", "coordinates": [ -81.41702, 29.39244 ] } },
{ "type": "Feature", "properties": { "ltg_lon": -81.38212, "ltg_lat": 29.4051, "idx": 272011, "polarity": -22696, "dttime_utc": "2026-05-11 19:44", "hrl": 65.18, "precip24h": 0.8386, "erc": 19.788713, "kbdi": 220.0, "relh_min": 46.533302, "relh_max": 97.0143, "lcc": null }, "geometry": { "type": "Point", "coordinates": [ -81.38212, 29.4051 ] } },
{ "type": "Feature", "properties": { "ltg_lon": -81.5578, "ltg_lat": 29.90859, "idx": 272015, "polarity": -17300, "dttime_utc": "2026-05-11 19:45", "hrl": 5.39, "precip24h": 0.5945, "erc": 19.09788, "kbdi": 549.0, "relh_min": 46.097282, "relh_max": 97.59948, "lcc": null }, "geometry": { "type": "Point", "coordinates": [ -81.5578, 29.90859 ] } },
{ "type": "Feature", "properties": { "ltg_lon": -81.55306, "ltg_lat": 29.91156, "idx": 272017, "polarity": -16566, "dttime_utc": "2026-05-11 19:45", "hrl": 2.46, "precip24h": 0.4449, "erc": 19.13219, "kbdi": 548.0, "relh_min": 46.098373, "relh_max": 97.600204, "lcc": null }, "geometry": { "type": "Point", "coordinates": [ -81.55306, 29.91156 ] } },
{ "type": "Feature", "properties": { "ltg_lon": -81.04483, "ltg_lat": 27.22173, "idx": 272018, "polarity": -21208, "dttime_utc": "2026-05-11 19:45", "hrl": 92.24, "precip24h": 2.5315, "erc": 24.395653, "kbdi": 588.0, "relh_min": 46.495575, "relh_max": 96.31246, "lcc": null }, "geometry": { "type": "Point", "coordinates": [ -81.04483, 27.22173 ] } },
{ "type": "Feature", "properties": { "ltg_lon": -81.39077, "ltg_lat": 29.40057, "idx": 272020, "polarity": -12977, "dttime_utc": "2026-05-11 19:45", "hrl": 53.45, "precip24h": 0.874, "erc": 19.865374, "kbdi": 224.0, "relh_min": 46.52562, "relh_max": 97.010155, "lcc": null }, "geometry": { "type": "Point", "coordinates": [ -81.39077, 29.40057 ] } },
{ "type": "Feature", "properties": { "ltg_lon": -81.41379, "ltg_lat": 29.40611, "idx": 272023, "polarity": -8471, "dttime_utc": "2026-05-11 19:45", "hrl": 55.06, "precip24h": 0.9882, "erc": 20.100138, "kbdi": 218.0, "relh_min": 46.49266, "relh_max": 97.0293, "lcc": null }, "geometry": { "type": "Point", "coordinates": [ -81.41379, 29.40611 ] } },
{ "type": "Feature", "properties": { "ltg_lon": -81.5401, "ltg_lat": 29.912, "idx": 272026, "polarity": -18740, "dttime_utc": "2026-05-11 19:46", "hrl": 3.41, "precip24h": 0.5039, "erc": 19.124218, "kbdi": 546.0, "relh_min": 46.120495, "relh_max": 97.59984, "lcc": null }, "geometry": { "type": "Point", "coordinates": [ -81.5401, 29.912 ] } },
{ "type": "Feature", "properties": { "ltg_lon": -81.55694, "ltg_lat": 29.90302, "idx": 272028, "polarity": -14618, "dttime_utc": "2026-05-11 19:46", "hrl": 5.3, "precip24h": 0.5945, "erc": 19.086193, "kbdi": 549.0, "relh_min": 46.110687, "relh_max": 97.59742, "lcc": null }, "geometry": { "type": "Point", "coordinates": [ -81.55694, 29.90302 ] } },
{ "type": "Feature", "properties": { "ltg_lon": -81.03784, "ltg_lat": 27.22397, "idx": 272027, "polarity": -20584, "dttime_utc": "2026-05-11 19:46", "hrl": 95.27, "precip24h": 2.8228, "erc": 24.428806, "kbdi": 596.0, "relh_min": 46.492596, "relh_max": 96.32601, "lcc": null }, "geometry": { "type": "Point", "coordinates": [ -81.03784, 27.22397 ] } },
{ "type": "Feature", "properties": { "ltg_lon": -81.0488, "ltg_lat": 27.21209, "idx": 272030, "polarity": -21564, "dttime_utc": "2026-05-11 19:46", "hrl": 95.65, "precip24h": 2.937, "erc": 24.385103, "kbdi": 569.0, "relh_min": 46.50537, "relh_max": 96.29525, "lcc": null }, "geometry": { "type": "Point", "coordinates": [ -81.0488, 27.21209 ] } },
{ "type": "Feature", "properties": { "ltg_lon": -81.04984, "ltg_lat": 27.22426, "idx": 272031, "polarity": -20519, "dttime_utc": "2026-05-11 19:46", "hrl": 93.76, "precip24h": 2.5315, "erc": 24.417791, "kbdi": 588.0, "relh_min": 46.493427, "relh_max": 96.30794, "lcc": null }, "geometry": { "type": "Point", "coordinates": [ -81.04984, 27.22426 ] } },
{ "type": "Feature", "properties": { "ltg_lon": -81.40543, "ltg_lat": 29.40943, "idx": 272033, "polarity": -25161, "dttime_utc": "2026-05-11 19:46", "hrl": 53.64, "precip24h": 0.9213, "erc": 19.916119, "kbdi": 222.0, "relh_min": 46.499306, "relh_max": 97.03098, "lcc": null }, "geometry": { "type": "Point", "coordinates": [ -81.40543, 29.40943 ] } },
{ "type": "Feature", "properties": { "ltg_lon": -81.35489, "ltg_lat": 29.40664, "idx": 272034, "polarity": -14066, "dttime_utc": "2026-05-11 19:46", "hrl": 59.89, "precip24h": 0.8228, "erc": 19.716604, "kbdi": 240.0, "relh_min": 46.575764, "relh_max": 97.00774, "lcc": null }, "geometry": { "type": "Point", "coordinates": [ -81.35489, 29.40664 ] } },
{ "type": "Feature", "properties": { "ltg_lon": -81.56828, "ltg_lat": 29.90237, "idx": 272035, "polarity": -13036, "dttime_utc": "2026-05-11 19:47", "hrl": 3.97, "precip24h": 0.4843, "erc": 19.092243, "kbdi": 553.0, "relh_min": 46.096714, "relh_max": 97.59858, "lcc": null }, "geometry": { "type": "Point", "coordinates": [ -81.56828, 29.90237 ] } },
{ "type": "Feature", "properties": { "ltg_lon": -81.56653, "ltg_lat": 29.90551, "idx": 272036, "polarity": -16561, "dttime_utc": "2026-05-11 19:47", "hrl": 4.16, "precip24h": 0.4843, "erc": 19.097595, "kbdi": 553.0, "relh_min": 46.091724, "relh_max": 97.59936, "lcc": null }, "geometry": { "type": "Point", "coordinates": [ -81.56653, 29.90551 ] } },
{ "type": "Feature", "properties": { "ltg_lon": -81.56355, "ltg_lat": 29.90385, "idx": 272037, "polarity": -10839, "dttime_utc": "2026-05-11 19:47", "hrl": 4.07, "precip24h": 0.4843, "erc": 19.092194, "kbdi": 553.0, "relh_min": 46.099552, "relh_max": 97.59845, "lcc": null }, "geometry": { "type": "Point", "coordinates": [ -81.56355, 29.90385 ] } },
{ "type": "Feature", "properties": { "ltg_lon": -81.0514, "ltg_lat": 27.21494, "idx": 272039, "polarity": -28755, "dttime_utc": "2026-05-11 19:47", "hrl": 94.89, "precip24h": 2.7165, "erc": 24.395344, "kbdi": 569.0, "relh_min": 46.502537, "relh_max": 96.295074, "lcc": null }, "geometry": { "type": "Point", "coordinates": [ -81.0514, 27.21494 ] } },
{ "type": "Feature", "properties": { "ltg_lon": -81.01892, "ltg_lat": 27.24984, "idx": 272041, "polarity": 13833, "dttime_utc": "2026-05-11 19:47", "hrl": 85.62, "precip24h": 1.9094, "erc": 24.319012, "kbdi": 610.0, "relh_min": 46.46518, "relh_max": 96.38858, "lcc": null }, "geometry": { "type": "Point", "coordinates": [ -81.01892, 27.24984 ] } },
{ "type": "Feature", "properties": { "ltg_lon": -81.39012, "ltg_lat": 29.38576, "idx": 272042, "polarity": -9873, "dttime_utc": "2026-05-11 19:47", "hrl": 62.91, "precip24h": 0.748, "erc": 20.188356, "kbdi": 246.0, "relh_min": 46.5407, "relh_max": 96.98473, "lcc": null }, "geometry": { "type": "Point", "coordinates": [ -81.39012, 29.38576 ] } },
{ "type": "Feature", "properties": { "ltg_lon": -81.40109, "ltg_lat": 29.40821, "idx": 272045, "polarity": -14464, "dttime_utc": "2026-05-11 19:47", "hrl": 53.74, "precip24h": 0.9213, "erc": 19.895693, "kbdi": 222.0, "relh_min": 46.505306, "relh_max": 97.027084, "lcc": null }, "geometry": { "type": "Point", "coordinates": [ -81.40109, 29.40821 ] } },
{ "type": "Feature", "properties": { "ltg_lon": -81.51178, "ltg_lat": 29.93183, "idx": 272049, "polarity": 13071, "dttime_utc": "2026-05-11 19:48", "hrl": 1.61, "precip24h": 0.2362, "erc": 19.188816, "kbdi": 523.0, "relh_min": 46.15497, "relh_max": 97.61128, "lcc": null }, "geometry": { "type": "Point", "coordinates": [ -81.51178, 29.93183 ] } },
{ "type": "Feature", "properties": { "ltg_lon": -81.03909, "ltg_lat": 27.23549, "idx": 272050, "polarity": -21880, "dttime_utc": "2026-05-11 19:48", "hrl": 89.31, "precip24h": 2.2008, "erc": 24.432121, "kbdi": 610.0, "relh_min": 46.482338, "relh_max": 96.33659, "lcc": null }, "geometry": { "type": "Point", "coordinates": [ -81.03909, 27.23549 ] } },
{ "type": "Feature", "properties": { "ltg_lon": -81.05484, "ltg_lat": 27.21962, "idx": 272051, "polarity": -24636, "dttime_utc": "2026-05-11 19:48", "hrl": 93.57, "precip24h": 2.7165, "erc": 24.509789, "kbdi": 569.0, "relh_min": 46.49789, "relh_max": 96.295784, "lcc": null }, "geometry": { "type": "Point", "coordinates": [ -81.05484, 27.21962 ] } },
{ "type": "Feature", "properties": { "ltg_lon": -81.02361, "ltg_lat": 27.23599, "idx": 272052, "polarity": -26877, "dttime_utc": "2026-05-11 19:48", "hrl": 91.01, "precip24h": 2.4685, "erc": 24.347733, "kbdi": 606.0, "relh_min": 46.47794, "relh_max": 96.36521, "lcc": null }, "geometry": { "type": "Point", "coordinates": [ -81.02361, 27.23599 ] } },
{ "type": "Feature", "properties": { "ltg_lon": -81.05364, "ltg_lat": 27.22278, "idx": 272055, "polarity": -25910, "dttime_utc": "2026-05-11 19:48", "hrl": 92.72, "precip24h": 2.3189, "erc": 24.503962, "kbdi": 582.0, "relh_min": 46.49486, "relh_max": 96.30095, "lcc": null }, "geometry": { "type": "Point", "coordinates": [ -81.05364, 27.22278 ] } },
{ "type": "Feature", "properties": { "ltg_lon": -81.45988, "ltg_lat": 29.85714, "idx": 272058, "polarity": -21915, "dttime_utc": "2026-05-11 19:48", "hrl": 13.62, "precip24h": 0.2992, "erc": 19.195349, "kbdi": 436.0, "relh_min": 46.328922, "relh_max": 97.56499, "lcc": null }, "geometry": { "type": "Point", "coordinates": [ -81.45988, 29.85714 ] } },
{ "type": "Feature", "properties": { "ltg_lon": -81.36115, "ltg_lat": 29.42215, "idx": 272057, "polarity": 12595, "dttime_utc": "2026-05-11 19:48", "hrl": 24.12, "precip24h": 0.4055, "erc": 19.557045, "kbdi": 247.0, "relh_min": 46.54222, "relh_max": 97.03418, "lcc": null }, "geometry": { "type": "Point", "coordinates": [ -81.36115, 29.42215 ] } },
{ "type": "Feature", "properties": { "ltg_lon": -81.54771, "ltg_lat": 29.91476, "idx": 272066, "polarity": -53733, "dttime_utc": "2026-05-11 19:49", "hrl": 3.22, "precip24h": 0.5039, "erc": 19.134487, "kbdi": 546.0, "relh_min": 46.10087, "relh_max": 97.60115, "lcc": null }, "geometry": { "type": "Point", "coordinates": [ -81.54771, 29.91476 ] } },
{ "type": "Feature", "properties": { "ltg_lon": -81.51757, "ltg_lat": 29.91889, "idx": 272061, "polarity": -17623, "dttime_utc": "2026-05-11 19:49", "hrl": 21.1, "precip24h": 0.5512, "erc": 19.17288, "kbdi": 499.0, "relh_min": 46.15933, "relh_max": 97.60398, "lcc": null }, "geometry": { "type": "Point", "coordinates": [ -81.51757, 29.91889 ] } },
{ "type": "Feature", "properties": { "ltg_lon": -81.02318, "ltg_lat": 27.23548, "idx": 272068, "polarity": -23848, "dttime_utc": "2026-05-11 19:49", "hrl": 90.92, "precip24h": 2.4685, "erc": 24.345388, "kbdi": 606.0, "relh_min": 46.478218, "relh_max": 96.3655, "lcc": null }, "geometry": { "type": "Point", "coordinates": [ -81.02318, 27.23548 ] } },
{ "type": "Feature", "properties": { "ltg_lon": -80.98509, "ltg_lat": 27.21267, "idx": 272069, "polarity": -11632, "dttime_utc": "2026-05-11 19:49", "hrl": 87.13, "precip24h": 3.1181, "erc": 24.089518, "kbdi": 597.0, "relh_min": 46.477444, "relh_max": 96.42114, "lcc": null }, "geometry": { "type": "Point", "coordinates": [ -80.98509, 27.21267 ] } },
{ "type": "Feature", "properties": { "ltg_lon": -81.51847, "ltg_lat": 29.89209, "idx": 272073, "polarity": -92665, "dttime_utc": "2026-05-11 19:50", "hrl": 32.07, "precip24h": 1.0197, "erc": 19.094934, "kbdi": 495.0, "relh_min": 46.195816, "relh_max": 97.59022, "lcc": null }, "geometry": { "type": "Point", "coordinates": [ -81.51847, 29.89209 ] } },
{ "type": "Feature", "properties": { "ltg_lon": -81.5228, "ltg_lat": 29.89157, "idx": 272072, "polarity": -31967, "dttime_utc": "2026-05-11 19:50", "hrl": 30.09, "precip24h": 0.9606, "erc": 19.096458, "kbdi": 504.0, "relh_min": 46.188194, "relh_max": 97.59008, "lcc": null }, "geometry": { "type": "Point", "coordinates": [ -81.5228, 29.89157 ] } },
{ "type": "Feature", "properties": { "ltg_lon": -81.49353, "ltg_lat": 29.90039, "idx": 272075, "polarity": -14533, "dttime_utc": "2026-05-11 19:50", "hrl": 39.64, "precip24h": 0.8346, "erc": 19.094355, "kbdi": 468.0, "relh_min": 46.248386, "relh_max": 97.59668, "lcc": null }, "geometry": { "type": "Point", "coordinates": [ -81.49353, 29.90039 ] } },
{ "type": "Feature", "properties": { "ltg_lon": -81.52706, "ltg_lat": 29.92981, "idx": 272076, "polarity": -91588, "dttime_utc": "2026-05-11 19:51", "hrl": 2.65, "precip24h": 0.3386, "erc": 19.145428, "kbdi": 513.0, "relh_min": 46.11558, "relh_max": 97.608086, "lcc": null }, "geometry": { "type": "Point", "coordinates": [ -81.52706, 29.92981 ] } },
{ "type": "Feature", "properties": { "ltg_lon": -81.50366, "ltg_lat": 29.91108, "idx": 272084, "polarity": -50489, "dttime_utc": "2026-05-11 19:52", "hrl": 6.15, "precip24h": 0.5787, "erc": 19.150085, "kbdi": 475.0, "relh_min": 46.208855, "relh_max": 97.60167, "lcc": null }, "geometry": { "type": "Point", "coordinates": [ -81.50366, 29.91108 ] } },
{ "type": "Feature", "properties": { "ltg_lon": -81.51145, "ltg_lat": 29.92716, "idx": 272080, "polarity": -21785, "dttime_utc": "2026-05-11 19:52", "hrl": 15.23, "precip24h": 0.3425, "erc": 19.181322, "kbdi": 521.0, "relh_min": 46.163647, "relh_max": 97.609024, "lcc": null }, "geometry": { "type": "Point", "coordinates": [ -81.51145, 29.92716 ] } },
{ "type": "Feature", "properties": { "ltg_lon": -81.09113, "ltg_lat": 27.30507, "idx": 272088, "polarity": -27796, "dttime_utc": "2026-05-11 19:52", "hrl": 75.02, "precip24h": 1.2835, "erc": 24.936523, "kbdi": 614.0, "relh_min": 46.419003, "relh_max": 96.31989, "lcc": null }, "geometry": { "type": "Point", "coordinates": [ -81.09113, 27.30507 ] } },
{ "type": "Feature", "properties": { "ltg_lon": -81.49809, "ltg_lat": 29.94629, "idx": 272090, "polarity": 16695, "dttime_utc": "2026-05-11 19:52", "hrl": 13.25, "precip24h": 0.1732, "erc": 19.1979, "kbdi": 500.0, "relh_min": 46.17799, "relh_max": 97.62207, "lcc": null }, "geometry": { "type": "Point", "coordinates": [ -81.49809, 29.94629 ] } },
{ "type": "Feature", "properties": { "ltg_lon": -81.28639, "ltg_lat": 29.3773, "idx": 272091, "polarity": -34435, "dttime_utc": "2026-05-11 19:53", "hrl": 56.67, "precip24h": 0.9291, "erc": 19.228016, "kbdi": 285.0, "relh_min": 46.837135, "relh_max": 96.95285, "lcc": null }, "geometry": { "type": "Point", "coordinates": [ -81.28639, 29.3773 ] } },
{ "type": "Feature", "properties": { "ltg_lon": -82.16691, "ltg_lat": 29.68742, "idx": 272092, "polarity": -43015, "dttime_utc": "2026-05-11 19:53", "hrl": 10.31, "precip24h": 0.2008, "erc": 19.53641, "kbdi": 480.0, "relh_min": 46.103527, "relh_max": 97.72175, "lcc": null }, "geometry": { "type": "Point", "coordinates": [ -82.16691, 29.68742 ] } },
{ "type": "Feature", "properties": { "ltg_lon": -80.90844, "ltg_lat": 27.26535, "idx": 272093, "polarity": 15683, "dttime_utc": "2026-05-11 19:54", "hrl": 62.25, "precip24h": 1.4291, "erc": 23.108778, "kbdi": 517.0, "relh_min": 46.137238, "relh_max": 97.00976, "lcc": null }, "geometry": { "type": "Point", "coordinates": [ -80.90844, 27.26535 ] } },
{ "type": "Feature", "properties": { "ltg_lon": -81.29071, "ltg_lat": 29.3919, "idx": 272094, "polarity": -14312, "dttime_utc": "2026-05-11 19:54", "hrl": 36.05, "precip24h": 0.5827, "erc": 19.128777, "kbdi": 268.0, "relh_min": 46.774704, "relh_max": 96.97538, "lcc": null }, "geometry": { "type": "Point", "coordinates": [ -81.29071, 29.3919 ] } },
{ "type": "Feature", "properties": { "ltg_lon": -81.55923, "ltg_lat": 29.89816, "idx": 272095, "polarity": -15364, "dttime_utc": "2026-05-11 19:54", "hrl": 14.85, "precip24h": 0.7441, "erc": 19.077707, "kbdi": 526.0, "relh_min": 46.118088, "relh_max": 97.595985, "lcc": null }, "geometry": { "type": "Point", "coordinates": [ -81.55923, 29.89816 ] } },
{ "type": "Feature", "properties": { "ltg_lon": -81.0239, "ltg_lat": 27.17416, "idx": 272101, "polarity": 18899, "dttime_utc": "2026-05-11 19:55", "hrl": 24.88, "precip24h": 2.4528, "erc": 23.885405, "kbdi": 614.0, "relh_min": 46.54717, "relh_max": 96.27481, "lcc": null }, "geometry": { "type": "Point", "coordinates": [ -81.0239, 27.17416 ] } },
{ "type": "Feature", "properties": { "ltg_lon": -81.29673, "ltg_lat": 29.38489, "idx": 272102, "polarity": -25746, "dttime_utc": "2026-05-11 19:55", "hrl": 43.24, "precip24h": 0.6496, "erc": 19.260302, "kbdi": 282.0, "relh_min": 46.77401, "relh_max": 96.96422, "lcc": null }, "geometry": { "type": "Point", "coordinates": [ -81.29673, 29.38489 ] } },
{ "type": "Feature", "properties": { "ltg_lon": -80.8637, "ltg_lat": 27.26715, "idx": 272104, "polarity": 15261, "dttime_utc": "2026-05-11 19:55", "hrl": 57.62, "precip24h": 0.9724, "erc": 20.835245, "kbdi": 502.0, "relh_min": 45.210464, "relh_max": 98.33259, "lcc": null }, "geometry": { "type": "Point", "coordinates": [ -80.8637, 27.26715 ] } },
{ "type": "Feature", "properties": { "ltg_lon": -81.03043, "ltg_lat": 27.21409, "idx": 272105, "polarity": -22069, "dttime_utc": "2026-05-11 19:55", "hrl": 95.46, "precip24h": 3.1614, "erc": 24.29762, "kbdi": 569.0, "relh_min": 46.501022, "relh_max": 96.32601, "lcc": null }, "geometry": { "type": "Point", "coordinates": [ -81.03043, 27.21409 ] } },
{ "type": "Feature", "properties": { "ltg_lon": -81.25047, "ltg_lat": 29.376, "idx": 272110, "polarity": -15356, "dttime_utc": "2026-05-11 19:56", "hrl": 53.93, "precip24h": 0.9567, "erc": 18.889046, "kbdi": 283.0, "relh_min": 47.02226, "relh_max": 96.9605, "lcc": null }, "geometry": { "type": "Point", "coordinates": [ -81.25047, 29.376 ] } },
{ "type": "Feature", "properties": { "ltg_lon": -81.28647, "ltg_lat": 29.39232, "idx": 272111, "polarity": -22869, "dttime_utc": "2026-05-11 19:56", "hrl": 35.0, "precip24h": 0.563, "erc": 19.076889, "kbdi": 273.0, "relh_min": 46.788586, "relh_max": 96.97622, "lcc": null }, "geometry": { "type": "Point", "coordinates": [ -81.28647, 29.39232 ] } },
{ "type": "Feature", "properties": { "ltg_lon": -82.34487, "ltg_lat": 29.69563, "idx": 272112, "polarity": -21686, "dttime_utc": "2026-05-11 19:56", "hrl": 40.49, "precip24h": 0.4055, "erc": 19.521158, "kbdi": 529.0, "relh_min": 46.160862, "relh_max": 97.786064, "lcc": null }, "geometry": { "type": "Point", "coordinates": [ -82.34487, 29.69563 ] } },
{ "type": "Feature", "properties": { "ltg_lon": -81.25918, "ltg_lat": 29.38758, "idx": 272116, "polarity": -16129, "dttime_utc": "2026-05-11 19:57", "hrl": 48.25, "precip24h": 0.8543, "erc": 18.829243, "kbdi": 276.0, "relh_min": 46.920696, "relh_max": 96.973564, "lcc": null }, "geometry": { "type": "Point", "coordinates": [ -81.25918, 29.38758 ] } },
{ "type": "Feature", "properties": { "ltg_lon": -81.60214, "ltg_lat": 26.84174, "idx": 272117, "polarity": -22796, "dttime_utc": "2026-05-11 19:57", "hrl": 39.92, "precip24h": 0.5551, "erc": 25.48794, "kbdi": 381.0, "relh_min": 46.846584, "relh_max": 95.79108, "lcc": null }, "geometry": { "type": "Point", "coordinates": [ -81.60214, 26.84174 ] } },
{ "type": "Feature", "properties": { "ltg_lon": -81.5425, "ltg_lat": 29.84611, "idx": 272120, "polarity": -15755, "dttime_utc": "2026-05-11 19:57", "hrl": 55.35, "precip24h": 0.5472, "erc": 19.197712, "kbdi": 403.0, "relh_min": 46.244312, "relh_max": 97.57424, "lcc": null }, "geometry": { "type": "Point", "coordinates": [ -81.5425, 29.84611 ] } },
{ "type": "Feature", "properties": { "ltg_lon": -81.38888, "ltg_lat": 28.33329, "idx": 272121, "polarity": 17963, "dttime_utc": "2026-05-11 19:57", "hrl": 7.19, "precip24h": 0.2165, "erc": 26.763926, "kbdi": 519.0, "relh_min": 45.630535, "relh_max": 96.09838, "lcc": null }, "geometry": { "type": "Point", "coordinates": [ -81.38888, 28.33329 ] } },
{ "type": "Feature", "properties": { "ltg_lon": -81.42442, "ltg_lat": 28.3308, "idx": 272122, "polarity": -23184, "dttime_utc": "2026-05-11 19:57", "hrl": 18.83, "precip24h": 0.3031, "erc": 27.005116, "kbdi": 428.0, "relh_min": 45.595036, "relh_max": 96.10911, "lcc": null }, "geometry": { "type": "Point", "coordinates": [ -81.42442, 28.3308 ] } },
{ "type": "Feature", "properties": { "ltg_lon": -82.33261, "ltg_lat": 29.64641, "idx": 272124, "polarity": -9966, "dttime_utc": "2026-05-11 19:57", "hrl": 58.09, "precip24h": 1.1496, "erc": 19.568237, "kbdi": 610.0, "relh_min": 46.20179, "relh_max": 97.73967, "lcc": null }, "geometry": { "type": "Point", "coordinates": [ -82.33261, 29.64641 ] } },
{ "type": "Feature", "properties": { "ltg_lon": -82.32277, "ltg_lat": 29.63176, "idx": 272126, "polarity": -19952, "dttime_utc": "2026-05-11 19:57", "hrl": 10.03, "precip24h": 1.063, "erc": 19.638288, "kbdi": 612.0, "relh_min": 46.205406, "relh_max": 97.71655, "lcc": null }, "geometry": { "type": "Point", "coordinates": [ -82.32277, 29.63176 ] } },
{ "type": "Feature", "properties": { "ltg_lon": -81.83389, "ltg_lat": 29.87683, "idx": 272131, "polarity": -16249, "dttime_utc": "2026-05-11 19:58", "hrl": 2.18, "precip24h": 0.2008, "erc": 19.201435, "kbdi": 553.0, "relh_min": 46.50702, "relh_max": 97.78314, "lcc": null }, "geometry": { "type": "Point", "coordinates": [ -81.83389, 29.87683 ] } },
{ "type": "Feature", "properties": { "ltg_lon": -81.05077, "ltg_lat": 27.19356, "idx": 272133, "polarity": -18836, "dttime_utc": "2026-05-11 19:58", "hrl": 92.81, "precip24h": 3.1654, "erc": 24.404806, "kbdi": 559.0, "relh_min": 46.525196, "relh_max": 96.26879, "lcc": null }, "geometry": { "type": "Point", "coordinates": [ -81.05077, 27.19356 ] } },
{ "type": "Feature", "properties": { "ltg_lon": -81.02002, "ltg_lat": 27.20006, "idx": 272132, "polarity": -26512, "dttime_utc": "2026-05-11 19:58", "hrl": 90.54, "precip24h": 3.315, "erc": 24.25956, "kbdi": 545.0, "relh_min": 46.513992, "relh_max": 96.323494, "lcc": null }, "geometry": { "type": "Point", "coordinates": [ -81.02002, 27.20006 ] } },
{ "type": "Feature", "properties": { "ltg_lon": -81.52556, "ltg_lat": 29.89468, "idx": 272138, "polarity": -13770, "dttime_utc": "2026-05-11 19:58", "hrl": 23.08, "precip24h": 0.9606, "erc": 19.10395, "kbdi": 504.0, "relh_min": 46.17835, "relh_max": 97.591705, "lcc": null }, "geometry": { "type": "Point", "coordinates": [ -81.52556, 29.89468 ] } },
{ "type": "Feature", "properties": { "ltg_lon": -81.61243, "ltg_lat": 26.78794, "idx": 272139, "polarity": -27285, "dttime_utc": "2026-05-11 19:58", "hrl": 68.31, "precip24h": 1.4488, "erc": 25.589897, "kbdi": 432.0, "relh_min": 46.88644, "relh_max": 95.74951, "lcc": null }, "geometry": { "type": "Point", "coordinates": [ -81.61243, 26.78794 ] } },
{ "type": "Feature", "properties": { "ltg_lon": -81.24747, "ltg_lat": 29.3998, "idx": 272140, "polarity": 10063, "dttime_utc": "2026-05-11 19:58", "hrl": 41.91, "precip24h": 0.4882, "erc": 18.50892, "kbdi": 262.0, "relh_min": 47.315083, "relh_max": 96.98177, "lcc": null }, "geometry": { "type": "Point", "coordinates": [ -81.24747, 29.3998 ] } },
{ "type": "Feature", "properties": { "ltg_lon": -81.53073, "ltg_lat": 29.94717, "idx": 272142, "polarity": -13875, "dttime_utc": "2026-05-11 19:59", "hrl": 14.29, "precip24h": 0.2126, "erc": 19.176146, "kbdi": 509.0, "relh_min": 46.070236, "relh_max": 97.61501, "lcc": null }, "geometry": { "type": "Point", "coordinates": [ -81.53073, 29.94717 ] } },
{ "type": "Feature", "properties": { "ltg_lon": -82.31686, "ltg_lat": 29.62593, "idx": 272143, "polarity": -19802, "dttime_utc": "2026-05-11 19:59", "hrl": 1.89, "precip24h": 0.937, "erc": 19.665186, "kbdi": 604.0, "relh_min": 46.988094, "relh_max": 97.77486, "lcc": null }, "geometry": { "type": "Point", "coordinates": [ -82.31686, 29.62593 ] } },
{ "type": "Feature", "properties": { "ltg_lon": -82.34289, "ltg_lat": 29.66301, "idx": 272144, "polarity": -14507, "dttime_utc": "2026-05-11 19:59", "hrl": 70.2, "precip24h": 1.0906, "erc": 19.629564, "kbdi": 568.0, "relh_min": 46.186478, "relh_max": 97.754074, "lcc": null }, "geometry": { "type": "Point", "coordinates": [ -82.34289, 29.66301 ] } },
{ "type": "Feature", "properties": { "ltg_lon": -81.25693, "ltg_lat": 29.36235, "idx": 272146, "polarity": -17038, "dttime_utc": "2026-05-11 19:59", "hrl": 58.56, "precip24h": 0.5315, "erc": 19.096384, "kbdi": 289.0, "relh_min": 47.428963, "relh_max": 96.91592, "lcc": null }, "geometry": { "type": "Point", "coordinates": [ -81.25693, 29.36235 ] } },
{ "type": "Feature", "properties": { "ltg_lon": -81.04498, "ltg_lat": 27.18441, "idx": 272149, "polarity": -17145, "dttime_utc": "2026-05-11 19:59", "hrl": 73.32, "precip24h": 2.7598, "erc": 24.251091, "kbdi": 575.0, "relh_min": 46.966816, "relh_max": 96.339424, "lcc": null }, "geometry": { "type": "Point", "coordinates": [ -81.04498, 27.18441 ] } },
{ "type": "Feature", "properties": { "ltg_lon": -81.54231, "ltg_lat": 29.89135, "idx": 272153, "polarity": -13307, "dttime_utc": "2026-05-11 19:59", "hrl": 16.37, "precip24h": 0.811, "erc": 19.054003, "kbdi": 523.0, "relh_min": 46.66429, "relh_max": 97.65362, "lcc": null }, "geometry": { "type": "Point", "coordinates": [ -81.54231, 29.89135 ] } },
{ "type": "Feature", "properties": { "ltg_lon": -81.59771, "ltg_lat": 26.83161, "idx": 272156, "polarity": -23312, "dttime_utc": "2026-05-11 20:00", "hrl": 31.5, "precip24h": 0.5039, "erc": 25.521593, "kbdi": 399.0, "relh_min": 46.852234, "relh_max": 95.78456, "lcc": null }, "geometry": { "type": "Point", "coordinates": [ -81.59771, 26.83161 ] } },
{ "type": "Feature", "properties": { "ltg_lon": -81.77473, "ltg_lat": 29.89386, "idx": 272157, "polarity": -17827, "dttime_utc": "2026-05-11 20:00", "hrl": 12.2, "precip24h": 0.5315, "erc": 19.152502, "kbdi": 541.0, "relh_min": 42.000717, "relh_max": 98.38307, "lcc": null }, "geometry": { "type": "Point", "coordinates": [ -81.77473, 29.89386 ] } },
{ "type": "Feature", "properties": { "ltg_lon": -86.04502, "ltg_lat": 30.55652, "idx": 272158, "polarity": -19829, "dttime_utc": "2026-05-11 20:00", "hrl": 71.24, "precip24h": 0.7441, "erc": 13.420962, "kbdi": 30.0, "relh_min": 47.081, "relh_max": 98.04959, "lcc": null }, "geometry": { "type": "Point", "coordinates": [ -86.04502, 30.55652 ] } },
{ "type": "Feature", "properties": { "ltg_lon": -81.2427, "ltg_lat": 29.39815, "idx": 272160, "polarity": -16665, "dttime_utc": "2026-05-11 20:00", "hrl": 42.57, "precip24h": 0.4882, "erc": 18.48459, "kbdi": 262.0, "relh_min": 46.945026, "relh_max": 96.99167, "lcc": null }, "geometry": { "type": "Point", "coordinates": [ -81.2427, 29.39815 ] } },
{ "type": "Feature", "properties": { "ltg_lon": -81.01042, "ltg_lat": 27.18331, "idx": 272161, "polarity": 15421, "dttime_utc": "2026-05-11 20:00", "hrl": 48.44, "precip24h": 2.6181, "erc": 24.135271, "kbdi": 586.0, "relh_min": 46.532616, "relh_max": 96.311165, "lcc": null }, "geometry": { "type": "Point", "coordinates": [ -81.01042, 27.18331 ] } },
{ "type": "Feature", "properties": { "ltg_lon": -81.01258, "ltg_lat": 27.19374, "idx": 272164, "polarity": 28264, "dttime_utc": "2026-05-11 20:01", "hrl": 78.52, "precip24h": 2.9961, "erc": 24.12888, "kbdi": 572.0, "relh_min": 46.5195, "relh_max": 96.32605, "lcc": null }, "geometry": { "type": "Point", "coordinates": [ -81.01258, 27.19374 ] } },
{ "type": "Feature", "properties": { "ltg_lon": -81.03698, "ltg_lat": 27.19329, "idx": 272163, "polarity": -17211, "dttime_utc": "2026-05-11 20:01", "hrl": 84.11, "precip24h": 2.8976, "erc": 24.347013, "kbdi": 550.0, "relh_min": 41.346878, "relh_max": 98.27638, "lcc": null }, "geometry": { "type": "Point", "coordinates": [ -81.03698, 27.19329 ] } },
{ "type": "Feature", "properties": { "ltg_lon": -81.00325, "ltg_lat": 27.19262, "idx": 272166, "polarity": -17365, "dttime_utc": "2026-05-11 20:01", "hrl": 76.44, "precip24h": 3.0512, "erc": 24.083452, "kbdi": 585.0, "relh_min": 41.339592, "relh_max": 98.27575, "lcc": null }, "geometry": { "type": "Point", "coordinates": [ -81.00325, 27.19262 ] } },
{ "type": "Feature", "properties": { "ltg_lon": -80.86138, "ltg_lat": 27.25583, "idx": 272168, "polarity": 10032, "dttime_utc": "2026-05-11 20:01", "hrl": 61.02, "precip24h": 1.0, "erc": 20.726042, "kbdi": 481.0, "relh_min": 41.31436, "relh_max": 98.2745, "lcc": null }, "geometry": { "type": "Point", "coordinates": [ -80.86138, 27.25583 ] } },
{ "type": "Feature", "properties": { "ltg_lon": -81.23227, "ltg_lat": 29.37723, "idx": 272171, "polarity": 7843, "dttime_utc": "2026-05-11 20:01", "hrl": 49.39, "precip24h": 0.8819, "erc": 18.710861, "kbdi": 303.0, "relh_min": 47.12971, "relh_max": 96.971115, "lcc": null }, "geometry": { "type": "Point", "coordinates": [ -81.23227, 29.37723 ] } },
{ "type": "Feature", "properties": { "ltg_lon": -81.73769, "ltg_lat": 29.89939, "idx": 272173, "polarity": -19119, "dttime_utc": "2026-05-11 20:02", "hrl": 9.18, "precip24h": 0.5512, "erc": 19.121105, "kbdi": 513.0, "relh_min": 41.977993, "relh_max": 98.3813, "lcc": null }, "geometry": { "type": "Point", "coordinates": [ -81.73769, 29.89939 ] } },
{ "type": "Feature", "properties": { "ltg_lon": -81.74154, "ltg_lat": 29.88798, "idx": 272175, "polarity": -15836, "dttime_utc": "2026-05-11 20:02", "hrl": 10.22, "precip24h": 0.5394, "erc": 19.097885, "kbdi": 517.0, "relh_min": 41.9781, "relh_max": 98.381035, "lcc": null }, "geometry": { "type": "Point", "coordinates": [ -81.74154, 29.88798 ] } },
{ "type": "Feature", "properties": { "ltg_lon": -81.06628, "ltg_lat": 27.15173, "idx": 272176, "polarity": -19324, "dttime_utc": "2026-05-11 20:02", "hrl": 42.67, "precip24h": 2.0591, "erc": 24.144323, "kbdi": 608.0, "relh_min": 41.349308, "relh_max": 98.275986, "lcc": null }, "geometry": { "type": "Point", "coordinates": [ -81.06628, 27.15173 ] } },
{ "type": "Feature", "properties": { "ltg_lon": -82.17549, "ltg_lat": 29.68611, "idx": 272179, "polarity": 23179, "dttime_utc": "2026-05-11 20:03", "hrl": 10.79, "precip24h": 0.2205, "erc": 19.517143, "kbdi": 484.0, "relh_min": 46.114925, "relh_max": 97.73058, "lcc": null }, "geometry": { "type": "Point", "coordinates": [ -82.17549, 29.68611 ] } },
{ "type": "Feature", "properties": { "ltg_lon": -81.03749, "ltg_lat": 27.17462, "idx": 272182, "polarity": -18106, "dttime_utc": "2026-05-11 20:03", "hrl": 35.19, "precip24h": 2.4567, "erc": 23.939087, "kbdi": 602.0, "relh_min": 41.345287, "relh_max": 98.27598, "lcc": null }, "geometry": { "type": "Point", "coordinates": [ -81.03749, 27.17462 ] } },
{ "type": "Feature", "properties": { "ltg_lon": -81.03906, "ltg_lat": 27.1959, "idx": 272183, "polarity": -26392, "dttime_utc": "2026-05-11 20:03", "hrl": 84.2, "precip24h": 2.8976, "erc": 24.353554, "kbdi": 550.0, "relh_min": 41.347565, "relh_max": 98.276474, "lcc": null }, "geometry": { "type": "Point", "coordinates": [ -81.03906, 27.1959 ] } },
{ "type": "Feature", "properties": { "ltg_lon": -81.605, "ltg_lat": 26.84221, "idx": 272184, "polarity": -22702, "dttime_utc": "2026-05-11 20:03", "hrl": 40.02, "precip24h": 0.5551, "erc": 25.490906, "kbdi": 381.0, "relh_min": 41.425568, "relh_max": 98.277954, "lcc": null }, "geometry": { "type": "Point", "coordinates": [ -81.605, 26.84221 ] } },
{ "type": "Feature", "properties": { "ltg_lon": -81.53342, "ltg_lat": 26.81045, "idx": 272185, "polarity": 10341, "dttime_utc": "2026-05-11 20:03", "hrl": 11.83, "precip24h": 0.3425, "erc": 25.210253, "kbdi": 440.0, "relh_min": 46.851597, "relh_max": 95.77934, "lcc": null }, "geometry": { "type": "Point", "coordinates": [ -81.53342, 26.81045 ] } },
{ "type": "Feature", "properties": { "ltg_lon": -81.51504, "ltg_lat": 29.89679, "idx": 272191, "polarity": -13139, "dttime_utc": "2026-05-11 20:04", "hrl": 25.07, "precip24h": 1.0197, "erc": 19.101469, "kbdi": 495.0, "relh_min": 46.196808, "relh_max": 97.592705, "lcc": null }, "geometry": { "type": "Point", "coordinates": [ -81.51504, 29.89679 ] } },
{ "type": "Feature", "properties": { "ltg_lon": -81.21421, "ltg_lat": 29.35034, "idx": 272194, "polarity": -41676, "dttime_utc": "2026-05-11 20:04", "hrl": 33.59, "precip24h": 0.1299, "erc": 18.894535, "kbdi": 332.0, "relh_min": 47.494064, "relh_max": 96.95683, "lcc": null }, "geometry": { "type": "Point", "coordinates": [ -81.21421, 29.35034 ] } },
{ "type": "Feature", "properties": { "ltg_lon": -81.72168, "ltg_lat": 29.90811, "idx": 272196, "polarity": -53849, "dttime_utc": "2026-05-11 20:05", "hrl": 5.77, "precip24h": 0.5118, "erc": 19.12455, "kbdi": 509.0, "relh_min": 45.95405, "relh_max": 97.63566, "lcc": null }, "geometry": { "type": "Point", "coordinates": [ -81.72168, 29.90811 ] } },
{ "type": "Feature", "properties": { "ltg_lon": -81.76511, "ltg_lat": 29.88322, "idx": 272197, "polarity": -13710, "dttime_utc": "2026-05-11 20:05", "hrl": 16.18, "precip24h": 0.5787, "erc": 19.115889, "kbdi": 541.0, "relh_min": 41.9922, "relh_max": 98.382095, "lcc": null }, "geometry": { "type": "Point", "coordinates": [ -81.76511, 29.88322 ] } },
{ "type": "Feature", "properties": { "ltg_lon": -82.15862, "ltg_lat": 29.66983, "idx": 272199, "polarity": -19323, "dttime_utc": "2026-05-11 20:05", "hrl": 1.7, "precip24h": 0.6457, "erc": 19.684155, "kbdi": 518.0, "relh_min": 42.176743, "relh_max": 98.3933, "lcc": null }, "geometry": { "type": "Point", "coordinates": [ -82.15862, 29.66983 ] } },
{ "type": "Feature", "properties": { "ltg_lon": -82.15843, "ltg_lat": 29.68821, "idx": 272200, "polarity": -53718, "dttime_utc": "2026-05-11 20:05", "hrl": 3.5, "precip24h": 0.1969, "erc": 19.552498, "kbdi": 477.0, "relh_min": 46.094707, "relh_max": 97.714226, "lcc": null }, "geometry": { "type": "Point", "coordinates": [ -82.15843, 29.68821 ] } },
{ "type": "Feature", "properties": { "ltg_lon": -82.19285, "ltg_lat": 29.68717, "idx": 272198, "polarity": -13206, "dttime_utc": "2026-05-11 20:05", "hrl": 3.31, "precip24h": 0.2283, "erc": 19.457146, "kbdi": 499.0, "relh_min": 42.20334, "relh_max": 98.396065, "lcc": null }, "geometry": { "type": "Point", "coordinates": [ -82.19285, 29.68717 ] } },
{ "type": "Feature", "properties": { "ltg_lon": -82.31291, "ltg_lat": 29.72357, "idx": 272204, "polarity": -15645, "dttime_utc": "2026-05-11 20:07", "hrl": 37.28, "precip24h": 0.5787, "erc": 19.329872, "kbdi": 486.0, "relh_min": 42.290478, "relh_max": 98.404755, "lcc": null }, "geometry": { "type": "Point", "coordinates": [ -82.31291, 29.72357 ] } },
{ "type": "Feature", "properties": { "ltg_lon": -81.50574, "ltg_lat": 29.89602, "idx": 272206, "polarity": -12119, "dttime_utc": "2026-05-11 20:07", "hrl": 26.49, "precip24h": 1.0276, "erc": 19.094494, "kbdi": 484.0, "relh_min": 41.83205, "relh_max": 98.369194, "lcc": null }, "geometry": { "type": "Point", "coordinates": [ -81.50574, 29.89602 ] } },
{ "type": "Feature", "properties": { "ltg_lon": -80.78975, "ltg_lat": 27.28164, "idx": 272208, "polarity": 19761, "dttime_utc": "2026-05-11 20:08", "hrl": 26.77, "precip24h": 0.6024, "erc": 22.976131, "kbdi": 468.0, "relh_min": 45.38038, "relh_max": 97.89066, "lcc": null }, "geometry": { "type": "Point", "coordinates": [ -80.78975, 27.28164 ] } },
{ "type": "Feature", "properties": { "ltg_lon": -80.78469, "ltg_lat": 27.2792, "idx": 272209, "polarity": 6571, "dttime_utc": "2026-05-11 20:08", "hrl": 35.86, "precip24h": 0.7165, "erc": 23.058577, "kbdi": 486.0, "relh_min": 41.299522, "relh_max": 98.27356, "lcc": null }, "geometry": { "type": "Point", "coordinates": [ -80.78469, 27.2792 ] } },
{ "type": "Feature", "properties": { "ltg_lon": -82.21824, "ltg_lat": 29.55131, "idx": 272210, "polarity": -48101, "dttime_utc": "2026-05-11 20:08", "hrl": 0.66, "precip24h": 0.1693, "erc": 20.290646, "kbdi": 616.0, "relh_min": 47.193256, "relh_max": 98.32804, "lcc": null }, "geometry": { "type": "Point", "coordinates": [ -82.21824, 29.55131 ] } },
{ "type": "Feature", "properties": { "ltg_lon": -82.12909, "ltg_lat": 29.70909, "idx": 272212, "polarity": -22087, "dttime_utc": "2026-05-11 20:09", "hrl": 10.12, "precip24h": 0.0472, "erc": 19.569363, "kbdi": 482.0, "relh_min": 47.1875, "relh_max": 98.44937, "lcc": null }, "geometry": { "type": "Point", "coordinates": [ -82.12909, 29.70909 ] } },
{ "type": "Feature", "properties": { "ltg_lon": -81.25085, "ltg_lat": 29.36053, "idx": 272216, "polarity": -20564, "dttime_utc": "2026-05-11 20:10", "hrl": 53.07, "precip24h": 0.5315, "erc": 19.058435, "kbdi": 289.0, "relh_min": 41.63465, "relh_max": 98.33986, "lcc": null }, "geometry": { "type": "Point", "coordinates": [ -81.25085, 29.36053 ] } },
{ "type": "Feature", "properties": { "ltg_lon": -81.2558, "ltg_lat": 29.36161, "idx": 272217, "polarity": -24915, "dttime_utc": "2026-05-11 20:10", "hrl": 58.94, "precip24h": 0.5315, "erc": 19.09326, "kbdi": 289.0, "relh_min": 48.18385, "relh_max": 97.75267, "lcc": null }, "geometry": { "type": "Point", "coordinates": [ -81.2558, 29.36161 ] } },
{ "type": "Feature", "properties": { "ltg_lon": -81.38195, "ltg_lat": 29.93752, "idx": 272225, "polarity": -11800, "dttime_utc": "2026-05-11 20:11", "hrl": 1.23, "precip24h": 0.7402, "erc": 19.044489, "kbdi": 480.0, "relh_min": 49.688427, "relh_max": 98.50506, "lcc": null }, "geometry": { "type": "Point", "coordinates": [ -81.38195, 29.93752 ] } },
{ "type": "Feature", "properties": { "ltg_lon": -81.23586, "ltg_lat": 29.36611, "idx": 272226, "polarity": -17630, "dttime_utc": "2026-05-11 20:12", "hrl": 48.53, "precip24h": 0.4134, "erc": 18.867926, "kbdi": 305.0, "relh_min": 48.421455, "relh_max": 97.78208, "lcc": null }, "geometry": { "type": "Point", "coordinates": [ -81.23586, 29.36611 ] } },
{ "type": "Feature", "properties": { "ltg_lon": -81.21508, "ltg_lat": 29.36309, "idx": 272227, "polarity": -10682, "dttime_utc": "2026-05-11 20:12", "hrl": 40.11, "precip24h": 0.3937, "erc": 18.71974, "kbdi": 313.0, "relh_min": 48.805653, "relh_max": 97.81533, "lcc": null }, "geometry": { "type": "Point", "coordinates": [ -81.21508, 29.36309 ] } },
{ "type": "Feature", "properties": { "ltg_lon": -81.20343, "ltg_lat": 29.35392, "idx": 272232, "polarity": -12183, "dttime_utc": "2026-05-11 20:13", "hrl": 30.84, "precip24h": 0.3228, "erc": 18.769186, "kbdi": 334.0, "relh_min": 41.612404, "relh_max": 98.33785, "lcc": null }, "geometry": { "type": "Point", "coordinates": [ -81.20343, 29.35392 ] } },
{ "type": "Feature", "properties": { "ltg_lon": -81.21004, "ltg_lat": 29.37774, "idx": 272233, "polarity": -15122, "dttime_utc": "2026-05-11 20:13", "hrl": 52.22, "precip24h": 0.7323, "erc": 18.540102, "kbdi": 308.0, "relh_min": 41.617664, "relh_max": 98.33884, "lcc": null }, "geometry": { "type": "Point", "coordinates": [ -81.21004, 29.37774 ] } },
{ "type": "Feature", "properties": { "ltg_lon": -81.42185, "ltg_lat": 29.88942, "idx": 272234, "polarity": -14594, "dttime_utc": "2026-05-11 20:13", "hrl": 7.38, "precip24h": 0.622, "erc": 19.150942, "kbdi": 471.0, "relh_min": 41.780758, "relh_max": 98.36486, "lcc": null }, "geometry": { "type": "Point", "coordinates": [ -81.42185, 29.88942 ] } },
{ "type": "Feature", "properties": { "ltg_lon": -81.10909, "ltg_lat": 29.36464, "idx": 272238, "polarity": -13915, "dttime_utc": "2026-05-11 20:13", "hrl": 70.01, "precip24h": 1.1614, "erc": 18.215767, "kbdi": 297.0, "relh_min": 50.63401, "relh_max": 98.01306, "lcc": null }, "geometry": { "type": "Point", "coordinates": [ -81.10909, 29.36464 ] } },
{ "type": "Feature", "properties": { "ltg_lon": -81.1517, "ltg_lat": 29.36539, "idx": 272236, "polarity": -20742, "dttime_utc": "2026-05-11 20:13", "hrl": 74.36, "precip24h": 0.7677, "erc": 18.351307, "kbdi": 288.0, "relh_min": 41.59006, "relh_max": 98.33626, "lcc": null }, "geometry": { "type": "Point", "coordinates": [ -81.1517, 29.36539 ] } },
{ "type": "Feature", "properties": { "ltg_lon": -81.13263, "ltg_lat": 29.39101, "idx": 272237, "polarity": -14204, "dttime_utc": "2026-05-11 20:13", "hrl": 55.91, "precip24h": 0.7992, "erc": 18.303581, "kbdi": 218.0, "relh_min": 41.583557, "relh_max": 98.33631, "lcc": null }, "geometry": { "type": "Point", "coordinates": [ -81.13263, 29.39101 ] } },
{ "type": "Feature", "properties": { "ltg_lon": -81.11133, "ltg_lat": 29.38039, "idx": 272239, "polarity": 10689, "dttime_utc": "2026-05-11 20:13", "hrl": 60.45, "precip24h": 0.6772, "erc": 18.414766, "kbdi": 284.0, "relh_min": 49.780758, "relh_max": 97.94533, "lcc": null }, "geometry": { "type": "Point", "coordinates": [ -81.11133, 29.38039 ] } },
{ "type": "Feature", "properties": { "ltg_lon": -80.97856, "ltg_lat": 27.25041, "idx": 272244, "polarity": -18452, "dttime_utc": "2026-05-11 20:13", "hrl": 72.75, "precip24h": 1.5039, "erc": 24.01719, "kbdi": 580.0, "relh_min": 45.467377, "relh_max": 97.52853, "lcc": null }, "geometry": { "type": "Point", "coordinates": [ -80.97856, 27.25041 ] } },
{ "type": "Feature", "properties": { "ltg_lon": -82.13891, "ltg_lat": 29.60215, "idx": 272245, "polarity": 21034, "dttime_utc": "2026-05-11 20:14", "hrl": 3.88, "precip24h": 0.6063, "erc": 19.899977, "kbdi": 568.0, "relh_min": 42.14243, "relh_max": 98.38881, "lcc": null }, "geometry": { "type": "Point", "coordinates": [ -82.13891, 29.60215 ] } },
{ "type": "Feature", "properties": { "ltg_lon": -81.0015, "ltg_lat": 27.19968, "idx": 272252, "polarity": -33291, "dttime_utc": "2026-05-11 20:15", "hrl": 72.94, "precip24h": 3.0512, "erc": 24.061502, "kbdi": 585.0, "relh_min": 45.506596, "relh_max": 97.41267, "lcc": null }, "geometry": { "type": "Point", "coordinates": [ -81.0015, 27.19968 ] } },
{ "type": "Feature", "properties": { "ltg_lon": -81.34868, "ltg_lat": 29.94693, "idx": 272253, "polarity": -15927, "dttime_utc": "2026-05-11 20:15", "hrl": 20.62, "precip24h": 0.8543, "erc": 19.020983, "kbdi": 461.0, "relh_min": 41.74285, "relh_max": 98.36339, "lcc": null }, "geometry": { "type": "Point", "coordinates": [ -81.34868, 29.94693 ] } },
{ "type": "Feature", "properties": { "ltg_lon": -81.39304, "ltg_lat": 29.88408, "idx": 272262, "polarity": -12458, "dttime_utc": "2026-05-11 20:15", "hrl": 8.33, "precip24h": 0.5472, "erc": 19.129284, "kbdi": 495.0, "relh_min": 47.957874, "relh_max": 98.26318, "lcc": null }, "geometry": { "type": "Point", "coordinates": [ -81.39304, 29.88408 ] } },
{ "type": "Feature", "properties": { "ltg_lon": -81.46558, "ltg_lat": 29.9234, "idx": 272263, "polarity": -20732, "dttime_utc": "2026-05-11 20:16", "hrl": 2.93, "precip24h": 0.7638, "erc": 19.139666, "kbdi": 482.0, "relh_min": 47.44225, "relh_max": 98.22792, "lcc": null }, "geometry": { "type": "Point", "coordinates": [ -81.46558, 29.9234 ] } },
{ "type": "Feature", "properties": { "ltg_lon": -82.23628, "ltg_lat": 29.73031, "idx": 272265, "polarity": -24627, "dttime_utc": "2026-05-11 20:16", "hrl": 7.28, "precip24h": 0.1693, "erc": 19.282753, "kbdi": 544.0, "relh_min": 42.245792, "relh_max": 98.40081, "lcc": null }, "geometry": { "type": "Point", "coordinates": [ -82.23628, 29.73031 ] } },
{ "type": "Feature", "properties": { "ltg_lon": -81.36926, "ltg_lat": 29.9072, "idx": 272274, "polarity": -36939, "dttime_utc": "2026-05-11 20:18", "hrl": 29.99, "precip24h": 0.6654, "erc": 18.985945, "kbdi": 472.0, "relh_min": 48.86268, "relh_max": 98.38507, "lcc": null }, "geometry": { "type": "Point", "coordinates": [ -81.36926, 29.9072 ] } },
{ "type": "Feature", "properties": { "ltg_lon": -81.38386, "ltg_lat": 29.89981, "idx": 272276, "polarity": -23954, "dttime_utc": "2026-05-11 20:18", "hrl": 7.0, "precip24h": 0.5906, "erc": 18.983673, "kbdi": 475.0, "relh_min": 41.75934, "relh_max": 98.36342, "lcc": null }, "geometry": { "type": "Point", "coordinates": [ -81.38386, 29.89981 ] } },
{ "type": "Feature", "properties": { "ltg_lon": -81.36278, "ltg_lat": 29.90278, "idx": 272275, "polarity": -27824, "dttime_utc": "2026-05-11 20:18", "hrl": 8.8, "precip24h": 0.6654, "erc": 18.978456, "kbdi": 472.0, "relh_min": 48.78669, "relh_max": 98.37227, "lcc": null }, "geometry": { "type": "Point", "coordinates": [ -81.36278, 29.90278 ] } },
{ "type": "Feature", "properties": { "ltg_lon": -81.3945, "ltg_lat": 29.91989, "idx": 272277, "polarity": -11257, "dttime_utc": "2026-05-11 20:18", "hrl": 3.12, "precip24h": 0.6063, "erc": 19.039705, "kbdi": 470.0, "relh_min": 48.688072, "relh_max": 98.37175, "lcc": null }, "geometry": { "type": "Point", "coordinates": [ -81.3945, 29.91989 ] } },
{ "type": "Feature", "properties": { "ltg_lon": -82.17606, "ltg_lat": 29.70292, "idx": 272279, "polarity": -36741, "dttime_utc": "2026-05-11 20:18", "hrl": 1.99, "precip24h": 0.0984, "erc": 19.496513, "kbdi": 531.0, "relh_min": 42.198795, "relh_max": 98.39599, "lcc": null }, "geometry": { "type": "Point", "coordinates": [ -82.17606, 29.70292 ] } },
{ "type": "Feature", "properties": { "ltg_lon": -81.24111, "ltg_lat": 29.32612, "idx": 272283, "polarity": -16267, "dttime_utc": "2026-05-11 20:18", "hrl": 56.95, "precip24h": 0.0551, "erc": 19.570345, "kbdi": 359.0, "relh_min": 48.656242, "relh_max": 97.73579, "lcc": null }, "geometry": { "type": "Point", "coordinates": [ -81.24111, 29.32612 ] } },
{ "type": "Feature", "properties": { "ltg_lon": -81.42566, "ltg_lat": 29.91562, "idx": 272291, "polarity": -11531, "dttime_utc": "2026-05-11 20:19", "hrl": 5.01, "precip24h": 0.7717, "erc": 19.05484, "kbdi": 445.0, "relh_min": 41.785942, "relh_max": 98.36598, "lcc": null }, "geometry": { "type": "Point", "coordinates": [ -81.42566, 29.91562 ] } },
{ "type": "Feature", "properties": { "ltg_lon": -80.94559, "ltg_lat": 27.19109, "idx": 272292, "polarity": -48214, "dttime_utc": "2026-05-11 20:19", "hrl": 33.68, "precip24h": 1.8543, "erc": 23.843513, "kbdi": 563.0, "relh_min": 45.47723, "relh_max": 97.51588, "lcc": null }, "geometry": { "type": "Point", "coordinates": [ -80.94559, 27.19109 ] } },
{ "type": "Feature", "properties": { "ltg_lon": -81.15653, "ltg_lat": 29.37951, "idx": 272300, "polarity": -31068, "dttime_utc": "2026-05-11 20:19", "hrl": 68.68, "precip24h": 0.9252, "erc": 18.323717, "kbdi": 277.0, "relh_min": 49.46984, "relh_max": 97.90809, "lcc": null }, "geometry": { "type": "Point", "coordinates": [ -81.15653, 29.37951 ] } },
{ "type": "Feature", "properties": { "ltg_lon": -81.36535, "ltg_lat": 29.93429, "idx": 272305, "polarity": -11401, "dttime_utc": "2026-05-11 20:20", "hrl": 67.74, "precip24h": 0.752, "erc": 19.031311, "kbdi": 483.0, "relh_min": 50.476986, "relh_max": 98.603745, "lcc": null }, "geometry": { "type": "Point", "coordinates": [ -81.36535, 29.93429 ] } },
{ "type": "Feature", "properties": { "ltg_lon": -81.1548, "ltg_lat": 29.38169, "idx": 272310, "polarity": -26576, "dttime_utc": "2026-05-11 20:20", "hrl": 88.36, "precip24h": 0.874, "erc": 18.32158, "kbdi": 256.0, "relh_min": 49.417747, "relh_max": 97.905815, "lcc": null }, "geometry": { "type": "Point", "coordinates": [ -81.1548, 29.38169 ] } },
{ "type": "Feature", "properties": { "ltg_lon": -81.14733, "ltg_lat": 29.3843, "idx": 272311, "polarity": -23431, "dttime_utc": "2026-05-11 20:21", "hrl": 78.62, "precip24h": 0.8268, "erc": 18.322067, "kbdi": 260.0, "relh_min": 41.589676, "relh_max": 98.33666, "lcc": null }, "geometry": { "type": "Point", "coordinates": [ -81.14733, 29.3843 ] } },
{ "type": "Feature", "properties": { "ltg_lon": -81.16282, "ltg_lat": 29.3748, "idx": 272312, "polarity": -16707, "dttime_utc": "2026-05-11 20:21", "hrl": 87.42, "precip24h": 0.8819, "erc": 18.33879, "kbdi": 276.0, "relh_min": 41.59589, "relh_max": 98.33696, "lcc": null }, "geometry": { "type": "Point", "coordinates": [ -81.16282, 29.3748 ] } },
{ "type": "Feature", "properties": { "ltg_lon": -81.13863, "ltg_lat": 29.38432, "idx": 272313, "polarity": -19041, "dttime_utc": "2026-05-11 20:21", "hrl": 75.5, "precip24h": 0.7441, "erc": 18.272032, "kbdi": 264.0, "relh_min": 41.585735, "relh_max": 98.336334, "lcc": null }, "geometry": { "type": "Point", "coordinates": [ -81.13863, 29.38432 ] } },
{ "type": "Feature", "properties": { "ltg_lon": -81.1411, "ltg_lat": 29.37425, "idx": 272323, "polarity": -26041, "dttime_utc": "2026-05-11 20:25", "hrl": 75.88, "precip24h": 0.7913, "erc": 18.377384, "kbdi": 275.0, "relh_min": 49.893314, "relh_max": 97.945404, "lcc": null }, "geometry": { "type": "Point", "coordinates": [ -81.1411, 29.37425 ] } },
{ "type": "Feature", "properties": { "ltg_lon": -81.40999, "ltg_lat": 29.91737, "idx": 272339, "polarity": -11105, "dttime_utc": "2026-05-11 20:26", "hrl": 62.63, "precip24h": 0.6535, "erc": 19.046833, "kbdi": 456.0, "relh_min": 48.269444, "relh_max": 98.31975, "lcc": null }, "geometry": { "type": "Point", "coordinates": [ -81.40999, 29.91737 ] } },
{ "type": "Feature", "properties": { "ltg_lon": -82.13297, "ltg_lat": 29.62144, "idx": 272360, "polarity": -17124, "dttime_utc": "2026-05-11 20:29", "hrl": 15.7, "precip24h": 0.6811, "erc": 19.837807, "kbdi": 575.0, "relh_min": 47.09008, "relh_max": 97.82882, "lcc": null }, "geometry": { "type": "Point", "coordinates": [ -82.13297, 29.62144 ] } },
{ "type": "Feature", "properties": { "ltg_lon": -82.14746, "ltg_lat": 29.61774, "idx": 272357, "polarity": -30014, "dttime_utc": "2026-05-11 20:29", "hrl": 18.54, "precip24h": 0.685, "erc": 19.846666, "kbdi": 594.0, "relh_min": 47.14127, "relh_max": 97.84345, "lcc": null }, "geometry": { "type": "Point", "coordinates": [ -82.14746, 29.61774 ] } },
{ "type": "Feature", "properties": { "ltg_lon": -81.14167, "ltg_lat": 28.3948, "idx": 272366, "polarity": 24987, "dttime_utc": "2026-05-11 20:30", "hrl": 3.69, "precip24h": 0.1024, "erc": 25.716583, "kbdi": 511.0, "relh_min": 45.451134, "relh_max": 97.15702, "lcc": null }, "geometry": { "type": "Point", "coordinates": [ -81.14167, 28.3948 ] } },
{ "type": "Feature", "properties": { "ltg_lon": -81.56247, "ltg_lat": 29.94684, "idx": 272367, "polarity": 18024, "dttime_utc": "2026-05-11 20:30", "hrl": 6.53, "precip24h": 0.2008, "erc": 19.203678, "kbdi": 499.0, "relh_min": 46.765587, "relh_max": 98.17496, "lcc": null }, "geometry": { "type": "Point", "coordinates": [ -81.56247, 29.94684 ] } },
{ "type": "Feature", "properties": { "ltg_lon": -81.34512, "ltg_lat": 29.94506, "idx": 272375, "polarity": -17120, "dttime_utc": "2026-05-11 20:31", "hrl": 70.96, "precip24h": 1.0394, "erc": 19.019714, "kbdi": 461.0, "relh_min": 53.48564, "relh_max": 98.9952, "lcc": null }, "geometry": { "type": "Point", "coordinates": [ -81.34512, 29.94506 ] } },
{ "type": "Feature", "properties": { "ltg_lon": -81.34461, "ltg_lat": 29.95098, "idx": 272376, "polarity": -24352, "dttime_utc": "2026-05-11 20:31", "hrl": 60.74, "precip24h": 0.8701, "erc": 19.015709, "kbdi": 430.0, "relh_min": 55.235996, "relh_max": 99.03287, "lcc": null }, "geometry": { "type": "Point", "coordinates": [ -81.34461, 29.95098 ] } },
{ "type": "Feature", "properties": { "ltg_lon": -80.91714, "ltg_lat": 27.1341, "idx": 272390, "polarity": -97131, "dttime_utc": "2026-05-11 20:32", "hrl": 11.07, "precip24h": 0.4134, "erc": 23.760242, "kbdi": 552.0, "relh_min": 46.553272, "relh_max": 96.30266, "lcc": null }, "geometry": { "type": "Point", "coordinates": [ -80.91714, 27.1341 ] } },
{ "type": "Feature", "properties": { "ltg_lon": -80.93391, "ltg_lat": 27.16991, "idx": 272389, "polarity": -96244, "dttime_utc": "2026-05-11 20:32", "hrl": 34.72, "precip24h": 0.7835, "erc": 23.609024, "kbdi": 545.0, "relh_min": 46.459816, "relh_max": 96.41962, "lcc": null }, "geometry": { "type": "Point", "coordinates": [ -80.93391, 27.16991 ] } },
{ "type": "Feature", "properties": { "ltg_lon": -81.73467, "ltg_lat": 30.00076, "idx": 272394, "polarity": 15434, "dttime_utc": "2026-05-11 20:32", "hrl": 14.0, "precip24h": 0.2244, "erc": 19.36095, "kbdi": 560.0, "relh_min": 46.243317, "relh_max": 98.17506, "lcc": null }, "geometry": { "type": "Point", "coordinates": [ -81.73467, 30.00076 ] } },
{ "type": "Feature", "properties": { "ltg_lon": -81.3261, "ltg_lat": 29.94101, "idx": 272401, "polarity": -14095, "dttime_utc": "2026-05-11 20:33", "hrl": 73.42, "precip24h": 0.937, "erc": 19.017265, "kbdi": 430.0, "relh_min": 52.044758, "relh_max": 98.80432, "lcc": null }, "geometry": { "type": "Point", "coordinates": [ -81.3261, 29.94101 ] } },
{ "type": "Feature", "properties": { "ltg_lon": -81.33974, "ltg_lat": 29.95879, "idx": 272402, "polarity": -27588, "dttime_utc": "2026-05-11 20:33", "hrl": 52.32, "precip24h": 0.8543, "erc": 19.001205, "kbdi": 414.0, "relh_min": 60.708885, "relh_max": 99.93497, "lcc": null }, "geometry": { "type": "Point", "coordinates": [ -81.33974, 29.95879 ] } },
{ "type": "Feature", "properties": { "ltg_lon": -81.33151, "ltg_lat": 29.9388, "idx": 272400, "polarity": -23549, "dttime_utc": "2026-05-11 20:33", "hrl": 74.46, "precip24h": 0.9449, "erc": 19.017595, "kbdi": 476.0, "relh_min": 52.003334, "relh_max": 98.50175, "lcc": null }, "geometry": { "type": "Point", "coordinates": [ -81.33151, 29.9388 ] } },
{ "type": "Feature", "properties": { "ltg_lon": -81.19751, "ltg_lat": 29.47173, "idx": 272405, "polarity": -12731, "dttime_utc": "2026-05-11 20:34", "hrl": 79.09, "precip24h": 0.622, "erc": 14.74746, "kbdi": 111.0, "relh_min": 46.999702, "relh_max": 97.187485, "lcc": null }, "geometry": { "type": "Point", "coordinates": [ -81.19751, 29.47173 ] } },
{ "type": "Feature", "properties": { "ltg_lon": -81.1949, "ltg_lat": 29.47406, "idx": 272407, "polarity": -17622, "dttime_utc": "2026-05-11 20:34", "hrl": 87.61, "precip24h": 0.622, "erc": 15.218577, "kbdi": 111.0, "relh_min": 47.540672, "relh_max": 97.8331, "lcc": null }, "geometry": { "type": "Point", "coordinates": [ -81.1949, 29.47406 ] } },
{ "type": "Feature", "properties": { "ltg_lon": -80.83702, "ltg_lat": 27.55939, "idx": 272412, "polarity": -20021, "dttime_utc": "2026-05-11 20:36", "hrl": 50.24, "precip24h": 0.685, "erc": 25.284622, "kbdi": 376.0, "relh_min": 46.99452, "relh_max": 96.342964, "lcc": null }, "geometry": { "type": "Point", "coordinates": [ -80.83702, 27.55939 ] } },
{ "type": "Feature", "properties": { "ltg_lon": -81.12259, "ltg_lat": 29.45232, "idx": 272420, "polarity": -16015, "dttime_utc": "2026-05-11 20:37", "hrl": 86.57, "precip24h": 0.4882, "erc": 18.285797, "kbdi": 46.0, "relh_min": 47.195152, "relh_max": 97.17235, "lcc": null }, "geometry": { "type": "Point", "coordinates": [ -81.12259, 29.45232 ] } },
{ "type": "Feature", "properties": { "ltg_lon": -81.5168, "ltg_lat": 30.01177, "idx": 272427, "polarity": -14916, "dttime_utc": "2026-05-11 20:38", "hrl": 58.28, "precip24h": 0.5236, "erc": 19.210243, "kbdi": 534.0, "relh_min": 46.80833, "relh_max": 97.75148, "lcc": null }, "geometry": { "type": "Point", "coordinates": [ -81.5168, 30.01177 ] } },
{ "type": "Feature", "properties": { "ltg_lon": -80.80707, "ltg_lat": 27.60621, "idx": 272430, "polarity": -16204, "dttime_utc": "2026-05-11 20:38", "hrl": 59.13, "precip24h": 0.7598, "erc": 25.125626, "kbdi": 292.0, "relh_min": 47.179016, "relh_max": 96.34844, "lcc": null }, "geometry": { "type": "Point", "coordinates": [ -80.80707, 27.60621 ] } },
{ "type": "Feature", "properties": { "ltg_lon": -80.75923, "ltg_lat": 27.62333, "idx": 272431, "polarity": -25327, "dttime_utc": "2026-05-11 20:38", "hrl": 46.07, "precip24h": 0.6181, "erc": 25.005938, "kbdi": 315.0, "relh_min": 47.4428, "relh_max": 96.369644, "lcc": null }, "geometry": { "type": "Point", "coordinates": [ -80.75923, 27.62333 ] } },
{ "type": "Feature", "properties": { "ltg_lon": -81.36117, "ltg_lat": 29.95782, "idx": 272436, "polarity": 22783, "dttime_utc": "2026-05-11 20:39", "hrl": 28.57, "precip24h": 0.8701, "erc": 19.033274, "kbdi": 450.0, "relh_min": 52.56466, "relh_max": 98.60175, "lcc": null }, "geometry": { "type": "Point", "coordinates": [ -81.36117, 29.95782 ] } },
{ "type": "Feature", "properties": { "ltg_lon": -81.3705, "ltg_lat": 29.94794, "idx": 272434, "polarity": -15716, "dttime_utc": "2026-05-11 20:39", "hrl": 45.51, "precip24h": 1.0079, "erc": 19.039997, "kbdi": 485.0, "relh_min": 50.931206, "relh_max": 98.33456, "lcc": null }, "geometry": { "type": "Point", "coordinates": [ -81.3705, 29.94794 ] } },
{ "type": "Feature", "properties": { "ltg_lon": -80.7376, "ltg_lat": 27.61233, "idx": 272439, "polarity": -26495, "dttime_utc": "2026-05-11 20:40", "hrl": 29.23, "precip24h": 0.8976, "erc": 24.945803, "kbdi": 321.0, "relh_min": 47.46897, "relh_max": 96.37554, "lcc": null }, "geometry": { "type": "Point", "coordinates": [ -80.7376, 27.61233 ] } },
{ "type": "Feature", "properties": { "ltg_lon": -80.75025, "ltg_lat": 27.58827, "idx": 272440, "polarity": -20273, "dttime_utc": "2026-05-11 20:40", "hrl": 45.98, "precip24h": 1.252, "erc": 24.950941, "kbdi": 321.0, "relh_min": 47.3883, "relh_max": 96.364265, "lcc": null }, "geometry": { "type": "Point", "coordinates": [ -80.75025, 27.58827 ] } },
{ "type": "Feature", "properties": { "ltg_lon": -80.80172, "ltg_lat": 27.58999, "idx": 272446, "polarity": -12884, "dttime_utc": "2026-05-11 20:41", "hrl": 52.6, "precip24h": 0.9488, "erc": 25.022772, "kbdi": 319.0, "relh_min": 47.20359, "relh_max": 96.34942, "lcc": null }, "geometry": { "type": "Point", "coordinates": [ -80.80172, 27.58999 ] } },
{ "type": "Feature", "properties": { "ltg_lon": -80.80306, "ltg_lat": 27.59684, "idx": 272455, "polarity": -24774, "dttime_utc": "2026-05-11 20:43", "hrl": 59.7, "precip24h": 0.9567, "erc": 25.039486, "kbdi": 300.0, "relh_min": 47.174816, "relh_max": 96.34927, "lcc": null }, "geometry": { "type": "Point", "coordinates": [ -80.80306, 27.59684 ] } },
{ "type": "Feature", "properties": { "ltg_lon": -80.82961, "ltg_lat": 27.59818, "idx": 272457, "polarity": -20715, "dttime_utc": "2026-05-11 20:43", "hrl": 61.59, "precip24h": 0.811, "erc": 25.247292, "kbdi": 313.0, "relh_min": 47.086086, "relh_max": 96.34106, "lcc": null }, "geometry": { "type": "Point", "coordinates": [ -80.82961, 27.59818 ] } },
{ "type": "Feature", "properties": { "ltg_lon": -80.76896, "ltg_lat": 27.61963, "idx": 272459, "polarity": -29520, "dttime_utc": "2026-05-11 20:43", "hrl": 40.68, "precip24h": 0.5906, "erc": 25.01905, "kbdi": 324.0, "relh_min": 47.354786, "relh_max": 96.36457, "lcc": null }, "geometry": { "type": "Point", "coordinates": [ -80.76896, 27.61963 ] } },
{ "type": "Feature", "properties": { "ltg_lon": -81.10762, "ltg_lat": 28.43672, "idx": 272465, "polarity": -22842, "dttime_utc": "2026-05-11 20:44", "hrl": 0.38, "precip24h": 0.0, "erc": 25.487217, "kbdi": 581.0, "relh_min": 46.148964, "relh_max": 96.30975, "lcc": null }, "geometry": { "type": "Point", "coordinates": [ -81.10762, 28.43672 ] } },
{ "type": "Feature", "properties": { "ltg_lon": -80.78719, "ltg_lat": 27.58325, "idx": 272468, "polarity": -17265, "dttime_utc": "2026-05-11 20:44", "hrl": 51.28, "precip24h": 1.0787, "erc": 25.004087, "kbdi": 316.0, "relh_min": 47.240093, "relh_max": 96.35319, "lcc": null }, "geometry": { "type": "Point", "coordinates": [ -80.78719, 27.58325 ] } },
{ "type": "Feature", "properties": { "ltg_lon": -80.78353, "ltg_lat": 27.56447, "idx": 272484, "polarity": -15119, "dttime_utc": "2026-05-11 20:45", "hrl": 60.36, "precip24h": 1.0157, "erc": 25.059338, "kbdi": 350.0, "relh_min": 47.21096, "relh_max": 96.35345, "lcc": null }, "geometry": { "type": "Point", "coordinates": [ -80.78353, 27.56447 ] } },
{ "type": "Feature", "properties": { "ltg_lon": -81.12166, "ltg_lat": 28.43167, "idx": 272494, "polarity": -22813, "dttime_utc": "2026-05-11 20:47", "hrl": 0.28, "precip24h": 0.0, "erc": 25.46269, "kbdi": 582.0, "relh_min": 46.157497, "relh_max": 96.30562, "lcc": null }, "geometry": { "type": "Point", "coordinates": [ -81.12166, 28.43167 ] } },
{ "type": "Feature", "properties": { "ltg_lon": -81.06062, "ltg_lat": 28.46202, "idx": 272510, "polarity": -20788, "dttime_utc": "2026-05-11 20:49", "hrl": 0.09, "precip24h": 0.0, "erc": 25.393225, "kbdi": 614.0, "relh_min": 46.143906, "relh_max": 96.32327, "lcc": null }, "geometry": { "type": "Point", "coordinates": [ -81.06062, 28.46202 ] } },
{ "type": "Feature", "properties": { "ltg_lon": -80.79019, "ltg_lat": 27.52972, "idx": 272511, "polarity": -27712, "dttime_utc": "2026-05-11 20:49", "hrl": 7.76, "precip24h": 0.0118, "erc": 25.08877, "kbdi": 347.0, "relh_min": 47.07563, "relh_max": 96.3556, "lcc": null }, "geometry": { "type": "Point", "coordinates": [ -80.79019, 27.52972 ] } },
{ "type": "Feature", "properties": { "ltg_lon": -81.35055, "ltg_lat": 30.05573, "idx": 272514, "polarity": -25518, "dttime_utc": "2026-05-11 20:50", "hrl": 69.73, "precip24h": 1.1102, "erc": 19.120077, "kbdi": 473.0, "relh_min": 47.484478, "relh_max": 97.84295, "lcc": null }, "geometry": { "type": "Point", "coordinates": [ -81.35055, 30.05573 ] } },
{ "type": "Feature", "properties": { "ltg_lon": -80.80298, "ltg_lat": 27.57249, "idx": 272525, "polarity": -13638, "dttime_utc": "2026-05-11 20:52", "hrl": 35.29, "precip24h": 0.8701, "erc": 25.10763, "kbdi": 339.0, "relh_min": 47.163654, "relh_max": 96.34909, "lcc": null }, "geometry": { "type": "Point", "coordinates": [ -80.80298, 27.57249 ] } },
{ "type": "Feature", "properties": { "ltg_lon": -81.41122, "ltg_lat": 30.05164, "idx": 272526, "polarity": -18202, "dttime_utc": "2026-05-11 20:52", "hrl": 55.53, "precip24h": 1.3071, "erc": 19.17425, "kbdi": 519.0, "relh_min": 47.246063, "relh_max": 97.819405, "lcc": null }, "geometry": { "type": "Point", "coordinates": [ -81.41122, 30.05164 ] } },
{ "type": "Feature", "properties": { "ltg_lon": -81.39489, "ltg_lat": 30.08214, "idx": 272528, "polarity": -14034, "dttime_utc": "2026-05-11 20:52", "hrl": 73.13, "precip24h": 1.7913, "erc": 19.174911, "kbdi": 513.0, "relh_min": 46.885765, "relh_max": 97.787766, "lcc": null }, "geometry": { "type": "Point", "coordinates": [ -81.39489, 30.08214 ] } },
{ "type": "Feature", "properties": { "ltg_lon": -80.79422, "ltg_lat": 27.55836, "idx": 272537, "polarity": -15154, "dttime_utc": "2026-05-11 20:54", "hrl": 53.55, "precip24h": 0.8031, "erc": 25.063242, "kbdi": 354.0, "relh_min": 47.1626, "relh_max": 96.35157, "lcc": null }, "geometry": { "type": "Point", "coordinates": [ -80.79422, 27.55836 ] } },
{ "type": "Feature", "properties": { "ltg_lon": -81.41664, "ltg_lat": 30.07241, "idx": 272538, "polarity": -17830, "dttime_utc": "2026-05-11 20:54", "hrl": 60.83, "precip24h": 1.622, "erc": 19.194723, "kbdi": 515.0, "relh_min": 46.907364, "relh_max": 97.789986, "lcc": null }, "geometry": { "type": "Point", "coordinates": [ -81.41664, 30.07241 ] } },
{ "type": "Feature", "properties": { "ltg_lon": -81.3247, "ltg_lat": 30.03073, "idx": 272541, "polarity": -13748, "dttime_utc": "2026-05-11 20:54", "hrl": 82.4, "precip24h": 1.0, "erc": 19.08624, "kbdi": 267.0, "relh_min": 48.08148, "relh_max": 97.92035, "lcc": null }, "geometry": { "type": "Point", "coordinates": [ -81.3247, 30.03073 ] } },
{ "type": "Feature", "properties": { "ltg_lon": -81.48447, "ltg_lat": 30.04573, "idx": 272542, "polarity": -15619, "dttime_utc": "2026-05-11 20:54", "hrl": 64.71, "precip24h": 0.9488, "erc": 19.261623, "kbdi": 516.0, "relh_min": 46.80282, "relh_max": 97.76555, "lcc": null }, "geometry": { "type": "Point", "coordinates": [ -81.48447, 30.04573 ] } },
{ "type": "Feature", "properties": { "ltg_lon": -80.72973, "ltg_lat": 27.5837, "idx": 272546, "polarity": -16506, "dttime_utc": "2026-05-11 20:55", "hrl": 47.4, "precip24h": 1.2835, "erc": 24.90817, "kbdi": 393.0, "relh_min": 47.4558, "relh_max": 96.368996, "lcc": null }, "geometry": { "type": "Point", "coordinates": [ -80.72973, 27.5837 ] } },
{ "type": "Feature", "properties": { "ltg_lon": -80.73143, "ltg_lat": 27.5807, "idx": 272549, "polarity": -38840, "dttime_utc": "2026-05-11 20:55", "hrl": 40.78, "precip24h": 1.2677, "erc": 24.906122, "kbdi": 369.0, "relh_min": 47.402576, "relh_max": 96.36766, "lcc": null }, "geometry": { "type": "Point", "coordinates": [ -80.73143, 27.5807 ] } },
{ "type": "Feature", "properties": { "ltg_lon": -80.36745, "ltg_lat": 27.65535, "idx": 272553, "polarity": -34974, "dttime_utc": "2026-05-11 20:56", "hrl": 64.52, "precip24h": 0.5, "erc": 24.75489, "kbdi": 306.0, "relh_min": 49.69465, "relh_max": 96.50218, "lcc": null }, "geometry": { "type": "Point", "coordinates": [ -80.36745, 27.65535 ] } },
{ "type": "Feature", "properties": { "ltg_lon": -81.48405, "ltg_lat": 30.14693, "idx": 272556, "polarity": -24133, "dttime_utc": "2026-05-11 20:56", "hrl": 5.11, "precip24h": 0.9331, "erc": 18.96823, "kbdi": 533.0, "relh_min": 46.118614, "relh_max": 97.7515, "lcc": null }, "geometry": { "type": "Point", "coordinates": [ -81.48405, 30.14693 ] } },
{ "type": "Feature", "properties": { "ltg_lon": -80.7724, "ltg_lat": 27.56558, "idx": 272559, "polarity": -25020, "dttime_utc": "2026-05-11 20:56", "hrl": 65.75, "precip24h": 1.126, "erc": 24.943796, "kbdi": 328.0, "relh_min": 47.21336, "relh_max": 96.35571, "lcc": null }, "geometry": { "type": "Point", "coordinates": [ -80.7724, 27.56558 ] } },
{ "type": "Feature", "properties": { "ltg_lon": -80.74618, "ltg_lat": 27.55897, "idx": 272558, "polarity": -24510, "dttime_utc": "2026-05-11 20:56", "hrl": 45.6, "precip24h": 0.8425, "erc": 24.890285, "kbdi": 357.0, "relh_min": 47.325413, "relh_max": 96.359955, "lcc": null }, "geometry": { "type": "Point", "coordinates": [ -80.74618, 27.55897 ] } },
{ "type": "Feature", "properties": { "ltg_lon": -81.52064, "ltg_lat": 30.13615, "idx": 272563, "polarity": -11966, "dttime_utc": "2026-05-11 20:56", "hrl": 21.19, "precip24h": 0.6535, "erc": 19.214064, "kbdi": 516.0, "relh_min": 46.128277, "relh_max": 97.743355, "lcc": null }, "geometry": { "type": "Point", "coordinates": [ -81.52064, 30.13615 ] } },
{ "type": "Feature", "properties": { "ltg_lon": -81.4423, "ltg_lat": 30.09236, "idx": 272570, "polarity": -13149, "dttime_utc": "2026-05-11 20:56", "hrl": 71.52, "precip24h": 1.7402, "erc": 19.239206, "kbdi": 493.0, "relh_min": 46.602768, "relh_max": 97.76555, "lcc": null }, "geometry": { "type": "Point", "coordinates": [ -81.4423, 30.09236 ] } },
{ "type": "Feature", "properties": { "ltg_lon": -81.42552, "ltg_lat": 30.07234, "idx": 272573, "polarity": -17383, "dttime_utc": "2026-05-11 20:57", "hrl": 59.04, "precip24h": 1.5866, "erc": 19.205502, "kbdi": 511.0, "relh_min": 46.86385, "relh_max": 97.78566, "lcc": null }, "geometry": { "type": "Point", "coordinates": [ -81.42552, 30.07234 ] } },
{ "type": "Feature", "properties": { "ltg_lon": -80.95464, "ltg_lat": 28.43658, "idx": 272577, "polarity": -433, "dttime_utc": "2026-05-11 20:57", "hrl": 0.57, "precip24h": 0.0354, "erc": 25.751257, "kbdi": 512.0, "relh_min": 45.984253, "relh_max": 96.30023, "lcc": null }, "geometry": { "type": "Point", "coordinates": [ -80.95464, 28.43658 ] } },
{ "type": "Feature", "properties": { "ltg_lon": -80.78136, "ltg_lat": 27.57665, "idx": 272574, "polarity": -15171, "dttime_utc": "2026-05-11 20:57", "hrl": 55.25, "precip24h": 1.0118, "erc": 24.980993, "kbdi": 334.0, "relh_min": 47.207962, "relh_max": 96.3543, "lcc": null }, "geometry": { "type": "Point", "coordinates": [ -80.78136, 27.57665 ] } },
{ "type": "Feature", "properties": { "ltg_lon": -80.72093, "ltg_lat": 27.58827, "idx": 272575, "polarity": -16725, "dttime_utc": "2026-05-11 20:57", "hrl": 47.02, "precip24h": 1.2835, "erc": 24.900204, "kbdi": 393.0, "relh_min": 47.505127, "relh_max": 96.37308, "lcc": null }, "geometry": { "type": "Point", "coordinates": [ -80.72093, 27.58827 ] } },
{ "type": "Feature", "properties": { "ltg_lon": -80.77245, "ltg_lat": 27.55566, "idx": 272583, "polarity": -21005, "dttime_utc": "2026-05-11 20:57", "hrl": 60.26, "precip24h": 0.9252, "erc": 25.023792, "kbdi": 330.0, "relh_min": 47.189873, "relh_max": 96.355415, "lcc": null }, "geometry": { "type": "Point", "coordinates": [ -80.77245, 27.55566 ] } },
{ "type": "Feature", "properties": { "ltg_lon": -80.76554, "ltg_lat": 27.57342, "idx": 272584, "polarity": -26737, "dttime_utc": "2026-05-11 20:57", "hrl": 62.06, "precip24h": 1.2047, "erc": 24.948849, "kbdi": 330.0, "relh_min": 47.256065, "relh_max": 96.35781, "lcc": null }, "geometry": { "type": "Point", "coordinates": [ -80.76554, 27.57342 ] } },
{ "type": "Feature", "properties": { "ltg_lon": -81.37045, "ltg_lat": 30.07801, "idx": 272586, "polarity": -36003, "dttime_utc": "2026-05-11 20:57", "hrl": 77.96, "precip24h": 1.5866, "erc": 19.148376, "kbdi": 483.0, "relh_min": 47.058968, "relh_max": 97.79774, "lcc": null }, "geometry": { "type": "Point", "coordinates": [ -81.37045, 30.07801 ] } },
{ "type": "Feature", "properties": { "ltg_lon": -80.75204, "ltg_lat": 27.5593, "idx": 272591, "polarity": -27968, "dttime_utc": "2026-05-11 20:57", "hrl": 54.02, "precip24h": 0.9331, "erc": 24.899755, "kbdi": 334.0, "relh_min": 47.30582, "relh_max": 96.35901, "lcc": null }, "geometry": { "type": "Point", "coordinates": [ -80.75204, 27.5593 ] } },
{ "type": "Feature", "properties": { "ltg_lon": -81.39071, "ltg_lat": 30.06625, "idx": 272595, "polarity": -31687, "dttime_utc": "2026-05-11 20:57", "hrl": 74.55, "precip24h": 1.4724, "erc": 19.1623, "kbdi": 525.0, "relh_min": 47.113323, "relh_max": 97.81017, "lcc": null }, "geometry": { "type": "Point", "coordinates": [ -81.39071, 30.06625 ] } },
{ "type": "Feature", "properties": { "ltg_lon": -80.74724, "ltg_lat": 27.55769, "idx": 272597, "polarity": -37099, "dttime_utc": "2026-05-11 20:58", "hrl": 45.7, "precip24h": 0.8425, "erc": 24.88935, "kbdi": 357.0, "relh_min": 47.318325, "relh_max": 96.35962, "lcc": null }, "geometry": { "type": "Point", "coordinates": [ -80.74724, 27.55769 ] } },
{ "type": "Feature", "properties": { "ltg_lon": -80.73913, "ltg_lat": 27.58918, "idx": 272596, "polarity": -16950, "dttime_utc": "2026-05-11 20:58", "hrl": 41.06, "precip24h": 1.2677, "erc": 24.933271, "kbdi": 369.0, "relh_min": 47.396564, "relh_max": 96.36782, "lcc": null }, "geometry": { "type": "Point", "coordinates": [ -80.73913, 27.58918 ] } },
{ "type": "Feature", "properties": { "ltg_lon": -80.74133, "ltg_lat": 27.56778, "idx": 272602, "polarity": -12355, "dttime_utc": "2026-05-11 20:58", "hrl": 52.41, "precip24h": 1.0669, "erc": 24.89958, "kbdi": 360.0, "relh_min": 47.328766, "relh_max": 96.36228, "lcc": null }, "geometry": { "type": "Point", "coordinates": [ -80.74133, 27.56778 ] } },
{ "type": "Feature", "properties": { "ltg_lon": -81.46339, "ltg_lat": 30.15014, "idx": 272603, "polarity": -11515, "dttime_utc": "2026-05-11 20:58", "hrl": 2.08, "precip24h": 0.9882, "erc": 18.967451, "kbdi": 536.0, "relh_min": 46.148434, "relh_max": 97.753746, "lcc": null }, "geometry": { "type": "Point", "coordinates": [ -81.46339, 30.15014 ] } },
{ "type": "Feature", "properties": { "ltg_lon": -81.3546, "ltg_lat": 30.07971, "idx": 272606, "polarity": -15245, "dttime_utc": "2026-05-11 20:58", "hrl": 75.31, "precip24h": 1.4843, "erc": 19.134901, "kbdi": 446.0, "relh_min": 47.02141, "relh_max": 97.79526, "lcc": null }, "geometry": { "type": "Point", "coordinates": [ -81.3546, 30.07971 ] } },
{ "type": "Feature", "properties": { "ltg_lon": -80.37003, "ltg_lat": 27.50457, "idx": 272613, "polarity": -19871, "dttime_utc": "2026-05-11 20:58", "hrl": 38.69, "precip24h": 0.4724, "erc": 21.865166, "kbdi": 325.0, "relh_min": 47.966866, "relh_max": 96.28958, "lcc": null }, "geometry": { "type": "Point", "coordinates": [ -80.37003, 27.50457 ] } },
{ "type": "Feature", "properties": { "ltg_lon": -81.38329, "ltg_lat": 30.07194, "idx": 272614, "polarity": -21130, "dttime_utc": "2026-05-11 20:58", "hrl": 63.29, "precip24h": 1.685, "erc": 19.157942, "kbdi": 505.0, "relh_min": 47.062077, "relh_max": 97.80423, "lcc": null }, "geometry": { "type": "Point", "coordinates": [ -81.38329, 30.07194 ] } },
{ "type": "Feature", "properties": { "ltg_lon": -81.42651, "ltg_lat": 30.14993, "idx": 272619, "polarity": -13185, "dttime_utc": "2026-05-11 20:59", "hrl": 9.84, "precip24h": 1.8622, "erc": 18.890488, "kbdi": 486.0, "relh_min": 46.225998, "relh_max": 97.753525, "lcc": null }, "geometry": { "type": "Point", "coordinates": [ -81.42651, 30.14993 ] } },
{ "type": "Feature", "properties": { "ltg_lon": -81.37931, "ltg_lat": 30.07106, "idx": 272624, "polarity": -16028, "dttime_utc": "2026-05-11 20:59", "hrl": 62.44, "precip24h": 1.5866, "erc": 19.153576, "kbdi": 483.0, "relh_min": 47.089466, "relh_max": 97.80672, "lcc": null }, "geometry": { "type": "Point", "coordinates": [ -81.37931, 30.07106 ] } },
{ "type": "Feature", "properties": { "ltg_lon": -80.74589, "ltg_lat": 27.57612, "idx": 272623, "polarity": -10777, "dttime_utc": "2026-05-11 20:59", "hrl": 50.99, "precip24h": 1.1378, "erc": 24.9221, "kbdi": 360.0, "relh_min": 47.37233, "relh_max": 96.362885, "lcc": null }, "geometry": { "type": "Point", "coordinates": [ -80.74589, 27.57612 ] } },
{ "type": "Feature", "properties": { "ltg_lon": -80.76693, "ltg_lat": 27.57894, "idx": 272625, "polarity": -20770, "dttime_utc": "2026-05-11 20:59", "hrl": 62.16, "precip24h": 1.2047, "erc": 24.961885, "kbdi": 330.0, "relh_min": 47.302307, "relh_max": 96.3581, "lcc": null }, "geometry": { "type": "Point", "coordinates": [ -80.76693, 27.57894 ] } },
{ "type": "Feature", "properties": { "ltg_lon": -81.3519, "ltg_lat": 30.0658, "idx": 272629, "polarity": -26608, "dttime_utc": "2026-05-11 20:59", "hrl": 54.12, "precip24h": 1.2638, "erc": 19.126663, "kbdi": 455.0, "relh_min": 47.29039, "relh_max": 97.81984, "lcc": null }, "geometry": { "type": "Point", "coordinates": [ -81.3519, 30.0658 ] } },
{ "type": "Feature", "properties": { "ltg_lon": -80.75211, "ltg_lat": 27.58219, "idx": 272635, "polarity": -23457, "dttime_utc": "2026-05-11 21:00", "hrl": 45.88, "precip24h": 1.252, "erc": 24.943336, "kbdi": 321.0, "relh_min": 47.327374, "relh_max": 96.36248, "lcc": null }, "geometry": { "type": "Point", "coordinates": [ -80.75211, 27.58219 ] } },
{ "type": "Feature", "properties": { "ltg_lon": -80.7297, "ltg_lat": 27.57827, "idx": 272636, "polarity": -23562, "dttime_utc": "2026-05-11 21:00", "hrl": 40.21, "precip24h": 1.1535, "erc": 24.899202, "kbdi": 417.0, "relh_min": 47.43994, "relh_max": 96.367424, "lcc": null }, "geometry": { "type": "Point", "coordinates": [ -80.7297, 27.57827 ] } },
{ "type": "Feature", "properties": { "ltg_lon": -80.71003, "ltg_lat": 27.57589, "idx": 272642, "polarity": 39209, "dttime_utc": "2026-05-11 21:00", "hrl": 32.26, "precip24h": 1.1024, "erc": 24.820139, "kbdi": 434.0, "relh_min": 47.4722, "relh_max": 96.371574, "lcc": null }, "geometry": { "type": "Point", "coordinates": [ -80.71003, 27.57589 ] } },
{ "type": "Feature", "properties": { "ltg_lon": -81.35863, "ltg_lat": 30.09426, "idx": 272643, "polarity": -47905, "dttime_utc": "2026-05-11 21:00", "hrl": 35.1, "precip24h": 1.6378, "erc": 19.142658, "kbdi": 435.0, "relh_min": 41.39962, "relh_max": 98.35662, "lcc": null }, "geometry": { "type": "Point", "coordinates": [ -81.35863, 30.09426 ] } },
{ "type": "Feature", "properties": { "ltg_lon": -81.35213, "ltg_lat": 30.07745, "idx": 272645, "polarity": -18616, "dttime_utc": "2026-05-11 21:00", "hrl": 58.85, "precip24h": 1.4843, "erc": 19.131987, "kbdi": 446.0, "relh_min": 47.101162, "relh_max": 97.79856, "lcc": null }, "geometry": { "type": "Point", "coordinates": [ -81.35213, 30.07745 ] } },
{ "type": "Feature", "properties": { "ltg_lon": -80.56488, "ltg_lat": 27.56874, "idx": 272652, "polarity": -20016, "dttime_utc": "2026-05-11 21:00", "hrl": 7.47, "precip24h": 0.3898, "erc": 24.397448, "kbdi": 495.0, "relh_min": 40.973675, "relh_max": 98.26537, "lcc": null }, "geometry": { "type": "Point", "coordinates": [ -80.56488, 27.56874 ] } },
{ "type": "Feature", "properties": { "ltg_lon": -80.57061, "ltg_lat": 27.56511, "idx": 272651, "polarity": -19985, "dttime_utc": "2026-05-11 21:00", "hrl": 8.99, "precip24h": 0.5079, "erc": 24.449009, "kbdi": 500.0, "relh_min": 40.974937, "relh_max": 98.265434, "lcc": null }, "geometry": { "type": "Point", "coordinates": [ -80.57061, 27.56511 ] } },
{ "type": "Feature", "properties": { "ltg_lon": -80.71318, "ltg_lat": 27.57236, "idx": 272660, "polarity": -46549, "dttime_utc": "2026-05-11 21:01", "hrl": 25.73, "precip24h": 1.1024, "erc": 24.819628, "kbdi": 434.0, "relh_min": 47.486183, "relh_max": 96.369576, "lcc": null }, "geometry": { "type": "Point", "coordinates": [ -80.71318, 27.57236 ] } },
{ "type": "Feature", "properties": { "ltg_lon": -80.68539, "ltg_lat": 27.59036, "idx": 272657, "polarity": -27587, "dttime_utc": "2026-05-11 21:01", "hrl": 62.35, "precip24h": 1.126, "erc": 24.798632, "kbdi": 440.0, "relh_min": 41.0044, "relh_max": 98.268524, "lcc": null }, "geometry": { "type": "Point", "coordinates": [ -80.68539, 27.59036 ] } },
{ "type": "Feature", "properties": { "ltg_lon": -80.68463, "ltg_lat": 27.57313, "idx": 272658, "polarity": -9673, "dttime_utc": "2026-05-11 21:01", "hrl": 49.95, "precip24h": 0.9094, "erc": 24.774574, "kbdi": 441.0, "relh_min": 47.60294, "relh_max": 96.376465, "lcc": null }, "geometry": { "type": "Point", "coordinates": [ -80.68463, 27.57313 ] } },
{ "type": "Feature", "properties": { "ltg_lon": -80.73706, "ltg_lat": 27.55061, "idx": 272656, "polarity": -18469, "dttime_utc": "2026-05-11 21:01", "hrl": 34.82, "precip24h": 0.7598, "erc": 24.860443, "kbdi": 390.0, "relh_min": 41.01529, "relh_max": 98.26891, "lcc": null }, "geometry": { "type": "Point", "coordinates": [ -80.73706, 27.55061 ] } },
{ "type": "Feature", "properties": { "ltg_lon": -81.35129, "ltg_lat": 30.10521, "idx": 272667, "polarity": -30283, "dttime_utc": "2026-05-11 21:01", "hrl": 49.76, "precip24h": 1.5591, "erc": 19.137682, "kbdi": 414.0, "relh_min": 41.39501, "relh_max": 98.356575, "lcc": null }, "geometry": { "type": "Point", "coordinates": [ -81.35129, 30.10521 ] } },
{ "type": "Feature", "properties": { "ltg_lon": -81.39677, "ltg_lat": 30.08226, "idx": 272674, "polarity": -19056, "dttime_utc": "2026-05-11 21:02", "hrl": 56.1, "precip24h": 1.7913, "erc": 19.17703, "kbdi": 513.0, "relh_min": 46.921104, "relh_max": 97.78713, "lcc": null }, "geometry": { "type": "Point", "coordinates": [ -81.39677, 30.08226 ] } },
{ "type": "Feature", "properties": { "ltg_lon": -80.72972, "ltg_lat": 27.58642, "idx": 272678, "polarity": -42319, "dttime_utc": "2026-05-11 21:02", "hrl": 39.36, "precip24h": 1.2835, "erc": 24.912533, "kbdi": 393.0, "relh_min": 41.015274, "relh_max": 98.269455, "lcc": null }, "geometry": { "type": "Point", "coordinates": [ -80.72972, 27.58642 ] } },
{ "type": "Feature", "properties": { "ltg_lon": -80.73905, "ltg_lat": 27.58039, "idx": 272679, "polarity": -23771, "dttime_utc": "2026-05-11 21:02", "hrl": 49.48, "precip24h": 1.2677, "erc": 24.918335, "kbdi": 369.0, "relh_min": 41.0173, "relh_max": 98.269554, "lcc": null }, "geometry": { "type": "Point", "coordinates": [ -80.73905, 27.58039 ] } },
{ "type": "Feature", "properties": { "ltg_lon": -80.72387, "ltg_lat": 27.58217, "idx": 272676, "polarity": -34662, "dttime_utc": "2026-05-11 21:02", "hrl": 39.26, "precip24h": 1.2835, "erc": 24.895784, "kbdi": 393.0, "relh_min": 41.013603, "relh_max": 98.26924, "lcc": null }, "geometry": { "type": "Point", "coordinates": [ -80.72387, 27.58217 ] } },
{ "type": "Feature", "properties": { "ltg_lon": -80.70497, "ltg_lat": 27.593, "idx": 272675, "polarity": -24632, "dttime_utc": "2026-05-11 21:02", "hrl": 44.84, "precip24h": 1.2717, "erc": 24.83669, "kbdi": 421.0, "relh_min": 47.587795, "relh_max": 96.38011, "lcc": null }, "geometry": { "type": "Point", "coordinates": [ -80.70497, 27.593 ] } },
{ "type": "Feature", "properties": { "ltg_lon": -80.67472, "ltg_lat": 27.55925, "idx": 272684, "polarity": 16198, "dttime_utc": "2026-05-11 21:02", "hrl": 30.56, "precip24h": 0.7087, "erc": 24.739107, "kbdi": 477.0, "relh_min": 47.591263, "relh_max": 96.37156, "lcc": null }, "geometry": { "type": "Point", "coordinates": [ -80.67472, 27.55925 ] } },
{ "type": "Feature", "properties": { "ltg_lon": -80.78248, "ltg_lat": 27.59935, "idx": 272693, "polarity": -49466, "dttime_utc": "2026-05-11 21:02", "hrl": 57.05, "precip24h": 0.9606, "erc": 25.007534, "kbdi": 304.0, "relh_min": 47.29281, "relh_max": 96.35606, "lcc": null }, "geometry": { "type": "Point", "coordinates": [ -80.78248, 27.59935 ] } },
{ "type": "Feature", "properties": { "ltg_lon": -81.34765, "ltg_lat": 30.08109, "idx": 272697, "polarity": -15959, "dttime_utc": "2026-05-11 21:02", "hrl": 51.56, "precip24h": 1.6496, "erc": 19.129597, "kbdi": 420.0, "relh_min": 47.052044, "relh_max": 97.79218, "lcc": null }, "geometry": { "type": "Point", "coordinates": [ -81.34765, 30.08109 ] } },
{ "type": "Feature", "properties": { "ltg_lon": -81.35493, "ltg_lat": 30.08668, "idx": 272704, "polarity": -32311, "dttime_utc": "2026-05-11 21:03", "hrl": 71.9, "precip24h": 1.6299, "erc": 19.13746, "kbdi": 446.0, "relh_min": 46.96826, "relh_max": 97.785355, "lcc": null }, "geometry": { "type": "Point", "coordinates": [ -81.35493, 30.08668 ] } },
{ "type": "Feature", "properties": { "ltg_lon": -81.36042, "ltg_lat": 30.10974, "idx": 272703, "polarity": -27866, "dttime_utc": "2026-05-11 21:03", "hrl": 44.18, "precip24h": 1.6063, "erc": 19.146324, "kbdi": 466.0, "relh_min": 41.401268, "relh_max": 98.35724, "lcc": null }, "geometry": { "type": "Point", "coordinates": [ -81.36042, 30.10974 ] } },
{ "type": "Feature", "properties": { "ltg_lon": -81.37642, "ltg_lat": 30.07687, "idx": 272716, "polarity": -25162, "dttime_utc": "2026-05-11 21:03", "hrl": 78.15, "precip24h": 1.5866, "erc": 19.153564, "kbdi": 483.0, "relh_min": 41.410923, "relh_max": 98.35704, "lcc": null }, "geometry": { "type": "Point", "coordinates": [ -81.37642, 30.07687 ] } },
{ "type": "Feature", "properties": { "ltg_lon": -81.38371, "ltg_lat": 30.07711, "idx": 272726, "polarity": -13871, "dttime_utc": "2026-05-11 21:03", "hrl": 63.58, "precip24h": 1.685, "erc": 19.160889, "kbdi": 505.0, "relh_min": 47.03207, "relh_max": 97.796745, "lcc": null }, "geometry": { "type": "Point", "coordinates": [ -81.38371, 30.07711 ] } },
{ "type": "Feature", "properties": { "ltg_lon": -80.56682, "ltg_lat": 27.56981, "idx": 272711, "polarity": -19435, "dttime_utc": "2026-05-11 21:03", "hrl": 7.57, "precip24h": 0.3898, "erc": 24.524786, "kbdi": 495.0, "relh_min": 48.096733, "relh_max": 96.397415, "lcc": null }, "geometry": { "type": "Point", "coordinates": [ -80.56682, 27.56981 ] } },
{ "type": "Feature", "properties": { "ltg_lon": -80.59104, "ltg_lat": 27.59023, "idx": 272717, "polarity": -36710, "dttime_utc": "2026-05-11 21:03", "hrl": 17.5, "precip24h": 0.7244, "erc": 24.632616, "kbdi": 419.0, "relh_min": 40.980965, "relh_max": 98.26637, "lcc": null }, "geometry": { "type": "Point", "coordinates": [ -80.59104, 27.59023 ] } },
{ "type": "Feature", "properties": { "ltg_lon": -80.59072, "ltg_lat": 27.60473, "idx": 272712, "polarity": 16549, "dttime_utc": "2026-05-11 21:03", "hrl": 40.3, "precip24h": 0.7323, "erc": 24.643517, "kbdi": 407.0, "relh_min": 48.20933, "relh_max": 96.43251, "lcc": null }, "geometry": { "type": "Point", "coordinates": [ -80.59072, 27.60473 ] } },
{ "type": "Feature", "properties": { "ltg_lon": -80.58873, "ltg_lat": 27.58096, "idx": 272718, "polarity": -18908, "dttime_utc": "2026-05-11 21:03", "hrl": 4.45, "precip24h": 0.6575, "erc": 24.61956, "kbdi": 489.0, "relh_min": 48.06618, "relh_max": 96.4057, "lcc": null }, "geometry": { "type": "Point", "coordinates": [ -80.58873, 27.58096 ] } },
{ "type": "Feature", "properties": { "ltg_lon": -80.60555, "ltg_lat": 27.58269, "idx": 272713, "polarity": -9108, "dttime_utc": "2026-05-11 21:03", "hrl": 13.81, "precip24h": 0.5394, "erc": 24.648457, "kbdi": 417.0, "relh_min": 40.984245, "relh_max": 98.266556, "lcc": null }, "geometry": { "type": "Point", "coordinates": [ -80.60555, 27.58269 ] } },
{ "type": "Feature", "properties": { "ltg_lon": -80.63359, "ltg_lat": 27.57335, "idx": 272720, "polarity": -13939, "dttime_utc": "2026-05-11 21:03", "hrl": 15.89, "precip24h": 0.4528, "erc": 24.685116, "kbdi": 410.0, "relh_min": 40.990776, "relh_max": 98.26701, "lcc": null }, "geometry": { "type": "Point", "coordinates": [ -80.63359, 27.57335 ] } },
{ "type": "Feature", "properties": { "ltg_lon": -81.41304, "ltg_lat": 30.08403, "idx": 272725, "polarity": -16648, "dttime_utc": "2026-05-11 21:04", "hrl": 68.59, "precip24h": 1.7638, "erc": 19.196655, "kbdi": 535.0, "relh_min": 46.83924, "relh_max": 97.780495, "lcc": null }, "geometry": { "type": "Point", "coordinates": [ -81.41304, 30.08403 ] } },
{ "type": "Feature", "properties": { "ltg_lon": -81.39012, "ltg_lat": 30.09091, "idx": 272734, "polarity": -25294, "dttime_utc": "2026-05-11 21:04", "hrl": 34.63, "precip24h": 1.8858, "erc": 19.173094, "kbdi": 515.0, "relh_min": 41.420635, "relh_max": 98.358284, "lcc": null }, "geometry": { "type": "Point", "coordinates": [ -81.39012, 30.09091 ] } },
{ "type": "Feature", "properties": { "ltg_lon": -81.42508, "ltg_lat": 30.0969, "idx": 272732, "polarity": -17177, "dttime_utc": "2026-05-11 21:04", "hrl": 40.87, "precip24h": 1.9016, "erc": 19.217443, "kbdi": 517.0, "relh_min": 46.670048, "relh_max": 97.76792, "lcc": null }, "geometry": { "type": "Point", "coordinates": [ -81.42508, 30.0969 ] } },
{ "type": "Feature", "properties": { "ltg_lon": -80.6643, "ltg_lat": 27.57215, "idx": 272744, "polarity": 16308, "dttime_utc": "2026-05-11 21:04", "hrl": 34.53, "precip24h": 0.6102, "erc": 24.740072, "kbdi": 435.0, "relh_min": 40.998318, "relh_max": 98.26769, "lcc": 293.804 }, "geometry": { "type": "Point", "coordinates": [ -80.6643, 27.57215 ] } },
{ "type": "Feature", "properties": { "ltg_lon": -80.59983, "ltg_lat": 27.5861, "idx": 272745, "polarity": -48097, "dttime_utc": "2026-05-11 21:04", "hrl": 5.68, "precip24h": 0.6024, "erc": 24.642551, "kbdi": 450.0, "relh_min": 40.98297, "relh_max": 98.266495, "lcc": null }, "geometry": { "type": "Point", "coordinates": [ -80.59983, 27.5861 ] } },
{ "type": "Feature", "properties": { "ltg_lon": -80.58576, "ltg_lat": 27.58452, "idx": 272746, "polarity": -26020, "dttime_utc": "2026-05-11 21:04", "hrl": 4.64, "precip24h": 0.6575, "erc": 24.618763, "kbdi": 489.0, "relh_min": 48.102882, "relh_max": 96.41031, "lcc": null }, "geometry": { "type": "Point", "coordinates": [ -80.58576, 27.58452 ] } },
{ "type": "Feature", "properties": { "ltg_lon": -81.35107, "ltg_lat": 30.10592, "idx": 272769, "polarity": -15572, "dttime_utc": "2026-05-11 21:05", "hrl": 49.86, "precip24h": 1.5591, "erc": 19.137539, "kbdi": 414.0, "relh_min": 41.394882, "relh_max": 98.35659, "lcc": null }, "geometry": { "type": "Point", "coordinates": [ -81.35107, 30.10592 ] } },
{ "type": "Feature", "properties": { "ltg_lon": -80.69293, "ltg_lat": 27.67858, "idx": 272814, "polarity": -45164, "dttime_utc": "2026-05-11 21:07", "hrl": 85.71, "precip24h": 1.3465, "erc": 24.912632, "kbdi": 288.0, "relh_min": 41.01041, "relh_max": 98.27043, "lcc": null }, "geometry": { "type": "Point", "coordinates": [ -80.69293, 27.67858 ] } },
{ "type": "Feature", "properties": { "ltg_lon": -80.61952, "ltg_lat": 27.64215, "idx": 272816, "polarity": 22081, "dttime_utc": "2026-05-11 21:07", "hrl": 52.89, "precip24h": 0.6772, "erc": 24.70044, "kbdi": 381.0, "relh_min": 40.99019, "relh_max": 98.26801, "lcc": null }, "geometry": { "type": "Point", "coordinates": [ -80.61952, 27.64215 ] } },
{ "type": "Feature", "properties": { "ltg_lon": -81.34759, "ltg_lat": 30.11259, "idx": 272818, "polarity": -6452, "dttime_utc": "2026-05-11 21:08", "hrl": 50.33, "precip24h": 1.4488, "erc": 18.981272, "kbdi": 297.0, "relh_min": 46.676716, "relh_max": 97.757164, "lcc": null }, "geometry": { "type": "Point", "coordinates": [ -81.34759, 30.11259 ] } },
{ "type": "Feature", "properties": { "ltg_lon": -81.36853, "ltg_lat": 30.13316, "idx": 272827, "polarity": -20769, "dttime_utc": "2026-05-11 21:08", "hrl": 9.74, "precip24h": 1.5906, "erc": 18.795677, "kbdi": 403.0, "relh_min": 41.407406, "relh_max": 98.35849, "lcc": null }, "geometry": { "type": "Point", "coordinates": [ -81.36853, 30.13316 ] } },
{ "type": "Feature", "properties": { "ltg_lon": -80.7117, "ltg_lat": 27.65461, "idx": 272830, "polarity": -43054, "dttime_utc": "2026-05-11 21:08", "hrl": 69.44, "precip24h": 1.2047, "erc": 24.942228, "kbdi": 320.0, "relh_min": 47.76841, "relh_max": 96.40883, "lcc": null }, "geometry": { "type": "Point", "coordinates": [ -80.7117, 27.65461 ] } },
{ "type": "Feature", "properties": { "ltg_lon": -80.34013, "ltg_lat": 27.59184, "idx": 272841, "polarity": -23567, "dttime_utc": "2026-05-11 21:09", "hrl": 90.73, "precip24h": 2.2953, "erc": 24.22149, "kbdi": 313.0, "relh_min": 45.09785, "relh_max": 97.168205, "lcc": null }, "geometry": { "type": "Point", "coordinates": [ -80.34013, 27.59184 ] } },
{ "type": "Feature", "properties": { "ltg_lon": -80.62023, "ltg_lat": 27.70285, "idx": 272853, "polarity": -47355, "dttime_utc": "2026-05-11 21:10", "hrl": 94.51, "precip24h": 1.8937, "erc": 24.622683, "kbdi": 281.0, "relh_min": 45.96479, "relh_max": 97.315796, "lcc": null }, "geometry": { "type": "Point", "coordinates": [ -80.62023, 27.70285 ] } },
{ "type": "Feature", "properties": { "ltg_lon": -80.61963, "ltg_lat": 27.70366, "idx": 272854, "polarity": -17480, "dttime_utc": "2026-05-11 21:10", "hrl": 95.18, "precip24h": 1.9646, "erc": 24.619034, "kbdi": 281.0, "relh_min": 40.992737, "relh_max": 98.2692, "lcc": null }, "geometry": { "type": "Point", "coordinates": [ -80.61963, 27.70366 ] } },
{ "type": "Feature", "properties": { "ltg_lon": -80.60473, "ltg_lat": 27.59995, "idx": 272884, "polarity": 26273, "dttime_utc": "2026-05-11 21:11", "hrl": 23.75, "precip24h": 0.685, "erc": 24.66212, "kbdi": 395.0, "relh_min": 40.984753, "relh_max": 98.26687, "lcc": null }, "geometry": { "type": "Point", "coordinates": [ -80.60473, 27.59995 ] } },
{ "type": "Feature", "properties": { "ltg_lon": -80.6111, "ltg_lat": 27.60182, "idx": 272883, "polarity": 26349, "dttime_utc": "2026-05-11 21:11", "hrl": 41.15, "precip24h": 0.7047, "erc": 24.673872, "kbdi": 394.0, "relh_min": 45.226772, "relh_max": 97.22063, "lcc": null }, "geometry": { "type": "Point", "coordinates": [ -80.6111, 27.60182 ] } },
{ "type": "Feature", "properties": { "ltg_lon": -80.33774, "ltg_lat": 27.60429, "idx": 272893, "polarity": -22648, "dttime_utc": "2026-05-11 21:12", "hrl": 88.84, "precip24h": 2.0394, "erc": 24.326971, "kbdi": 289.0, "relh_min": 45.148132, "relh_max": 97.177605, "lcc": null }, "geometry": { "type": "Point", "coordinates": [ -80.33774, 27.60429 ] } },
{ "type": "Feature", "properties": { "ltg_lon": -80.62652, "ltg_lat": 27.59574, "idx": 272904, "polarity": -22233, "dttime_utc": "2026-05-11 21:12", "hrl": 22.61, "precip24h": 0.5945, "erc": 24.695448, "kbdi": 395.0, "relh_min": 40.989986, "relh_max": 98.26729, "lcc": null }, "geometry": { "type": "Point", "coordinates": [ -80.62652, 27.59574 ] } },
{ "type": "Feature", "properties": { "ltg_lon": -80.63093, "ltg_lat": 27.60235, "idx": 272907, "polarity": -18125, "dttime_utc": "2026-05-11 21:12", "hrl": 38.32, "precip24h": 0.748, "erc": 24.708408, "kbdi": 394.0, "relh_min": 40.991367, "relh_max": 98.26751, "lcc": null }, "geometry": { "type": "Point", "coordinates": [ -80.63093, 27.60235 ] } },
{ "type": "Feature", "properties": { "ltg_lon": -80.63743, "ltg_lat": 27.60622, "idx": 272905, "polarity": -22346, "dttime_utc": "2026-05-11 21:12", "hrl": 50.52, "precip24h": 0.748, "erc": 24.722975, "kbdi": 394.0, "relh_min": 40.993153, "relh_max": 98.26774, "lcc": null }, "geometry": { "type": "Point", "coordinates": [ -80.63743, 27.60622 ] } },
{ "type": "Feature", "properties": { "ltg_lon": -80.61331, "ltg_lat": 27.5899, "idx": 272906, "polarity": -42734, "dttime_utc": "2026-05-11 21:12", "hrl": 11.26, "precip24h": 0.4961, "erc": 24.668072, "kbdi": 396.0, "relh_min": 40.986465, "relh_max": 98.26688, "lcc": null }, "geometry": { "type": "Point", "coordinates": [ -80.61331, 27.5899 ] } },
{ "type": "Feature", "properties": { "ltg_lon": -80.63552, "ltg_lat": 27.60222, "idx": 272908, "polarity": -30797, "dttime_utc": "2026-05-11 21:12", "hrl": 50.61, "precip24h": 0.748, "erc": 24.716497, "kbdi": 394.0, "relh_min": 40.992504, "relh_max": 98.26762, "lcc": null }, "geometry": { "type": "Point", "coordinates": [ -80.63552, 27.60222 ] } },
{ "type": "Feature", "properties": { "ltg_lon": -80.62108, "ltg_lat": 27.60262, "idx": 272910, "polarity": -36212, "dttime_utc": "2026-05-11 21:12", "hrl": 46.17, "precip24h": 0.7205, "erc": 24.691347, "kbdi": 394.0, "relh_min": 45.202892, "relh_max": 97.21898, "lcc": null }, "geometry": { "type": "Point", "coordinates": [ -80.62108, 27.60262 ] } },
{ "type": "Feature", "properties": { "ltg_lon": -80.61358, "ltg_lat": 27.60426, "idx": 272918, "polarity": 16559, "dttime_utc": "2026-05-11 21:13", "hrl": 41.44, "precip24h": 0.7047, "erc": 24.67965, "kbdi": 394.0, "relh_min": 40.98713, "relh_max": 98.26715, "lcc": null }, "geometry": { "type": "Point", "coordinates": [ -80.61358, 27.60426 ] } },
{ "type": "Feature", "properties": { "ltg_lon": -80.35032, "ltg_lat": 27.61946, "idx": 272922, "polarity": -22768, "dttime_utc": "2026-05-11 21:13", "hrl": 85.81, "precip24h": 1.378, "erc": 24.469934, "kbdi": 313.0, "relh_min": 45.265923, "relh_max": 97.19749, "lcc": null }, "geometry": { "type": "Point", "coordinates": [ -80.35032, 27.61946 ] } },
{ "type": "Feature", "properties": { "ltg_lon": -80.80225, "ltg_lat": 27.6381, "idx": 272944, "polarity": -26541, "dttime_utc": "2026-05-11 21:14", "hrl": 57.43, "precip24h": 0.5118, "erc": 25.176788, "kbdi": 322.0, "relh_min": 41.036304, "relh_max": 98.27217, "lcc": null }, "geometry": { "type": "Point", "coordinates": [ -80.80225, 27.6381 ] } },
{ "type": "Feature", "properties": { "ltg_lon": -80.72491, "ltg_lat": 27.60452, "idx": 272947, "polarity": -13972, "dttime_utc": "2026-05-11 21:14", "hrl": 32.64, "precip24h": 1.2047, "erc": 24.931234, "kbdi": 341.0, "relh_min": 44.89725, "relh_max": 97.19378, "lcc": null }, "geometry": { "type": "Point", "coordinates": [ -80.72491, 27.60452 ] } },
{ "type": "Feature", "properties": { "ltg_lon": -80.58624, "ltg_lat": 27.58778, "idx": 272949, "polarity": 16961, "dttime_utc": "2026-05-11 21:14", "hrl": 4.54, "precip24h": 0.6575, "erc": 24.622877, "kbdi": 489.0, "relh_min": 45.206036, "relh_max": 97.21426, "lcc": null }, "geometry": { "type": "Point", "coordinates": [ -80.58624, 27.58778 ] } },
{ "type": "Feature", "properties": { "ltg_lon": -81.35058, "ltg_lat": 30.12197, "idx": 272957, "polarity": -14883, "dttime_utc": "2026-05-11 21:15", "hrl": 41.34, "precip24h": 1.5039, "erc": 18.984333, "kbdi": 353.0, "relh_min": 45.010616, "relh_max": 97.85282, "lcc": null }, "geometry": { "type": "Point", "coordinates": [ -81.35058, 30.12197 ] } },
{ "type": "Feature", "properties": { "ltg_lon": -80.59067, "ltg_lat": 27.61155, "idx": 272963, "polarity": 15941, "dttime_utc": "2026-05-11 21:16", "hrl": 28.76, "precip24h": 0.6063, "erc": 24.647133, "kbdi": 401.0, "relh_min": 40.981728, "relh_max": 98.26677, "lcc": null }, "geometry": { "type": "Point", "coordinates": [ -80.59067, 27.61155 ] } },
{ "type": "Feature", "properties": { "ltg_lon": -80.69995, "ltg_lat": 27.62432, "idx": 272982, "polarity": -19891, "dttime_utc": "2026-05-11 21:16", "hrl": 23.84, "precip24h": 0.8189, "erc": 24.885231, "kbdi": 338.0, "relh_min": 45.042492, "relh_max": 97.2066, "lcc": null }, "geometry": { "type": "Point", "coordinates": [ -80.69995, 27.62432 ] } },
{ "type": "Feature", "properties": { "ltg_lon": -80.68842, "ltg_lat": 27.64601, "idx": 272978, "polarity": -22636, "dttime_utc": "2026-05-11 21:16", "hrl": 57.24, "precip24h": 0.9685, "erc": 24.834917, "kbdi": 332.0, "relh_min": 41.007755, "relh_max": 98.269684, "lcc": null }, "geometry": { "type": "Point", "coordinates": [ -80.68842, 27.64601 ] } },
{ "type": "Feature", "properties": { "ltg_lon": -80.71593, "ltg_lat": 27.61499, "idx": 272979, "polarity": -25828, "dttime_utc": "2026-05-11 21:16", "hrl": 26.11, "precip24h": 1.0433, "erc": 24.928122, "kbdi": 343.0, "relh_min": 41.01323, "relh_max": 98.26971, "lcc": null }, "geometry": { "type": "Point", "coordinates": [ -80.71593, 27.61499 ] } },
{ "type": "Feature", "properties": { "ltg_lon": -80.70629, "ltg_lat": 27.6346, "idx": 272977, "polarity": -17187, "dttime_utc": "2026-05-11 21:16", "hrl": 46.55, "precip24h": 0.9094, "erc": 24.910015, "kbdi": 320.0, "relh_min": 45.057106, "relh_max": 97.20786, "lcc": null }, "geometry": { "type": "Point", "coordinates": [ -80.70629, 27.6346 ] } },
{ "type": "Feature", "properties": { "ltg_lon": -80.57069, "ltg_lat": 27.58347, "idx": 272989, "polarity": 15654, "dttime_utc": "2026-05-11 21:17", "hrl": 5.2, "precip24h": 0.5827, "erc": 24.594746, "kbdi": 507.0, "relh_min": 45.211002, "relh_max": 97.212265, "lcc": null }, "geometry": { "type": "Point", "coordinates": [ -80.57069, 27.58347 ] } },
{ "type": "Feature", "properties": { "ltg_lon": -80.70595, "ltg_lat": 27.58301, "idx": 272997, "polarity": -15313, "dttime_utc": "2026-05-11 21:17", "hrl": 44.75, "precip24h": 1.315, "erc": 24.824152, "kbdi": 445.0, "relh_min": 44.883984, "relh_max": 97.19329, "lcc": null }, "geometry": { "type": "Point", "coordinates": [ -80.70595, 27.58301 ] } },
{ "type": "Feature", "properties": { "ltg_lon": -80.69472, "ltg_lat": 27.63195, "idx": 273026, "polarity": -18393, "dttime_utc": "2026-05-11 21:18", "hrl": 45.03, "precip24h": 0.8583, "erc": 24.836437, "kbdi": 329.0, "relh_min": 45.090504, "relh_max": 97.21135, "lcc": null }, "geometry": { "type": "Point", "coordinates": [ -80.69472, 27.63195 ] } },
{ "type": "Feature", "properties": { "ltg_lon": -80.68529, "ltg_lat": 27.61902, "idx": 273028, "polarity": -24992, "dttime_utc": "2026-05-11 21:18", "hrl": 21.76, "precip24h": 0.7323, "erc": 24.826902, "kbdi": 362.0, "relh_min": 41.005714, "relh_max": 98.26908, "lcc": null }, "geometry": { "type": "Point", "coordinates": [ -80.68529, 27.61902 ] } },
{ "type": "Feature", "properties": { "ltg_lon": -80.71459, "ltg_lat": 27.63315, "idx": 273037, "polarity": -25694, "dttime_utc": "2026-05-11 21:19", "hrl": 32.73, "precip24h": 0.8543, "erc": 24.926548, "kbdi": 320.0, "relh_min": 41.013775, "relh_max": 98.270035, "lcc": null }, "geometry": { "type": "Point", "coordinates": [ -80.71459, 27.63315 ] } },
{ "type": "Feature", "properties": { "ltg_lon": -80.6848, "ltg_lat": 27.62611, "idx": 273038, "polarity": -12187, "dttime_utc": "2026-05-11 21:19", "hrl": 27.34, "precip24h": 0.7008, "erc": 24.832676, "kbdi": 352.0, "relh_min": 45.103786, "relh_max": 97.21265, "lcc": null }, "geometry": { "type": "Point", "coordinates": [ -80.6848, 27.62611 ] } },
{ "type": "Feature", "properties": { "ltg_lon": -80.68491, "ltg_lat": 27.65204, "idx": 273039, "polarity": -26683, "dttime_utc": "2026-05-11 21:19", "hrl": 71.14, "precip24h": 1.2087, "erc": 24.83103, "kbdi": 325.0, "relh_min": 45.21488, "relh_max": 97.22459, "lcc": null }, "geometry": { "type": "Point", "coordinates": [ -80.68491, 27.65204 ] } },
{ "type": "Feature", "properties": { "ltg_lon": -80.58028, "ltg_lat": 27.62527, "idx": 273056, "polarity": -57156, "dttime_utc": "2026-05-11 21:21", "hrl": 48.34, "precip24h": 0.5315, "erc": 24.636118, "kbdi": 416.0, "relh_min": 45.47744, "relh_max": 97.24891, "lcc": null }, "geometry": { "type": "Point", "coordinates": [ -80.58028, 27.62527 ] } },
{ "type": "Feature", "properties": { "ltg_lon": -80.58944, "ltg_lat": 27.63831, "idx": 273057, "polarity": -18805, "dttime_utc": "2026-05-11 21:21", "hrl": 49.57, "precip24h": 0.5236, "erc": 24.646736, "kbdi": 405.0, "relh_min": 45.552334, "relh_max": 97.2598, "lcc": null }, "geometry": { "type": "Point", "coordinates": [ -80.58944, 27.63831 ] } },
{ "type": "Feature", "properties": { "ltg_lon": -80.64025, "ltg_lat": 27.60037, "idx": 273086, "polarity": 18483, "dttime_utc": "2026-05-11 21:24", "hrl": 65.09, "precip24h": 0.7717, "erc": 24.723501, "kbdi": 398.0, "relh_min": 45.13505, "relh_max": 97.21317, "lcc": null }, "geometry": { "type": "Point", "coordinates": [ -80.64025, 27.60037 ] } },
{ "type": "Feature", "properties": { "ltg_lon": -80.68864, "ltg_lat": 27.63073, "idx": 273099, "polarity": -22199, "dttime_utc": "2026-05-11 21:24", "hrl": 65.37, "precip24h": 0.7953, "erc": 24.821796, "kbdi": 344.0, "relh_min": 45.108513, "relh_max": 97.21318, "lcc": null }, "geometry": { "type": "Point", "coordinates": [ -80.68864, 27.63073 ] } },
{ "type": "Feature", "properties": { "ltg_lon": -80.69468, "ltg_lat": 27.63373, "idx": 273098, "polarity": -23935, "dttime_utc": "2026-05-11 21:24", "hrl": 69.91, "precip24h": 0.8583, "erc": 24.838152, "kbdi": 329.0, "relh_min": 41.008766, "relh_max": 98.26959, "lcc": null }, "geometry": { "type": "Point", "coordinates": [ -80.69468, 27.63373 ] } },
{ "type": "Feature", "properties": { "ltg_lon": -80.66571, "ltg_lat": 27.62093, "idx": 273100, "polarity": -20457, "dttime_utc": "2026-05-11 21:24", "hrl": 65.28, "precip24h": 0.748, "erc": 24.788557, "kbdi": 381.0, "relh_min": 45.150253, "relh_max": 97.21695, "lcc": null }, "geometry": { "type": "Point", "coordinates": [ -80.66571, 27.62093 ] } },
{ "type": "Feature", "properties": { "ltg_lon": -80.67145, "ltg_lat": 27.63368, "idx": 273105, "polarity": -43896, "dttime_utc": "2026-05-11 21:24", "hrl": 77.77, "precip24h": 0.8307, "erc": 24.810005, "kbdi": 356.0, "relh_min": 45.18799, "relh_max": 97.22139, "lcc": null }, "geometry": { "type": "Point", "coordinates": [ -80.67145, 27.63368 ] } },
{ "type": "Feature", "properties": { "ltg_lon": -81.6665, "ltg_lat": 28.03643, "idx": 273145, "polarity": -22796, "dttime_utc": "2026-05-11 21:27", "hrl": 54.49, "precip24h": 0.6929, "erc": 28.255733, "kbdi": 531.0, "relh_min": 43.89392, "relh_max": 96.83272, "lcc": null }, "geometry": { "type": "Point", "coordinates": [ -81.6665, 28.03643 ] } },
{ "type": "Feature", "properties": { "ltg_lon": -80.69388, "ltg_lat": 27.59238, "idx": 273155, "polarity": -21013, "dttime_utc": "2026-05-11 21:28", "hrl": 77.86, "precip24h": 1.2165, "erc": 24.816187, "kbdi": 430.0, "relh_min": 41.00661, "relh_max": 98.26876, "lcc": null }, "geometry": { "type": "Point", "coordinates": [ -80.69388, 27.59238 ] } },
{ "type": "Feature", "properties": { "ltg_lon": -80.67342, "ltg_lat": 27.58721, "idx": 273154, "polarity": -7629, "dttime_utc": "2026-05-11 21:28", "hrl": 78.05, "precip24h": 0.9685, "erc": 24.773909, "kbdi": 436.0, "relh_min": 41.00127, "relh_max": 98.26819, "lcc": null }, "geometry": { "type": "Point", "coordinates": [ -80.67342, 27.58721 ] } },
{ "type": "Feature", "properties": { "ltg_lon": -81.23343, "ltg_lat": 26.49841, "idx": 273211, "polarity": -22236, "dttime_utc": "2026-05-11 21:31", "hrl": 74.83, "precip24h": 1.878, "erc": 23.728464, "kbdi": 564.0, "relh_min": 41.05054, "relh_max": 98.257484, "lcc": null }, "geometry": { "type": "Point", "coordinates": [ -81.23343, 26.49841 ] } },
{ "type": "Feature", "properties": { "ltg_lon": -80.71609, "ltg_lat": 27.62415, "idx": 273247, "polarity": -32393, "dttime_utc": "2026-05-11 21:32", "hrl": 68.02, "precip24h": 0.9213, "erc": 24.91883, "kbdi": 327.0, "relh_min": 44.986206, "relh_max": 97.20107, "lcc": null }, "geometry": { "type": "Point", "coordinates": [ -80.71609, 27.62415 ] } },
{ "type": "Feature", "properties": { "ltg_lon": -81.14723, "ltg_lat": 26.47491, "idx": 273251, "polarity": -29230, "dttime_utc": "2026-05-11 21:33", "hrl": 18.07, "precip24h": 0.7126, "erc": 23.73003, "kbdi": 627.0, "relh_min": 47.3442, "relh_max": 95.44604, "lcc": null }, "geometry": { "type": "Point", "coordinates": [ -81.14723, 26.47491 ] } },
{ "type": "Feature", "properties": { "ltg_lon": -80.72577, "ltg_lat": 28.64467, "idx": 273257, "polarity": -19813, "dttime_utc": "2026-05-11 21:33", "hrl": 12.02, "precip24h": 0.4646, "erc": 24.0549, "kbdi": 548.0, "relh_min": 46.055683, "relh_max": 96.427025, "lcc": null }, "geometry": { "type": "Point", "coordinates": [ -80.72577, 28.64467 ] } },
{ "type": "Feature", "properties": { "ltg_lon": -80.72212, "ltg_lat": 28.66653, "idx": 273278, "polarity": -29059, "dttime_utc": "2026-05-11 21:34", "hrl": 3.03, "precip24h": 0.1575, "erc": 24.206343, "kbdi": 579.0, "relh_min": 46.11098, "relh_max": 96.455536, "lcc": null }, "geometry": { "type": "Point", "coordinates": [ -80.72212, 28.66653 ] } },
{ "type": "Feature", "properties": { "ltg_lon": -80.679, "ltg_lat": 28.65853, "idx": 273280, "polarity": -24463, "dttime_utc": "2026-05-11 21:34", "hrl": 22.89, "precip24h": 0.3819, "erc": 23.970686, "kbdi": 537.0, "relh_min": 43.73477, "relh_max": 97.000145, "lcc": null }, "geometry": { "type": "Point", "coordinates": [ -80.679, 28.65853 ] } },
{ "type": "Feature", "properties": { "ltg_lon": -81.02358, "ltg_lat": 26.63965, "idx": 273312, "polarity": -21976, "dttime_utc": "2026-05-11 21:36", "hrl": 2.37, "precip24h": 0.4449, "erc": 23.576546, "kbdi": 637.0, "relh_min": 44.222004, "relh_max": 96.75337, "lcc": null }, "geometry": { "type": "Point", "coordinates": [ -81.02358, 26.63965 ] } },
{ "type": "Feature", "properties": { "ltg_lon": -81.13639, "ltg_lat": 26.51534, "idx": 273324, "polarity": -21518, "dttime_utc": "2026-05-11 21:36", "hrl": 40.96, "precip24h": 0.8937, "erc": 23.742521, "kbdi": 543.0, "relh_min": 47.32567, "relh_max": 95.46689, "lcc": null }, "geometry": { "type": "Point", "coordinates": [ -81.13639, 26.51534 ] } },
{ "type": "Feature", "properties": { "ltg_lon": -81.06772, "ltg_lat": 26.49011, "idx": 273380, "polarity": -35230, "dttime_utc": "2026-05-11 21:38", "hrl": 89.5, "precip24h": 1.0512, "erc": 23.844381, "kbdi": 520.0, "relh_min": 44.23709, "relh_max": 96.71071, "lcc": null }, "geometry": { "type": "Point", "coordinates": [ -81.06772, 26.49011 ] } },
{ "type": "Feature", "properties": { "ltg_lon": -81.09675, "ltg_lat": 26.63524, "idx": 273389, "polarity": -21592, "dttime_utc": "2026-05-11 21:38", "hrl": 8.7, "precip24h": 0.5079, "erc": 23.608013, "kbdi": 562.0, "relh_min": 47.27283, "relh_max": 95.537476, "lcc": null }, "geometry": { "type": "Point", "coordinates": [ -81.09675, 26.63524 ] } },
{ "type": "Feature", "properties": { "ltg_lon": -81.22519, "ltg_lat": 26.52857, "idx": 273427, "polarity": -30255, "dttime_utc": "2026-05-11 21:39", "hrl": 24.03, "precip24h": 1.3504, "erc": 23.801424, "kbdi": 624.0, "relh_min": 44.285812, "relh_max": 96.738686, "lcc": null }, "geometry": { "type": "Point", "coordinates": [ -81.22519, 26.52857 ] } },
{ "type": "Feature", "properties": { "ltg_lon": -81.22379, "ltg_lat": 26.53185, "idx": 273431, "polarity": -17751, "dttime_utc": "2026-05-11 21:39", "hrl": 20.34, "precip24h": 1.4173, "erc": 23.802, "kbdi": 626.0, "relh_min": 47.260727, "relh_max": 95.51743, "lcc": null }, "geometry": { "type": "Point", "coordinates": [ -81.22379, 26.53185 ] } },
{ "type": "Feature", "properties": { "ltg_lon": -81.63002, "ltg_lat": 28.02237, "idx": 273461, "polarity": -18349, "dttime_utc": "2026-05-11 21:41", "hrl": 15.52, "precip24h": 0.5748, "erc": 27.738005, "kbdi": 527.0, "relh_min": 45.624374, "relh_max": 95.48918, "lcc": null }, "geometry": { "type": "Point", "coordinates": [ -81.63002, 28.02237 ] } },
{ "type": "Feature", "properties": { "ltg_lon": -81.64194, "ltg_lat": 28.02934, "idx": 273507, "polarity": -15806, "dttime_utc": "2026-05-11 21:42", "hrl": 26.96, "precip24h": 0.6024, "erc": 27.888895, "kbdi": 506.0, "relh_min": 45.576996, "relh_max": 95.41179, "lcc": null }, "geometry": { "type": "Point", "coordinates": [ -81.64194, 28.02934 ] } },
{ "type": "Feature", "properties": { "ltg_lon": -81.03081, "ltg_lat": 26.4699, "idx": 273543, "polarity": -24734, "dttime_utc": "2026-05-11 21:43", "hrl": 82.31, "precip24h": 1.0315, "erc": 23.642172, "kbdi": 526.0, "relh_min": 47.66917, "relh_max": 95.367096, "lcc": null }, "geometry": { "type": "Point", "coordinates": [ -81.03081, 26.4699 ] } },
{ "type": "Feature", "properties": { "ltg_lon": -81.02977, "ltg_lat": 26.47759, "idx": 273605, "polarity": 20655, "dttime_utc": "2026-05-11 21:46", "hrl": 86.94, "precip24h": 0.7756, "erc": 23.644917, "kbdi": 496.0, "relh_min": 47.666195, "relh_max": 95.37185, "lcc": null }, "geometry": { "type": "Point", "coordinates": [ -81.02977, 26.47759 ] } },
{ "type": "Feature", "properties": { "ltg_lon": -80.98576, "ltg_lat": 26.52713, "idx": 273606, "polarity": 18560, "dttime_utc": "2026-05-11 21:46", "hrl": 36.33, "precip24h": 0.8622, "erc": 23.831121, "kbdi": 605.0, "relh_min": 47.43901, "relh_max": 95.375626, "lcc": null }, "geometry": { "type": "Point", "coordinates": [ -80.98576, 26.52713 ] } },
{ "type": "Feature", "properties": { "ltg_lon": -81.02334, "ltg_lat": 26.53638, "idx": 273691, "polarity": 21554, "dttime_utc": "2026-05-11 21:48", "hrl": 44.94, "precip24h": 0.8701, "erc": 23.84124, "kbdi": 592.0, "relh_min": 47.398952, "relh_max": 95.41194, "lcc": null }, "geometry": { "type": "Point", "coordinates": [ -81.02334, 26.53638 ] } },
{ "type": "Feature", "properties": { "ltg_lon": -81.55221, "ltg_lat": 28.06575, "idx": 273704, "polarity": 15390, "dttime_utc": "2026-05-11 21:49", "hrl": 19.58, "precip24h": 0.6929, "erc": 27.14018, "kbdi": 518.0, "relh_min": 45.944225, "relh_max": 95.704735, "lcc": null }, "geometry": { "type": "Point", "coordinates": [ -81.55221, 28.06575 ] } },
{ "type": "Feature", "properties": { "ltg_lon": -81.00277, "ltg_lat": 26.62647, "idx": 273703, "polarity": -24034, "dttime_utc": "2026-05-11 21:49", "hrl": 14.1, "precip24h": 0.8504, "erc": 23.696218, "kbdi": 624.0, "relh_min": 47.353268, "relh_max": 95.47576, "lcc": null }, "geometry": { "type": "Point", "coordinates": [ -81.00277, 26.62647 ] } },
{ "type": "Feature", "properties": { "ltg_lon": -80.96379, "ltg_lat": 26.47374, "idx": 273712, "polarity": 22045, "dttime_utc": "2026-05-11 21:49", "hrl": 66.7, "precip24h": 0.8701, "erc": 23.63323, "kbdi": 535.0, "relh_min": 47.730877, "relh_max": 95.313934, "lcc": null }, "geometry": { "type": "Point", "coordinates": [ -80.96379, 26.47374 ] } },
{ "type": "Feature", "properties": { "ltg_lon": -81.03678, "ltg_lat": 26.58647, "idx": 273715, "polarity": -15927, "dttime_utc": "2026-05-11 21:50", "hrl": 40.4, "precip24h": 0.937, "erc": 23.590387, "kbdi": 612.0, "relh_min": 47.35302, "relh_max": 95.46245, "lcc": null }, "geometry": { "type": "Point", "coordinates": [ -81.03678, 26.58647 ] } },
{ "type": "Feature", "properties": { "ltg_lon": -81.03196, "ltg_lat": 26.5927, "idx": 273748, "polarity": -25993, "dttime_utc": "2026-05-11 21:52", "hrl": 23.27, "precip24h": 0.7598, "erc": 23.588284, "kbdi": 610.0, "relh_min": 47.60609, "relh_max": 95.464645, "lcc": null }, "geometry": { "type": "Point", "coordinates": [ -81.03196, 26.5927 ] } },
{ "type": "Feature", "properties": { "ltg_lon": -81.00687, "ltg_lat": 26.59466, "idx": 273771, "polarity": -19586, "dttime_utc": "2026-05-11 21:53", "hrl": 15.04, "precip24h": 0.8858, "erc": 23.703493, "kbdi": 610.0, "relh_min": 47.372566, "relh_max": 95.44952, "lcc": null }, "geometry": { "type": "Point", "coordinates": [ -81.00687, 26.59466 ] } },
{ "type": "Feature", "properties": { "ltg_lon": -81.48911, "ltg_lat": 28.15211, "idx": 273837, "polarity": -16655, "dttime_utc": "2026-05-11 21:57", "hrl": 12.3, "precip24h": 1.3504, "erc": 26.84561, "kbdi": 415.0, "relh_min": 46.30816, "relh_max": 95.876564, "lcc": null }, "geometry": { "type": "Point", "coordinates": [ -81.48911, 28.15211 ] } },
{ "type": "Feature", "properties": { "ltg_lon": -80.97838, "ltg_lat": 26.61539, "idx": 273882, "polarity": -20776, "dttime_utc": "2026-05-11 21:59", "hrl": 42.1, "precip24h": 0.6024, "erc": 23.690962, "kbdi": 583.0, "relh_min": 47.643356, "relh_max": 95.4483, "lcc": null }, "geometry": { "type": "Point", "coordinates": [ -80.97838, 26.61539 ] } },
{ "type": "Feature", "properties": { "ltg_lon": -80.95167, "ltg_lat": 26.56666, "idx": 273879, "polarity": 13181, "dttime_utc": "2026-05-11 21:59", "hrl": 2.84, "precip24h": 0.7362, "erc": 23.693848, "kbdi": 585.0, "relh_min": 47.443546, "relh_max": 95.38179, "lcc": null }, "geometry": { "type": "Point", "coordinates": [ -80.95167, 26.56666 ] } },
{ "type": "Feature", "properties": { "ltg_lon": -81.66623, "ltg_lat": 28.04182, "idx": 273923, "polarity": -26038, "dttime_utc": "2026-05-11 22:01", "hrl": 54.21, "precip24h": 0.7362, "erc": 28.109842, "kbdi": 556.0, "relh_min": 45.469933, "relh_max": 95.1935, "lcc": null }, "geometry": { "type": "Point", "coordinates": [ -81.66623, 28.04182 ] } },
{ "type": "Feature", "properties": { "ltg_lon": -81.51642, "ltg_lat": 28.0777, "idx": 273961, "polarity": 16399, "dttime_utc": "2026-05-11 22:03", "hrl": 1.04, "precip24h": 0.5039, "erc": 26.985607, "kbdi": 541.0, "relh_min": 46.005047, "relh_max": 95.45987, "lcc": null }, "geometry": { "type": "Point", "coordinates": [ -81.51642, 28.0777 ] } },
{ "type": "Feature", "properties": { "ltg_lon": -81.52168, "ltg_lat": 28.05314, "idx": 274015, "polarity": 14328, "dttime_utc": "2026-05-11 22:05", "hrl": 0.47, "precip24h": 0.3425, "erc": 26.990528, "kbdi": 552.0, "relh_min": 46.17663, "relh_max": 95.775566, "lcc": null }, "geometry": { "type": "Point", "coordinates": [ -81.52168, 28.05314 ] } },
{ "type": "Feature", "properties": { "ltg_lon": -81.58527, "ltg_lat": 28.10751, "idx": 274030, "polarity": -14810, "dttime_utc": "2026-05-11 22:06", "hrl": 23.65, "precip24h": 0.7717, "erc": 27.306595, "kbdi": 506.0, "relh_min": 46.068726, "relh_max": 95.622314, "lcc": null }, "geometry": { "type": "Point", "coordinates": [ -81.58527, 28.10751 ] } },
{ "type": "Feature", "properties": { "ltg_lon": -80.95124, "ltg_lat": 26.56552, "idx": 274053, "polarity": -26237, "dttime_utc": "2026-05-11 22:07", "hrl": 2.74, "precip24h": 0.7362, "erc": 23.69393, "kbdi": 585.0, "relh_min": 47.480976, "relh_max": 96.22214, "lcc": null }, "geometry": { "type": "Point", "coordinates": [ -80.95124, 26.56552 ] } },
{ "type": "Feature", "properties": { "ltg_lon": -80.9384, "ltg_lat": 26.59413, "idx": 274079, "polarity": 28522, "dttime_utc": "2026-05-11 22:10", "hrl": 9.65, "precip24h": 0.2874, "erc": 23.686863, "kbdi": 508.0, "relh_min": 47.693027, "relh_max": 95.396484, "lcc": null }, "geometry": { "type": "Point", "coordinates": [ -80.9384, 26.59413 ] } },
{ "type": "Feature", "properties": { "ltg_lon": -81.14774, "ltg_lat": 26.59935, "idx": 274101, "polarity": -26766, "dttime_utc": "2026-05-11 22:12", "hrl": 27.72, "precip24h": 1.0394, "erc": 23.64032, "kbdi": 502.0, "relh_min": 47.333515, "relh_max": 96.3429, "lcc": null }, "geometry": { "type": "Point", "coordinates": [ -81.14774, 26.59935 ] } },
{ "type": "Feature", "properties": { "ltg_lon": -80.87386, "ltg_lat": 26.56958, "idx": 274115, "polarity": 21387, "dttime_utc": "2026-05-11 22:13", "hrl": 81.55, "precip24h": 1.3425, "erc": 23.687267, "kbdi": 508.0, "relh_min": 45.47785, "relh_max": 96.43995, "lcc": null }, "geometry": { "type": "Point", "coordinates": [ -80.87386, 26.56958 ] } },
{ "type": "Feature", "properties": { "ltg_lon": -80.97287, "ltg_lat": 26.54269, "idx": 274141, "polarity": -37329, "dttime_utc": "2026-05-11 22:17", "hrl": 7.85, "precip24h": 1.1457, "erc": 23.699686, "kbdi": 612.0, "relh_min": 47.452335, "relh_max": 96.22875, "lcc": null }, "geometry": { "type": "Point", "coordinates": [ -80.97287, 26.54269 ] } },
{ "type": "Feature", "properties": { "ltg_lon": -80.91348, "ltg_lat": 26.45986, "idx": 274140, "polarity": 16035, "dttime_utc": "2026-05-11 22:17", "hrl": 77.29, "precip24h": 1.2087, "erc": 23.62749, "kbdi": 400.0, "relh_min": 45.39244, "relh_max": 96.44107, "lcc": null }, "geometry": { "type": "Point", "coordinates": [ -80.91348, 26.45986 ] } },
{ "type": "Feature", "properties": { "ltg_lon": -81.45026, "ltg_lat": 28.1204, "idx": 274156, "polarity": 11521, "dttime_utc": "2026-05-11 22:18", "hrl": 31.6, "precip24h": 0.7362, "erc": 26.9104, "kbdi": 387.0, "relh_min": 44.877678, "relh_max": 96.18196, "lcc": null }, "geometry": { "type": "Point", "coordinates": [ -81.45026, 28.1204 ] } },
{ "type": "Feature", "properties": { "ltg_lon": -81.41454, "ltg_lat": 28.07341, "idx": 274162, "polarity": 12837, "dttime_utc": "2026-05-11 22:19", "hrl": 4.35, "precip24h": 0.126, "erc": 26.770342, "kbdi": 415.0, "relh_min": 44.905407, "relh_max": 96.24561, "lcc": null }, "geometry": { "type": "Point", "coordinates": [ -81.41454, 28.07341 ] } },
{ "type": "Feature", "properties": { "ltg_lon": -81.03692, "ltg_lat": 27.38457, "idx": 274172, "polarity": 15437, "dttime_utc": "2026-05-11 22:22", "hrl": 2.27, "precip24h": 0.2283, "erc": 24.927225, "kbdi": 598.0, "relh_min": 45.734547, "relh_max": 96.931656, "lcc": null }, "geometry": { "type": "Point", "coordinates": [ -81.03692, 27.38457 ] } },
{ "type": "Feature", "properties": { "ltg_lon": -80.77455, "ltg_lat": 26.615, "idx": 274176, "polarity": 25569, "dttime_utc": "2026-05-11 22:23", "hrl": 97.35, "precip24h": 0.9961, "erc": 23.682657, "kbdi": 344.0, "relh_min": 47.685364, "relh_max": 96.07333, "lcc": null }, "geometry": { "type": "Point", "coordinates": [ -80.77455, 26.615 ] } },
{ "type": "Feature", "properties": { "ltg_lon": -81.33755, "ltg_lat": 27.58201, "idx": 274182, "polarity": -16849, "dttime_utc": "2026-05-11 22:23", "hrl": 35.48, "precip24h": 0.6772, "erc": 26.00793, "kbdi": 500.0, "relh_min": 44.67727, "relh_max": 96.811134, "lcc": null }, "geometry": { "type": "Point", "coordinates": [ -81.33755, 27.58201 ] } },
{ "type": "Feature", "properties": { "ltg_lon": -81.64907, "ltg_lat": 27.37352, "idx": 274185, "polarity": 18157, "dttime_utc": "2026-05-11 22:24", "hrl": 16.75, "precip24h": 0.6181, "erc": 26.22709, "kbdi": 576.0, "relh_min": 46.50303, "relh_max": 96.31036, "lcc": null }, "geometry": { "type": "Point", "coordinates": [ -81.64907, 27.37352 ] } },
{ "type": "Feature", "properties": { "ltg_lon": -81.02296, "ltg_lat": 26.36748, "idx": 274193, "polarity": -26153, "dttime_utc": "2026-05-11 22:26", "hrl": 99.72, "precip24h": 2.6299, "erc": 23.527811, "kbdi": 592.0, "relh_min": 47.337204, "relh_max": 96.22677, "lcc": null }, "geometry": { "type": "Point", "coordinates": [ -81.02296, 26.36748 ] } },
{ "type": "Feature", "properties": { "ltg_lon": -81.0206, "ltg_lat": 26.36492, "idx": 274194, "polarity": -46085, "dttime_utc": "2026-05-11 22:26", "hrl": 99.62, "precip24h": 2.6299, "erc": 23.526451, "kbdi": 592.0, "relh_min": 47.337765, "relh_max": 96.22499, "lcc": null }, "geometry": { "type": "Point", "coordinates": [ -81.0206, 26.36492 ] } },
{ "type": "Feature", "properties": { "ltg_lon": -80.73946, "ltg_lat": 26.46438, "idx": 274195, "polarity": -26905, "dttime_utc": "2026-05-11 22:26", "hrl": 72.85, "precip24h": 0.9764, "erc": 23.69475, "kbdi": 426.0, "relh_min": 47.660847, "relh_max": 95.94089, "lcc": null }, "geometry": { "type": "Point", "coordinates": [ -80.73946, 26.46438 ] } },
{ "type": "Feature", "properties": { "ltg_lon": -81.07259, "ltg_lat": 26.59823, "idx": 274200, "polarity": 7915, "dttime_utc": "2026-05-11 22:27", "hrl": 25.54, "precip24h": 0.5669, "erc": 23.601572, "kbdi": 575.0, "relh_min": 47.389458, "relh_max": 96.31149, "lcc": null }, "geometry": { "type": "Point", "coordinates": [ -81.07259, 26.59823 ] } },
{ "type": "Feature", "properties": { "ltg_lon": -80.8555, "ltg_lat": 26.4501, "idx": 274221, "polarity": -35481, "dttime_utc": "2026-05-11 22:31", "hrl": 90.44, "precip24h": 0.8661, "erc": 23.628761, "kbdi": 516.0, "relh_min": 45.42867, "relh_max": 96.402405, "lcc": null }, "geometry": { "type": "Point", "coordinates": [ -80.8555, 26.4501 ] } },
{ "type": "Feature", "properties": { "ltg_lon": -80.85635, "ltg_lat": 26.46333, "idx": 274222, "polarity": -35172, "dttime_utc": "2026-05-11 22:31", "hrl": 89.69, "precip24h": 0.6614, "erc": 23.631594, "kbdi": 478.0, "relh_min": 45.435184, "relh_max": 96.404625, "lcc": null }, "geometry": { "type": "Point", "coordinates": [ -80.85635, 26.46333 ] } },
{ "type": "Feature", "properties": { "ltg_lon": -80.59196, "ltg_lat": 28.58029, "idx": 274232, "polarity": -22945, "dttime_utc": "2026-05-11 22:34", "hrl": 55.72, "precip24h": 0.2992, "erc": 25.305798, "kbdi": 320.0, "relh_min": 44.625484, "relh_max": 96.75435, "lcc": null }, "geometry": { "type": "Point", "coordinates": [ -80.59196, 28.58029 ] } },
{ "type": "Feature", "properties": { "ltg_lon": -81.43023, "ltg_lat": 28.18283, "idx": 274240, "polarity": 9772, "dttime_utc": "2026-05-11 22:37", "hrl": 56.76, "precip24h": 0.8071, "erc": 26.802185, "kbdi": 453.0, "relh_min": 44.920628, "relh_max": 96.26605, "lcc": null }, "geometry": { "type": "Point", "coordinates": [ -81.43023, 28.18283 ] } },
{ "type": "Feature", "properties": { "ltg_lon": -80.84587, "ltg_lat": 26.43974, "idx": 274243, "polarity": -21250, "dttime_utc": "2026-05-11 22:37", "hrl": 93.38, "precip24h": 1.1339, "erc": 23.627474, "kbdi": 526.0, "relh_min": 45.43035, "relh_max": 96.394455, "lcc": null }, "geometry": { "type": "Point", "coordinates": [ -80.84587, 26.43974 ] } },
{ "type": "Feature", "properties": { "ltg_lon": -80.84715, "ltg_lat": 26.41662, "idx": 274255, "polarity": -21963, "dttime_utc": "2026-05-11 22:41", "hrl": 91.58, "precip24h": 1.2874, "erc": 23.621239, "kbdi": 559.0, "relh_min": 48.61661, "relh_max": 94.48656, "lcc": null }, "geometry": { "type": "Point", "coordinates": [ -80.84715, 26.41662 ] } },
{ "type": "Feature", "properties": { "ltg_lon": -80.8538, "ltg_lat": 26.42441, "idx": 274257, "polarity": -21716, "dttime_utc": "2026-05-11 22:41", "hrl": 93.47, "precip24h": 1.248, "erc": 23.622482, "kbdi": 538.0, "relh_min": 45.415848, "relh_max": 96.39886, "lcc": null }, "geometry": { "type": "Point", "coordinates": [ -80.8538, 26.42441 ] } },
{ "type": "Feature", "properties": { "ltg_lon": -81.40099, "ltg_lat": 28.14418, "idx": 274259, "polarity": 13788, "dttime_utc": "2026-05-11 22:42", "hrl": 32.92, "precip24h": 0.5276, "erc": 26.619444, "kbdi": 387.0, "relh_min": 46.67224, "relh_max": 94.92989, "lcc": null }, "geometry": { "type": "Point", "coordinates": [ -81.40099, 28.14418 ] } },
{ "type": "Feature", "properties": { "ltg_lon": -80.82505, "ltg_lat": 27.96936, "idx": 274265, "polarity": -21373, "dttime_utc": "2026-05-11 22:43", "hrl": 81.84, "precip24h": 0.3701, "erc": 25.50809, "kbdi": 449.0, "relh_min": 48.744705, "relh_max": 95.54104, "lcc": null }, "geometry": { "type": "Point", "coordinates": [ -80.82505, 27.96936 ] } },
{ "type": "Feature", "properties": { "ltg_lon": -80.82553, "ltg_lat": 27.9748, "idx": 274266, "polarity": -30783, "dttime_utc": "2026-05-11 22:43", "hrl": 65.47, "precip24h": 0.1142, "erc": 25.293535, "kbdi": 456.0, "relh_min": 48.228207, "relh_max": 95.61702, "lcc": null }, "geometry": { "type": "Point", "coordinates": [ -80.82553, 27.9748 ] } },
{ "type": "Feature", "properties": { "ltg_lon": -80.80875, "ltg_lat": 27.98367, "idx": 274268, "polarity": -29510, "dttime_utc": "2026-05-11 22:44", "hrl": 76.54, "precip24h": 0.1378, "erc": 25.306574, "kbdi": 427.0, "relh_min": 48.284924, "relh_max": 95.62454, "lcc": null }, "geometry": { "type": "Point", "coordinates": [ -80.80875, 27.98367 ] } },
{ "type": "Feature", "properties": { "ltg_lon": -80.80572, "ltg_lat": 26.4757, "idx": 274272, "polarity": -27043, "dttime_utc": "2026-05-11 22:44", "hrl": 89.88, "precip24h": 1.1024, "erc": 23.641127, "kbdi": 531.0, "relh_min": 48.90609, "relh_max": 94.40545, "lcc": null }, "geometry": { "type": "Point", "coordinates": [ -80.80572, 26.4757 ] } },
{ "type": "Feature", "properties": { "ltg_lon": -80.7931, "ltg_lat": 27.98449, "idx": 274277, "polarity": -34098, "dttime_utc": "2026-05-11 22:44", "hrl": 82.21, "precip24h": 0.2756, "erc": 25.294132, "kbdi": 423.0, "relh_min": 48.355934, "relh_max": 95.63465, "lcc": null }, "geometry": { "type": "Point", "coordinates": [ -80.7931, 27.98449 ] } },
{ "type": "Feature", "properties": { "ltg_lon": -80.82244, "ltg_lat": 27.95292, "idx": 274279, "polarity": -20512, "dttime_utc": "2026-05-11 22:45", "hrl": 86.66, "precip24h": 0.5709, "erc": 25.45982, "kbdi": 464.0, "relh_min": 48.285454, "relh_max": 95.6299, "lcc": null }, "geometry": { "type": "Point", "coordinates": [ -80.82244, 27.95292 ] } },
{ "type": "Feature", "properties": { "ltg_lon": -80.78642, "ltg_lat": 27.98618, "idx": 274280, "polarity": -33399, "dttime_utc": "2026-05-11 22:45", "hrl": 88.46, "precip24h": 0.4606, "erc": 25.293098, "kbdi": 389.0, "relh_min": 48.90211, "relh_max": 95.570526, "lcc": null }, "geometry": { "type": "Point", "coordinates": [ -80.78642, 27.98618 ] } },
{ "type": "Feature", "properties": { "ltg_lon": -80.78595, "ltg_lat": 27.98052, "idx": 274282, "polarity": -37961, "dttime_utc": "2026-05-11 22:46", "hrl": 89.59, "precip24h": 0.4606, "erc": 25.502157, "kbdi": 389.0, "relh_min": 48.398712, "relh_max": 95.64245, "lcc": null }, "geometry": { "type": "Point", "coordinates": [ -80.78595, 27.98052 ] } },
{ "type": "Feature", "properties": { "ltg_lon": -81.22202, "ltg_lat": 27.58675, "idx": 274287, "polarity": -17201, "dttime_utc": "2026-05-11 22:46", "hrl": 60.17, "precip24h": 0.9134, "erc": 25.989168, "kbdi": 488.0, "relh_min": 47.214146, "relh_max": 95.42533, "lcc": null }, "geometry": { "type": "Point", "coordinates": [ -81.22202, 27.58675 ] } },
{ "type": "Feature", "properties": { "ltg_lon": -81.24246, "ltg_lat": 27.54629, "idx": 274288, "polarity": -8224, "dttime_utc": "2026-05-11 22:46", "hrl": 33.3, "precip24h": 0.6299, "erc": 25.914839, "kbdi": 475.0, "relh_min": 47.06302, "relh_max": 95.4907, "lcc": null }, "geometry": { "type": "Point", "coordinates": [ -81.24246, 27.54629 ] } },
{ "type": "Feature", "properties": { "ltg_lon": -80.77556, "ltg_lat": 27.97774, "idx": 274289, "polarity": -24714, "dttime_utc": "2026-05-11 22:47", "hrl": 90.35, "precip24h": 0.8583, "erc": 25.48039, "kbdi": 402.0, "relh_min": 48.984814, "relh_max": 95.59011, "lcc": null }, "geometry": { "type": "Point", "coordinates": [ -80.77556, 27.97774 ] } },
{ "type": "Feature", "properties": { "ltg_lon": -80.88524, "ltg_lat": 27.97546, "idx": 274293, "polarity": -26027, "dttime_utc": "2026-05-11 22:48", "hrl": 19.02, "precip24h": 0.0, "erc": 25.355719, "kbdi": 374.0, "relh_min": 48.455853, "relh_max": 95.4702, "lcc": null }, "geometry": { "type": "Point", "coordinates": [ -80.88524, 27.97546 ] } },
{ "type": "Feature", "properties": { "ltg_lon": -80.77752, "ltg_lat": 27.97515, "idx": 274295, "polarity": -28969, "dttime_utc": "2026-05-11 22:48", "hrl": 90.26, "precip24h": 0.8583, "erc": 25.474314, "kbdi": 402.0, "relh_min": 48.45187, "relh_max": 95.65281, "lcc": null }, "geometry": { "type": "Point", "coordinates": [ -80.77752, 27.97515 ] } },
{ "type": "Feature", "properties": { "ltg_lon": -80.80574, "ltg_lat": 27.95072, "idx": 274300, "polarity": -30741, "dttime_utc": "2026-05-11 22:49", "hrl": 88.65, "precip24h": 0.811, "erc": 25.437561, "kbdi": 429.0, "relh_min": 48.367466, "relh_max": 95.64598, "lcc": null }, "geometry": { "type": "Point", "coordinates": [ -80.80574, 27.95072 ] } },
{ "type": "Feature", "properties": { "ltg_lon": -80.75835, "ltg_lat": 27.97759, "idx": 274301, "polarity": 18912, "dttime_utc": "2026-05-11 22:49", "hrl": 89.78, "precip24h": 0.811, "erc": 25.457914, "kbdi": 380.0, "relh_min": 48.543934, "relh_max": 95.664795, "lcc": null }, "geometry": { "type": "Point", "coordinates": [ -80.75835, 27.97759 ] } },
{ "type": "Feature", "properties": { "ltg_lon": -80.7709, "ltg_lat": 27.97683, "idx": 274302, "polarity": -23959, "dttime_utc": "2026-05-11 22:49", "hrl": 90.07, "precip24h": 0.8583, "erc": 25.471449, "kbdi": 402.0, "relh_min": 48.481342, "relh_max": 95.65628, "lcc": null }, "geometry": { "type": "Point", "coordinates": [ -80.7709, 27.97683 ] } },
{ "type": "Feature", "properties": { "ltg_lon": -80.82693, "ltg_lat": 27.97077, "idx": 274307, "polarity": -23989, "dttime_utc": "2026-05-11 22:50", "hrl": 65.56, "precip24h": 0.1142, "erc": 25.514208, "kbdi": 456.0, "relh_min": 48.732063, "relh_max": 95.538025, "lcc": null }, "geometry": { "type": "Point", "coordinates": [ -80.82693, 27.97077 ] } },
{ "type": "Feature", "properties": { "ltg_lon": -80.78261, "ltg_lat": 27.97379, "idx": 274309, "polarity": -18922, "dttime_utc": "2026-05-11 22:50", "hrl": 86.47, "precip24h": 0.6693, "erc": 25.476418, "kbdi": 432.0, "relh_min": 48.956684, "relh_max": 95.585976, "lcc": null }, "geometry": { "type": "Point", "coordinates": [ -80.78261, 27.97379 ] } },
{ "type": "Feature", "properties": { "ltg_lon": -86.75518, "ltg_lat": 30.89834, "idx": 274310, "polarity": -36637, "dttime_utc": "2026-05-11 22:51", "hrl": 81.74, "precip24h": 0.748, "erc": 11.992103, "kbdi": 15.0, "relh_min": 48.41361, "relh_max": 97.742645, "lcc": null }, "geometry": { "type": "Point", "coordinates": [ -86.75518, 30.89834 ] } },
{ "type": "Feature", "properties": { "ltg_lon": -86.76384, "ltg_lat": 30.89291, "idx": 274312, "polarity": -13307, "dttime_utc": "2026-05-11 22:51", "hrl": 84.96, "precip24h": 0.8031, "erc": 11.978138, "kbdi": 15.0, "relh_min": 48.415936, "relh_max": 97.74089, "lcc": null }, "geometry": { "type": "Point", "coordinates": [ -86.76384, 30.89291 ] } },
{ "type": "Feature", "properties": { "ltg_lon": -80.79501, "ltg_lat": 26.42625, "idx": 274320, "polarity": 24713, "dttime_utc": "2026-05-11 22:52", "hrl": 78.43, "precip24h": 1.1693, "erc": 23.673986, "kbdi": 471.0, "relh_min": 48.681107, "relh_max": 94.41919, "lcc": 120.403 }, "geometry": { "type": "Point", "coordinates": [ -80.79501, 26.42625 ] } },
{ "type": "Feature", "properties": { "ltg_lon": -80.77608, "ltg_lat": 26.51927, "idx": 274321, "polarity": -28577, "dttime_utc": "2026-05-11 22:53", "hrl": 74.74, "precip24h": 0.7126, "erc": 23.574354, "kbdi": 525.0, "relh_min": 48.9182, "relh_max": 94.40294, "lcc": null }, "geometry": { "type": "Point", "coordinates": [ -80.77608, 26.51927 ] } },
{ "type": "Feature", "properties": { "ltg_lon": -81.31733, "ltg_lat": 28.19349, "idx": 274333, "polarity": 5776, "dttime_utc": "2026-05-11 22:55", "hrl": 5.96, "precip24h": 0.1457, "erc": 26.43638, "kbdi": 463.0, "relh_min": 46.826347, "relh_max": 95.15248, "lcc": null }, "geometry": { "type": "Point", "coordinates": [ -81.31733, 28.19349 ] } },
{ "type": "Feature", "properties": { "ltg_lon": -80.75922, "ltg_lat": 26.51833, "idx": 274344, "polarity": 23276, "dttime_utc": "2026-05-11 22:56", "hrl": 64.62, "precip24h": 0.5748, "erc": 23.5785, "kbdi": 511.0, "relh_min": 48.66502, "relh_max": 94.448494, "lcc": null }, "geometry": { "type": "Point", "coordinates": [ -80.75922, 26.51833 ] } },
{ "type": "Feature", "properties": { "ltg_lon": -80.76727, "ltg_lat": 27.98923, "idx": 274345, "polarity": -31298, "dttime_utc": "2026-05-11 22:57", "hrl": 92.9, "precip24h": 0.7441, "erc": 25.285517, "kbdi": 364.0, "relh_min": 48.47254, "relh_max": 95.64721, "lcc": null }, "geometry": { "type": "Point", "coordinates": [ -80.76727, 27.98923 ] } },
{ "type": "Feature", "properties": { "ltg_lon": -81.1395, "ltg_lat": 27.62064, "idx": 274347, "polarity": 17143, "dttime_utc": "2026-05-11 22:57", "hrl": 16.08, "precip24h": 0.8819, "erc": 25.98479, "kbdi": 550.0, "relh_min": 47.729122, "relh_max": 95.3757, "lcc": null }, "geometry": { "type": "Point", "coordinates": [ -81.1395, 27.62064 ] } },
{ "type": "Feature", "properties": { "ltg_lon": -81.17124, "ltg_lat": 27.60023, "idx": 274352, "polarity": -27594, "dttime_utc": "2026-05-11 22:58", "hrl": 71.33, "precip24h": 1.0551, "erc": 25.975508, "kbdi": 432.0, "relh_min": 47.384663, "relh_max": 95.4246, "lcc": null }, "geometry": { "type": "Point", "coordinates": [ -81.17124, 27.60023 ] } },
{ "type": "Feature", "properties": { "ltg_lon": -81.16778, "ltg_lat": 27.57371, "idx": 274351, "polarity": -15979, "dttime_utc": "2026-05-11 22:58", "hrl": 44.37, "precip24h": 0.9528, "erc": 25.90139, "kbdi": 455.0, "relh_min": 47.386787, "relh_max": 95.44549, "lcc": null }, "geometry": { "type": "Point", "coordinates": [ -81.16778, 27.57371 ] } },
{ "type": "Feature", "properties": { "ltg_lon": -80.71722, "ltg_lat": 27.9278, "idx": 274357, "polarity": 17712, "dttime_utc": "2026-05-11 22:59", "hrl": 75.69, "precip24h": 0.1693, "erc": 25.192837, "kbdi": 407.0, "relh_min": 49.538025, "relh_max": 95.73542, "lcc": null }, "geometry": { "type": "Point", "coordinates": [ -80.71722, 27.9278 ] } },
{ "type": "Feature", "properties": { "ltg_lon": -81.08871, "ltg_lat": 26.73227, "idx": 274359, "polarity": -45544, "dttime_utc": "2026-05-11 22:59", "hrl": 20.81, "precip24h": 0.7559, "erc": 23.718939, "kbdi": 556.0, "relh_min": 48.214935, "relh_max": 94.9517, "lcc": null }, "geometry": { "type": "Point", "coordinates": [ -81.08871, 26.73227 ] } },
{ "type": "Feature", "properties": { "ltg_lon": -81.06612, "ltg_lat": 26.7409, "idx": 274358, "polarity": -24886, "dttime_utc": "2026-05-11 22:59", "hrl": 8.42, "precip24h": 0.6142, "erc": 23.701086, "kbdi": 577.0, "relh_min": 48.578094, "relh_max": 94.8958, "lcc": null }, "geometry": { "type": "Point", "coordinates": [ -81.06612, 26.7409 ] } },
{ "type": "Feature", "properties": { "ltg_lon": -81.08534, "ltg_lat": 26.76759, "idx": 274360, "polarity": -19938, "dttime_utc": "2026-05-11 22:59", "hrl": 12.49, "precip24h": 0.4409, "erc": 23.782995, "kbdi": 573.0, "relh_min": 48.554176, "relh_max": 94.92813, "lcc": null }, "geometry": { "type": "Point", "coordinates": [ -81.08534, 26.76759 ] } },
{ "type": "Feature", "properties": { "ltg_lon": -81.09001, "ltg_lat": 26.72129, "idx": 274367, "polarity": -28826, "dttime_utc": "2026-05-11 23:01", "hrl": 16.27, "precip24h": 0.7756, "erc": 23.725855, "kbdi": 537.0, "relh_min": 48.218765, "relh_max": 94.943596, "lcc": null }, "geometry": { "type": "Point", "coordinates": [ -81.09001, 26.72129 ] } },
{ "type": "Feature", "properties": { "ltg_lon": -81.08199, "ltg_lat": 26.74461, "idx": 274369, "polarity": -28065, "dttime_utc": "2026-05-11 23:01", "hrl": 17.03, "precip24h": 0.6772, "erc": 23.707623, "kbdi": 577.0, "relh_min": 48.563683, "relh_max": 94.90548, "lcc": null }, "geometry": { "type": "Point", "coordinates": [ -81.08199, 26.74461 ] } },
{ "type": "Feature", "properties": { "ltg_lon": -81.20424, "ltg_lat": 27.62755, "idx": 274374, "polarity": -12945, "dttime_utc": "2026-05-11 23:01", "hrl": 35.67, "precip24h": 0.937, "erc": 26.042107, "kbdi": 461.0, "relh_min": 47.298992, "relh_max": 95.38864, "lcc": null }, "geometry": { "type": "Point", "coordinates": [ -81.20424, 27.62755 ] } },
{ "type": "Feature", "properties": { "ltg_lon": -80.70338, "ltg_lat": 26.45627, "idx": 274381, "polarity": 26016, "dttime_utc": "2026-05-11 23:05", "hrl": 58.47, "precip24h": 0.8937, "erc": 23.703442, "kbdi": 481.0, "relh_min": 49.03725, "relh_max": 94.21541, "lcc": null }, "geometry": { "type": "Point", "coordinates": [ -80.70338, 26.45627 ] } },
{ "type": "Feature", "properties": { "ltg_lon": -81.05671, "ltg_lat": 27.71882, "idx": 274394, "polarity": -20271, "dttime_utc": "2026-05-11 23:08", "hrl": 11.73, "precip24h": 0.5906, "erc": 25.800817, "kbdi": 632.0, "relh_min": 48.032524, "relh_max": 95.36187, "lcc": null }, "geometry": { "type": "Point", "coordinates": [ -81.05671, 27.71882 ] } },
{ "type": "Feature", "properties": { "ltg_lon": -81.02006, "ltg_lat": 27.61334, "idx": 274395, "polarity": 17056, "dttime_utc": "2026-05-11 23:09", "hrl": 18.16, "precip24h": 0.9488, "erc": 25.699745, "kbdi": 577.0, "relh_min": 47.469734, "relh_max": 96.76889, "lcc": null }, "geometry": { "type": "Point", "coordinates": [ -81.02006, 27.61334 ] } },
{ "type": "Feature", "properties": { "ltg_lon": -81.06581, "ltg_lat": 27.67814, "idx": 274404, "polarity": -22316, "dttime_utc": "2026-05-11 23:10", "hrl": 18.35, "precip24h": 1.9488, "erc": 25.919346, "kbdi": 644.0, "relh_min": 47.27226, "relh_max": 96.70428, "lcc": null }, "geometry": { "type": "Point", "coordinates": [ -81.06581, 27.67814 ] } },
{ "type": "Feature", "properties": { "ltg_lon": -81.06266, "ltg_lat": 27.67336, "idx": 274405, "polarity": -27608, "dttime_utc": "2026-05-11 23:10", "hrl": 19.49, "precip24h": 1.9488, "erc": 25.906536, "kbdi": 644.0, "relh_min": 48.021088, "relh_max": 95.38406, "lcc": null }, "geometry": { "type": "Point", "coordinates": [ -81.06266, 27.67336 ] } },
{ "type": "Feature", "properties": { "ltg_lon": -81.01531, "ltg_lat": 27.71162, "idx": 274402, "polarity": -24557, "dttime_utc": "2026-05-11 23:10", "hrl": 13.15, "precip24h": 1.0394, "erc": 25.550356, "kbdi": 626.0, "relh_min": 47.44611, "relh_max": 96.6996, "lcc": null }, "geometry": { "type": "Point", "coordinates": [ -81.01531, 27.71162 ] } },
{ "type": "Feature", "properties": { "ltg_lon": -81.00632, "ltg_lat": 27.69814, "idx": 274421, "polarity": -20232, "dttime_utc": "2026-05-11 23:14", "hrl": 10.5, "precip24h": 1.3661, "erc": 25.847626, "kbdi": 612.0, "relh_min": 46.759987, "relh_max": 96.74028, "lcc": null }, "geometry": { "type": "Point", "coordinates": [ -81.00632, 27.69814 ] } },
{ "type": "Feature", "properties": { "ltg_lon": -81.05265, "ltg_lat": 27.67502, "idx": 274425, "polarity": -22608, "dttime_utc": "2026-05-11 23:15", "hrl": 15.99, "precip24h": 1.9409, "erc": 25.896122, "kbdi": 638.0, "relh_min": 47.321323, "relh_max": 96.71119, "lcc": null }, "geometry": { "type": "Point", "coordinates": [ -81.05265, 27.67502 ] } },
{ "type": "Feature", "properties": { "ltg_lon": -81.0482, "ltg_lat": 27.67956, "idx": 274427, "polarity": -17282, "dttime_utc": "2026-05-11 23:15", "hrl": 12.87, "precip24h": 1.7205, "erc": 25.969168, "kbdi": 632.0, "relh_min": 47.33682, "relh_max": 96.70928, "lcc": null }, "geometry": { "type": "Point", "coordinates": [ -81.0482, 27.67956 ] } },
{ "type": "Feature", "properties": { "ltg_lon": -80.90938, "ltg_lat": 27.6546, "idx": 274435, "polarity": 12238, "dttime_utc": "2026-05-11 23:17", "hrl": 63.48, "precip24h": 0.3189, "erc": 25.497627, "kbdi": 514.0, "relh_min": 47.88663, "relh_max": 96.7859, "lcc": null }, "geometry": { "type": "Point", "coordinates": [ -80.90938, 27.6546 ] } },
{ "type": "Feature", "properties": { "ltg_lon": -80.81571, "ltg_lat": 28.90726, "idx": 274434, "polarity": -21371, "dttime_utc": "2026-05-11 23:17", "hrl": 3.78, "precip24h": 0.4094, "erc": 22.819035, "kbdi": 416.0, "relh_min": 46.356, "relh_max": 96.513626, "lcc": null }, "geometry": { "type": "Point", "coordinates": [ -80.81571, 28.90726 ] } },
{ "type": "Feature", "properties": { "ltg_lon": -81.04782, "ltg_lat": 27.64441, "idx": 274491, "polarity": 11289, "dttime_utc": "2026-05-11 23:24", "hrl": 57.99, "precip24h": 1.1654, "erc": 25.69809, "kbdi": 637.0, "relh_min": 47.34627, "relh_max": 96.736626, "lcc": null }, "geometry": { "type": "Point", "coordinates": [ -81.04782, 27.64441 ] } },
{ "type": "Feature", "properties": { "ltg_lon": -81.00119, "ltg_lat": 27.66942, "idx": 274508, "polarity": 31861, "dttime_utc": "2026-05-11 23:27", "hrl": 50.14, "precip24h": 1.0669, "erc": 25.661163, "kbdi": 624.0, "relh_min": 47.516983, "relh_max": 96.73456, "lcc": null }, "geometry": { "type": "Point", "coordinates": [ -81.00119, 27.66942 ] } },
{ "type": "Feature", "properties": { "ltg_lon": -80.77846, "ltg_lat": 27.86083, "idx": 274509, "polarity": 16135, "dttime_utc": "2026-05-11 23:28", "hrl": 73.98, "precip24h": 1.252, "erc": 25.139355, "kbdi": 449.0, "relh_min": 47.346832, "relh_max": 96.79634, "lcc": null }, "geometry": { "type": "Point", "coordinates": [ -80.77846, 27.86083 ] } },
{ "type": "Feature", "properties": { "ltg_lon": -80.83789, "ltg_lat": 27.81647, "idx": 274511, "polarity": -16511, "dttime_utc": "2026-05-11 23:29", "hrl": 22.71, "precip24h": 0.8898, "erc": 25.281145, "kbdi": 498.0, "relh_min": 47.159935, "relh_max": 96.77045, "lcc": null }, "geometry": { "type": "Point", "coordinates": [ -80.83789, 27.81647 ] } },
{ "type": "Feature", "properties": { "ltg_lon": -80.77362, "ltg_lat": 27.8371, "idx": 274514, "polarity": -26469, "dttime_utc": "2026-05-11 23:29", "hrl": 76.16, "precip24h": 1.4646, "erc": 25.176886, "kbdi": 483.0, "relh_min": 48.49785, "relh_max": 96.819275, "lcc": null }, "geometry": { "type": "Point", "coordinates": [ -80.77362, 27.8371 ] } },
{ "type": "Feature", "properties": { "ltg_lon": -80.99687, "ltg_lat": 27.6571, "idx": 274517, "polarity": 24274, "dttime_utc": "2026-05-11 23:30", "hrl": 29.04, "precip24h": 0.811, "erc": 25.734194, "kbdi": 619.0, "relh_min": 46.799942, "relh_max": 96.76078, "lcc": null }, "geometry": { "type": "Point", "coordinates": [ -80.99687, 27.6571 ] } },
{ "type": "Feature", "properties": { "ltg_lon": -80.78873, "ltg_lat": 27.83331, "idx": 274519, "polarity": -25593, "dttime_utc": "2026-05-11 23:30", "hrl": 67.83, "precip24h": 1.3661, "erc": 25.207993, "kbdi": 468.0, "relh_min": 48.39654, "relh_max": 96.80216, "lcc": null }, "geometry": { "type": "Point", "coordinates": [ -80.78873, 27.83331 ] } },
{ "type": "Feature", "properties": { "ltg_lon": -80.786, "ltg_lat": 27.84564, "idx": 274527, "polarity": -24178, "dttime_utc": "2026-05-11 23:32", "hrl": 77.11, "precip24h": 1.5472, "erc": 25.23178, "kbdi": 474.0, "relh_min": 48.39039, "relh_max": 96.79792, "lcc": null }, "geometry": { "type": "Point", "coordinates": [ -80.786, 27.84564 ] } },
{ "type": "Feature", "properties": { "ltg_lon": -80.81007, "ltg_lat": 27.83791, "idx": 274526, "polarity": -25487, "dttime_utc": "2026-05-11 23:32", "hrl": 27.53, "precip24h": 0.7638, "erc": 25.272062, "kbdi": 430.0, "relh_min": 48.248413, "relh_max": 96.774506, "lcc": null }, "geometry": { "type": "Point", "coordinates": [ -80.81007, 27.83791 ] } },
{ "type": "Feature", "properties": { "ltg_lon": -80.93074, "ltg_lat": 27.80559, "idx": 274529, "polarity": -15755, "dttime_utc": "2026-05-11 23:32", "hrl": 4.26, "precip24h": 0.189, "erc": 25.428362, "kbdi": 564.0, "relh_min": 46.885334, "relh_max": 96.72583, "lcc": null }, "geometry": { "type": "Point", "coordinates": [ -80.93074, 27.80559 ] } },
{ "type": "Feature", "properties": { "ltg_lon": -80.77754, "ltg_lat": 27.84403, "idx": 274534, "polarity": -29238, "dttime_utc": "2026-05-11 23:32", "hrl": 82.59, "precip24h": 1.7205, "erc": 25.20537, "kbdi": 476.0, "relh_min": 48.453968, "relh_max": 96.80973, "lcc": null }, "geometry": { "type": "Point", "coordinates": [ -80.77754, 27.84403 ] } },
{ "type": "Feature", "properties": { "ltg_lon": -80.77739, "ltg_lat": 27.85039, "idx": 274532, "polarity": -33084, "dttime_utc": "2026-05-11 23:32", "hrl": 81.46, "precip24h": 1.6181, "erc": 25.221643, "kbdi": 482.0, "relh_min": 47.37108, "relh_max": 96.80191, "lcc": null }, "geometry": { "type": "Point", "coordinates": [ -80.77739, 27.85039 ] } },
{ "type": "Feature", "properties": { "ltg_lon": -80.76071, "ltg_lat": 27.83117, "idx": 274540, "polarity": 14240, "dttime_utc": "2026-05-11 23:32", "hrl": 74.65, "precip24h": 1.4882, "erc": 25.07103, "kbdi": 481.0, "relh_min": 47.488945, "relh_max": 96.82474, "lcc": null }, "geometry": { "type": "Point", "coordinates": [ -80.76071, 27.83117 ] } },
{ "type": "Feature", "properties": { "ltg_lon": -80.77684, "ltg_lat": 27.85325, "idx": 274547, "polarity": -17758, "dttime_utc": "2026-05-11 23:33", "hrl": 81.36, "precip24h": 1.6181, "erc": 25.115406, "kbdi": 482.0, "relh_min": 48.437244, "relh_max": 96.8045, "lcc": null }, "geometry": { "type": "Point", "coordinates": [ -80.77684, 27.85325 ] } },
{ "type": "Feature", "properties": { "ltg_lon": -80.77114, "ltg_lat": 27.83358, "idx": 274550, "polarity": -10066, "dttime_utc": "2026-05-11 23:33", "hrl": 76.06, "precip24h": 1.4646, "erc": 25.161057, "kbdi": 483.0, "relh_min": 48.523766, "relh_max": 96.82475, "lcc": null }, "geometry": { "type": "Point", "coordinates": [ -80.77114, 27.83358 ] } },
{ "type": "Feature", "properties": { "ltg_lon": -80.76464, "ltg_lat": 27.86478, "idx": 274554, "polarity": 15136, "dttime_utc": "2026-05-11 23:33", "hrl": 85.34, "precip24h": 1.2953, "erc": 25.115103, "kbdi": 467.0, "relh_min": 47.406773, "relh_max": 96.806404, "lcc": null }, "geometry": { "type": "Point", "coordinates": [ -80.76464, 27.86478 ] } },
{ "type": "Feature", "properties": { "ltg_lon": -80.78281, "ltg_lat": 27.85112, "idx": 274566, "polarity": -17312, "dttime_utc": "2026-05-11 23:34", "hrl": 75.4, "precip24h": 1.4252, "erc": 25.237764, "kbdi": 473.0, "relh_min": 47.34385, "relh_max": 96.79706, "lcc": null }, "geometry": { "type": "Point", "coordinates": [ -80.78281, 27.85112 ] } },
{ "type": "Feature", "properties": { "ltg_lon": -80.74865, "ltg_lat": 27.81614, "idx": 274572, "polarity": 16192, "dttime_utc": "2026-05-11 23:34", "hrl": 69.16, "precip24h": 1.437, "erc": 24.996143, "kbdi": 438.0, "relh_min": 47.57867, "relh_max": 96.84194, "lcc": null }, "geometry": { "type": "Point", "coordinates": [ -80.74865, 27.81614 ] } },
{ "type": "Feature", "properties": { "ltg_lon": -80.74761, "ltg_lat": 27.81116, "idx": 274573, "polarity": 41935, "dttime_utc": "2026-05-11 23:34", "hrl": 65.0, "precip24h": 1.437, "erc": 24.98097, "kbdi": 438.0, "relh_min": 47.59035, "relh_max": 96.84454, "lcc": null }, "geometry": { "type": "Point", "coordinates": [ -80.74761, 27.81116 ] } },
{ "type": "Feature", "properties": { "ltg_lon": -80.77318, "ltg_lat": 27.86149, "idx": 274576, "polarity": 13177, "dttime_utc": "2026-05-11 23:34", "hrl": 74.17, "precip24h": 1.252, "erc": 25.127953, "kbdi": 449.0, "relh_min": 48.44205, "relh_max": 96.80343, "lcc": null }, "geometry": { "type": "Point", "coordinates": [ -80.77318, 27.86149 ] } },
{ "type": "Feature", "properties": { "ltg_lon": -80.78557, "ltg_lat": 27.83848, "idx": 274578, "polarity": -28032, "dttime_utc": "2026-05-11 23:34", "hrl": 67.93, "precip24h": 1.3661, "erc": 25.21253, "kbdi": 468.0, "relh_min": 48.408485, "relh_max": 96.80297, "lcc": null }, "geometry": { "type": "Point", "coordinates": [ -80.78557, 27.83848 ] } },
{ "type": "Feature", "properties": { "ltg_lon": -80.77055, "ltg_lat": 27.82961, "idx": 274577, "polarity": -29970, "dttime_utc": "2026-05-11 23:34", "hrl": 71.05, "precip24h": 1.3386, "erc": 25.149479, "kbdi": 480.0, "relh_min": 48.53598, "relh_max": 96.82789, "lcc": null }, "geometry": { "type": "Point", "coordinates": [ -80.77055, 27.82961 ] } },
{ "type": "Feature", "properties": { "ltg_lon": -80.78327, "ltg_lat": 27.86129, "idx": 274588, "polarity": -30016, "dttime_utc": "2026-05-11 23:35", "hrl": 69.35, "precip24h": 1.1299, "erc": 25.152296, "kbdi": 433.0, "relh_min": 48.37163, "relh_max": 96.790695, "lcc": null }, "geometry": { "type": "Point", "coordinates": [ -80.78327, 27.86129 ] } },
{ "type": "Feature", "properties": { "ltg_lon": -80.78803, "ltg_lat": 27.86012, "idx": 274589, "polarity": -32302, "dttime_utc": "2026-05-11 23:35", "hrl": 67.64, "precip24h": 1.1299, "erc": 25.160624, "kbdi": 433.0, "relh_min": 48.3424, "relh_max": 96.78567, "lcc": null }, "geometry": { "type": "Point", "coordinates": [ -80.78803, 27.86012 ] } },
{ "type": "Feature", "properties": { "ltg_lon": -80.77804, "ltg_lat": 27.86078, "idx": 274583, "polarity": -31452, "dttime_utc": "2026-05-11 23:35", "hrl": 74.08, "precip24h": 1.252, "erc": 25.138186, "kbdi": 449.0, "relh_min": 48.4093, "relh_max": 96.79765, "lcc": null }, "geometry": { "type": "Point", "coordinates": [ -80.77804, 27.86078 ] } },
{ "type": "Feature", "properties": { "ltg_lon": -80.76398, "ltg_lat": 27.86319, "idx": 274585, "polarity": -15366, "dttime_utc": "2026-05-11 23:35", "hrl": 85.24, "precip24h": 1.2953, "erc": 25.108948, "kbdi": 467.0, "relh_min": 47.413536, "relh_max": 96.80778, "lcc": null }, "geometry": { "type": "Point", "coordinates": [ -80.76398, 27.86319 ] } },
{ "type": "Feature", "properties": { "ltg_lon": -80.74734, "ltg_lat": 27.84896, "idx": 274593, "polarity": 17503, "dttime_utc": "2026-05-11 23:35", "hrl": 78.81, "precip24h": 1.5433, "erc": 25.131721, "kbdi": 464.0, "relh_min": 47.534576, "relh_max": 96.830475, "lcc": null }, "geometry": { "type": "Point", "coordinates": [ -80.74734, 27.84896 ] } },
{ "type": "Feature", "properties": { "ltg_lon": -80.7915, "ltg_lat": 27.88096, "idx": 274607, "polarity": -38584, "dttime_utc": "2026-05-11 23:36", "hrl": 47.11, "precip24h": 0.4764, "erc": 25.22379, "kbdi": 417.0, "relh_min": 49.236034, "relh_max": 95.52833, "lcc": null }, "geometry": { "type": "Point", "coordinates": [ -80.7915, 27.88096 ] } },
{ "type": "Feature", "properties": { "ltg_lon": -80.79522, "ltg_lat": 27.87737, "idx": 274609, "polarity": -32520, "dttime_utc": "2026-05-11 23:36", "hrl": 54.3, "precip24h": 0.5827, "erc": 25.222279, "kbdi": 435.0, "relh_min": 47.239994, "relh_max": 96.775314, "lcc": null }, "geometry": { "type": "Point", "coordinates": [ -80.79522, 27.87737 ] } },
{ "type": "Feature", "properties": { "ltg_lon": -80.72549, "ltg_lat": 27.83155, "idx": 274614, "polarity": 20071, "dttime_utc": "2026-05-11 23:36", "hrl": 83.16, "precip24h": 1.6614, "erc": 24.95617, "kbdi": 462.0, "relh_min": 47.708637, "relh_max": 96.86227, "lcc": null }, "geometry": { "type": "Point", "coordinates": [ -80.72549, 27.83155 ] } },
{ "type": "Feature", "properties": { "ltg_lon": -80.74566, "ltg_lat": 27.86247, "idx": 274617, "polarity": 17555, "dttime_utc": "2026-05-11 23:36", "hrl": 83.63, "precip24h": 1.2008, "erc": 25.056486, "kbdi": 439.0, "relh_min": 47.514797, "relh_max": 96.82556, "lcc": null }, "geometry": { "type": "Point", "coordinates": [ -80.74566, 27.86247 ] } },
{ "type": "Feature", "properties": { "ltg_lon": -80.73796, "ltg_lat": 27.83666, "idx": 274618, "polarity": 23769, "dttime_utc": "2026-05-11 23:36", "hrl": 86.75, "precip24h": 1.6181, "erc": 25.013737, "kbdi": 472.0, "relh_min": 47.615673, "relh_max": 96.84582, "lcc": null }, "geometry": { "type": "Point", "coordinates": [ -80.73796, 27.83666 ] } },
{ "type": "Feature", "properties": { "ltg_lon": -80.72782, "ltg_lat": 27.84568, "idx": 274620, "polarity": 11095, "dttime_utc": "2026-05-11 23:36", "hrl": 79.66, "precip24h": 1.563, "erc": 25.004822, "kbdi": 439.0, "relh_min": 47.664764, "relh_max": 96.853264, "lcc": null }, "geometry": { "type": "Point", "coordinates": [ -80.72782, 27.84568 ] } },
{ "type": "Feature", "properties": { "ltg_lon": -81.0362, "ltg_lat": 27.68849, "idx": 274624, "polarity": 15308, "dttime_utc": "2026-05-11 23:37", "hrl": 80.98, "precip24h": 1.7047, "erc": 25.875036, "kbdi": 625.0, "relh_min": 48.69935, "relh_max": 95.494606, "lcc": null }, "geometry": { "type": "Point", "coordinates": [ -81.0362, 27.68849 ] } },
{ "type": "Feature", "properties": { "ltg_lon": -80.77508, "ltg_lat": 27.84293, "idx": 274627, "polarity": -16058, "dttime_utc": "2026-05-11 23:37", "hrl": 82.69, "precip24h": 1.7205, "erc": 25.195866, "kbdi": 476.0, "relh_min": 49.3182, "relh_max": 95.549126, "lcc": null }, "geometry": { "type": "Point", "coordinates": [ -80.77508, 27.84293 ] } },
{ "type": "Feature", "properties": { "ltg_lon": -80.78765, "ltg_lat": 27.84765, "idx": 274639, "polarity": -24786, "dttime_utc": "2026-05-11 23:37", "hrl": 77.01, "precip24h": 1.5472, "erc": 25.241169, "kbdi": 474.0, "relh_min": 47.32705, "relh_max": 96.794586, "lcc": null }, "geometry": { "type": "Point", "coordinates": [ -80.78765, 27.84765 ] } },
{ "type": "Feature", "properties": { "ltg_lon": -81.02158, "ltg_lat": 27.69257, "idx": 274644, "polarity": -16118, "dttime_utc": "2026-05-11 23:37", "hrl": 78.71, "precip24h": 1.6142, "erc": 25.860828, "kbdi": 622.0, "relh_min": 48.733, "relh_max": 95.49436, "lcc": null }, "geometry": { "type": "Point", "coordinates": [ -81.02158, 27.69257 ] } },
{ "type": "Feature", "properties": { "ltg_lon": -80.98764, "ltg_lat": 27.73509, "idx": 274642, "polarity": -15810, "dttime_utc": "2026-05-11 23:37", "hrl": 45.41, "precip24h": 1.1378, "erc": 25.377047, "kbdi": 602.0, "relh_min": 46.788105, "relh_max": 96.73071, "lcc": null }, "geometry": { "type": "Point", "coordinates": [ -80.98764, 27.73509 ] } },
{ "type": "Feature", "properties": { "ltg_lon": -80.73718, "ltg_lat": 27.84716, "idx": 274645, "polarity": 14955, "dttime_utc": "2026-05-11 23:37", "hrl": 80.79, "precip24h": 1.563, "erc": 25.040947, "kbdi": 453.0, "relh_min": 49.459164, "relh_max": 95.57588, "lcc": null }, "geometry": { "type": "Point", "coordinates": [ -80.73718, 27.84716 ] } },
{ "type": "Feature", "properties": { "ltg_lon": -80.73298, "ltg_lat": 27.88053, "idx": 274646, "polarity": 15877, "dttime_utc": "2026-05-11 23:37", "hrl": 66.32, "precip24h": 0.689, "erc": 25.07582, "kbdi": 426.0, "relh_min": 47.54051, "relh_max": 96.82828, "lcc": null }, "geometry": { "type": "Point", "coordinates": [ -80.73298, 27.88053 ] } },
{ "type": "Feature", "properties": { "ltg_lon": -80.63322, "ltg_lat": 27.8824, "idx": 274647, "polarity": 15815, "dttime_utc": "2026-05-11 23:38", "hrl": 11.54, "precip24h": 0.3386, "erc": 24.631187, "kbdi": 375.0, "relh_min": 48.374184, "relh_max": 96.97216, "lcc": null }, "geometry": { "type": "Point", "coordinates": [ -80.63322, 27.8824 ] } },
{ "type": "Feature", "properties": { "ltg_lon": -80.72707, "ltg_lat": 27.86907, "idx": 274652, "polarity": 5985, "dttime_utc": "2026-05-11 23:38", "hrl": 81.27, "precip24h": 1.1063, "erc": 25.020748, "kbdi": 416.0, "relh_min": 49.479485, "relh_max": 95.57575, "lcc": null }, "geometry": { "type": "Point", "coordinates": [ -80.72707, 27.86907 ] } },
{ "type": "Feature", "properties": { "ltg_lon": -80.7704, "ltg_lat": 27.88258, "idx": 274659, "polarity": -38737, "dttime_utc": "2026-05-11 23:38", "hrl": 48.72, "precip24h": 0.6181, "erc": 25.180208, "kbdi": 440.0, "relh_min": 49.30318, "relh_max": 95.5392, "lcc": null }, "geometry": { "type": "Point", "coordinates": [ -80.7704, 27.88258 ] } },
{ "type": "Feature", "properties": { "ltg_lon": -80.78555, "ltg_lat": 27.88722, "idx": 274660, "polarity": -11803, "dttime_utc": "2026-05-11 23:38", "hrl": 31.03, "precip24h": 0.5315, "erc": 25.228022, "kbdi": 431.0, "relh_min": 47.260082, "relh_max": 96.77773, "lcc": null }, "geometry": { "type": "Point", "coordinates": [ -80.78555, 27.88722 ] } },
{ "type": "Feature", "properties": { "ltg_lon": -80.70474, "ltg_lat": 27.83189, "idx": 274661, "polarity": 14643, "dttime_utc": "2026-05-11 23:39", "hrl": 76.63, "precip24h": 1.4961, "erc": 24.876312, "kbdi": 429.0, "relh_min": 49.62351, "relh_max": 95.612885, "lcc": null }, "geometry": { "type": "Point", "coordinates": [ -80.70474, 27.83189 ] } },
{ "type": "Feature", "properties": { "ltg_lon": -80.73455, "ltg_lat": 27.84478, "idx": 274669, "polarity": 15244, "dttime_utc": "2026-05-11 23:39", "hrl": 80.89, "precip24h": 1.563, "erc": 25.025255, "kbdi": 453.0, "relh_min": 49.47225, "relh_max": 95.5789, "lcc": null }, "geometry": { "type": "Point", "coordinates": [ -80.73455, 27.84478 ] } },
{ "type": "Feature", "properties": { "ltg_lon": -80.73126, "ltg_lat": 27.85074, "idx": 274671, "polarity": 12401, "dttime_utc": "2026-05-11 23:39", "hrl": 86.0, "precip24h": 1.4016, "erc": 25.031832, "kbdi": 449.0, "relh_min": 47.630554, "relh_max": 96.846855, "lcc": null }, "geometry": { "type": "Point", "coordinates": [ -80.73126, 27.85074 ] } },
{ "type": "Feature", "properties": { "ltg_lon": -80.76314, "ltg_lat": 27.84414, "idx": 274672, "polarity": -16779, "dttime_utc": "2026-05-11 23:39", "hrl": 84.86, "precip24h": 1.7008, "erc": 25.165625, "kbdi": 474.0, "relh_min": 47.45481, "relh_max": 96.81724, "lcc": null }, "geometry": { "type": "Point", "coordinates": [ -80.76314, 27.84414 ] } },
{ "type": "Feature", "properties": { "ltg_lon": -80.79391, "ltg_lat": 27.83699, "idx": 274677, "polarity": -30146, "dttime_utc": "2026-05-11 23:39", "hrl": 57.52, "precip24h": 1.126, "erc": 25.230293, "kbdi": 454.0, "relh_min": 47.314556, "relh_max": 96.793884, "lcc": null }, "geometry": { "type": "Point", "coordinates": [ -80.79391, 27.83699 ] } },
{ "type": "Feature", "properties": { "ltg_lon": -80.7454, "ltg_lat": 27.84198, "idx": 274681, "polarity": -15503, "dttime_utc": "2026-05-11 23:39", "hrl": 78.9, "precip24h": 1.5433, "erc": 25.052773, "kbdi": 464.0, "relh_min": 49.429653, "relh_max": 95.57066, "lcc": null }, "geometry": { "type": "Point", "coordinates": [ -80.7454, 27.84198 ] } },
{ "type": "Feature", "properties": { "ltg_lon": -80.69692, "ltg_lat": 27.8833, "idx": 274682, "polarity": 14613, "dttime_utc": "2026-05-11 23:39", "hrl": 47.59, "precip24h": 0.4961, "erc": 24.917812, "kbdi": 410.0, "relh_min": 47.768715, "relh_max": 96.86794, "lcc": null }, "geometry": { "type": "Point", "coordinates": [ -80.69692, 27.8833 ] } },
{ "type": "Feature", "properties": { "ltg_lon": -80.71857, "ltg_lat": 27.87366, "idx": 274684, "polarity": 23167, "dttime_utc": "2026-05-11 23:40", "hrl": 62.82, "precip24h": 0.8386, "erc": 25.008778, "kbdi": 404.0, "relh_min": 49.510178, "relh_max": 95.580864, "lcc": null }, "geometry": { "type": "Point", "coordinates": [ -80.71857, 27.87366 ] } },
{ "type": "Feature", "properties": { "ltg_lon": -80.72296, "ltg_lat": 27.82787, "idx": 274687, "polarity": 12326, "dttime_utc": "2026-05-11 23:40", "hrl": 86.09, "precip24h": 1.752, "erc": 24.936913, "kbdi": 452.0, "relh_min": 47.73292, "relh_max": 96.8668, "lcc": null }, "geometry": { "type": "Point", "coordinates": [ -80.72296, 27.82787 ] } },
{ "type": "Feature", "properties": { "ltg_lon": -80.81939, "ltg_lat": 27.81424, "idx": 274694, "polarity": -22990, "dttime_utc": "2026-05-11 23:40", "hrl": 43.42, "precip24h": 0.9449, "erc": 25.239477, "kbdi": 423.0, "relh_min": 49.19116, "relh_max": 95.52939, "lcc": null }, "geometry": { "type": "Point", "coordinates": [ -80.81939, 27.81424 ] } },
{ "type": "Feature", "properties": { "ltg_lon": -80.71351, "ltg_lat": 27.82865, "idx": 274697, "polarity": 13681, "dttime_utc": "2026-05-11 23:41", "hrl": 80.42, "precip24h": 1.7677, "erc": 24.90284, "kbdi": 426.0, "relh_min": 49.581398, "relh_max": 95.60392, "lcc": null }, "geometry": { "type": "Point", "coordinates": [ -80.71351, 27.82865 ] } },
{ "type": "Feature", "properties": { "ltg_lon": -80.97477, "ltg_lat": 27.73251, "idx": 274699, "polarity": 17351, "dttime_utc": "2026-05-11 23:41", "hrl": 37.09, "precip24h": 1.1181, "erc": 25.351, "kbdi": 597.0, "relh_min": 48.833294, "relh_max": 95.49085, "lcc": null }, "geometry": { "type": "Point", "coordinates": [ -80.97477, 27.73251 ] } },
{ "type": "Feature", "properties": { "ltg_lon": -80.68732, "ltg_lat": 27.88698, "idx": 274701, "polarity": -17529, "dttime_utc": "2026-05-11 23:41", "hrl": 43.8, "precip24h": 0.4843, "erc": 24.89809, "kbdi": 412.0, "relh_min": 47.825092, "relh_max": 96.8775, "lcc": null }, "geometry": { "type": "Point", "coordinates": [ -80.68732, 27.88698 ] } },
{ "type": "Feature", "properties": { "ltg_lon": -80.70338, "ltg_lat": 27.83374, "idx": 274703, "polarity": 13013, "dttime_utc": "2026-05-11 23:41", "hrl": 76.73, "precip24h": 1.4961, "erc": 24.875956, "kbdi": 429.0, "relh_min": 49.62906, "relh_max": 95.61393, "lcc": null }, "geometry": { "type": "Point", "coordinates": [ -80.70338, 27.83374 ] } },
{ "type": "Feature", "properties": { "ltg_lon": -80.70866, "ltg_lat": 27.83423, "idx": 274704, "polarity": 16660, "dttime_utc": "2026-05-11 23:41", "hrl": 76.82, "precip24h": 1.4961, "erc": 24.899134, "kbdi": 429.0, "relh_min": 47.830364, "relh_max": 96.88272, "lcc": null }, "geometry": { "type": "Point", "coordinates": [ -80.70866, 27.83423 ] } },
{ "type": "Feature", "properties": { "ltg_lon": -80.96269, "ltg_lat": 27.72346, "idx": 274705, "polarity": -28226, "dttime_utc": "2026-05-11 23:41", "hrl": 45.32, "precip24h": 1.1535, "erc": 25.313549, "kbdi": 576.0, "relh_min": 46.854134, "relh_max": 96.74374, "lcc": null }, "geometry": { "type": "Point", "coordinates": [ -80.96269, 27.72346 ] } },
{ "type": "Feature", "properties": { "ltg_lon": -80.96847, "ltg_lat": 27.72168, "idx": 274710, "polarity": -37459, "dttime_utc": "2026-05-11 23:41", "hrl": 44.56, "precip24h": 1.1535, "erc": 25.319895, "kbdi": 576.0, "relh_min": 48.849316, "relh_max": 95.49414, "lcc": null }, "geometry": { "type": "Point", "coordinates": [ -80.96847, 27.72168 ] } },
{ "type": "Feature", "properties": { "ltg_lon": -80.95844, "ltg_lat": 27.71357, "idx": 274706, "polarity": 11834, "dttime_utc": "2026-05-11 23:41", "hrl": 50.05, "precip24h": 1.0433, "erc": 25.287477, "kbdi": 553.0, "relh_min": 46.86949, "relh_max": 96.74898, "lcc": null }, "geometry": { "type": "Point", "coordinates": [ -80.95844, 27.71357 ] } },
{ "type": "Feature", "properties": { "ltg_lon": -80.93477, "ltg_lat": 27.71742, "idx": 274708, "polarity": 7740, "dttime_utc": "2026-05-11 23:41", "hrl": 25.64, "precip24h": 0.6614, "erc": 25.253849, "kbdi": 520.0, "relh_min": 46.928223, "relh_max": 96.755974, "lcc": null }, "geometry": { "type": "Point", "coordinates": [ -80.93477, 27.71742 ] } },
{ "type": "Feature", "properties": { "ltg_lon": -80.65722, "ltg_lat": 27.83508, "idx": 274712, "polarity": 18467, "dttime_utc": "2026-05-11 23:41", "hrl": 30.65, "precip24h": 1.063, "erc": 24.701977, "kbdi": 418.0, "relh_min": 49.92189, "relh_max": 95.68219, "lcc": null }, "geometry": { "type": "Point", "coordinates": [ -80.65722, 27.83508 ] } },
{ "type": "Feature", "properties": { "ltg_lon": -80.83748, "ltg_lat": 27.80343, "idx": 274713, "polarity": -26473, "dttime_utc": "2026-05-11 23:41", "hrl": 33.96, "precip24h": 0.9921, "erc": 25.252527, "kbdi": 497.0, "relh_min": 49.143604, "relh_max": 95.52234, "lcc": null }, "geometry": { "type": "Point", "coordinates": [ -80.83748, 27.80343 ] } },
{ "type": "Feature", "properties": { "ltg_lon": -86.40372, "ltg_lat": 30.90878, "idx": 274714, "polarity": 21074, "dttime_utc": "2026-05-11 23:41", "hrl": 72.66, "precip24h": 0.0591, "erc": 12.409479, "kbdi": 15.0, "relh_min": 48.38882, "relh_max": 97.80416, "lcc": null }, "geometry": { "type": "Point", "coordinates": [ -86.40372, 30.90878 ] } },
{ "type": "Feature", "properties": { "ltg_lon": -80.78332, "ltg_lat": 27.8288, "idx": 274716, "polarity": -18276, "dttime_utc": "2026-05-11 23:42", "hrl": 59.79, "precip24h": 1.1654, "erc": 25.18273, "kbdi": 471.0, "relh_min": 47.375217, "relh_max": 96.80552, "lcc": null }, "geometry": { "type": "Point", "coordinates": [ -80.78332, 27.8288 ] } },
{ "type": "Feature", "properties": { "ltg_lon": -80.70748, "ltg_lat": 27.86988, "idx": 274717, "polarity": 14302, "dttime_utc": "2026-05-11 23:42", "hrl": 69.82, "precip24h": 1.0315, "erc": 24.90507, "kbdi": 404.0, "relh_min": 47.741623, "relh_max": 96.86426, "lcc": null }, "geometry": { "type": "Point", "coordinates": [ -80.70748, 27.86988 ] } },
{ "type": "Feature", "properties": { "ltg_lon": -80.71379, "ltg_lat": 27.85461, "idx": 274723, "polarity": -17471, "dttime_utc": "2026-05-11 23:43", "hrl": 84.67, "precip24h": 1.3307, "erc": 24.98198, "kbdi": 414.0, "relh_min": 47.74208, "relh_max": 96.86568, "lcc": null }, "geometry": { "type": "Point", "coordinates": [ -80.71379, 27.85461 ] } },
{ "type": "Feature", "properties": { "ltg_lon": -80.68241, "ltg_lat": 27.87856, "idx": 274722, "polarity": -16950, "dttime_utc": "2026-05-11 23:43", "hrl": 47.21, "precip24h": 0.6299, "erc": 24.844063, "kbdi": 411.0, "relh_min": 49.67481, "relh_max": 95.61521, "lcc": null }, "geometry": { "type": "Point", "coordinates": [ -80.68241, 27.87856 ] } },
{ "type": "Feature", "properties": { "ltg_lon": -80.70321, "ltg_lat": 27.85592, "idx": 274727, "polarity": -35285, "dttime_utc": "2026-05-11 23:44", "hrl": 73.23, "precip24h": 1.248, "erc": 24.945618, "kbdi": 411.0, "relh_min": 47.819115, "relh_max": 96.87879, "lcc": null }, "geometry": { "type": "Point", "coordinates": [ -80.70321, 27.85592 ] } },
{ "type": "Feature", "properties": { "ltg_lon": -80.61914, "ltg_lat": 27.90662, "idx": 274732, "polarity": 16702, "dttime_utc": "2026-05-11 23:44", "hrl": 28.19, "precip24h": 0.1811, "erc": 24.61977, "kbdi": 354.0, "relh_min": 48.299057, "relh_max": 96.95894, "lcc": null }, "geometry": { "type": "Point", "coordinates": [ -80.61914, 27.90662 ] } },
{ "type": "Feature", "properties": { "ltg_lon": -80.69612, "ltg_lat": 27.87823, "idx": 274734, "polarity": 16338, "dttime_utc": "2026-05-11 23:44", "hrl": 52.13, "precip24h": 0.6614, "erc": 24.895126, "kbdi": 408.0, "relh_min": 49.6063, "relh_max": 95.60001, "lcc": null }, "geometry": { "type": "Point", "coordinates": [ -80.69612, 27.87823 ] } },
{ "type": "Feature", "properties": { "ltg_lon": -80.96396, "ltg_lat": 27.72357, "idx": 274735, "polarity": 17178, "dttime_utc": "2026-05-11 23:44", "hrl": 44.65, "precip24h": 1.1535, "erc": 25.315905, "kbdi": 576.0, "relh_min": 46.85093, "relh_max": 96.743256, "lcc": null }, "geometry": { "type": "Point", "coordinates": [ -80.96396, 27.72357 ] } },
{ "type": "Feature", "properties": { "ltg_lon": -80.63337, "ltg_lat": 27.90766, "idx": 274736, "polarity": 16894, "dttime_utc": "2026-05-11 23:44", "hrl": 29.9, "precip24h": 0.1732, "erc": 24.692188, "kbdi": 371.0, "relh_min": 48.152683, "relh_max": 96.93361, "lcc": null }, "geometry": { "type": "Point", "coordinates": [ -80.63337, 27.90766 ] } },
{ "type": "Feature", "properties": { "ltg_lon": -80.685, "ltg_lat": 27.8301, "idx": 274737, "polarity": 20954, "dttime_utc": "2026-05-11 23:44", "hrl": 52.79, "precip24h": 1.2047, "erc": 24.836555, "kbdi": 412.0, "relh_min": 48.04974, "relh_max": 96.92031, "lcc": null }, "geometry": { "type": "Point", "coordinates": [ -80.685, 27.8301 ] } },
{ "type": "Feature", "properties": { "ltg_lon": -80.72495, "ltg_lat": 27.96577, "idx": 274740, "polarity": -33280, "dttime_utc": "2026-05-11 23:44", "hrl": 59.41, "precip24h": 0.4646, "erc": 25.363894, "kbdi": 395.0, "relh_min": 49.371983, "relh_max": 95.504684, "lcc": null }, "geometry": { "type": "Point", "coordinates": [ -80.72495, 27.96577 ] } },
{ "type": "Feature", "properties": { "ltg_lon": -80.92205, "ltg_lat": 27.74999, "idx": 274744, "polarity": -29671, "dttime_utc": "2026-05-11 23:45", "hrl": 6.72, "precip24h": 0.8268, "erc": 25.293493, "kbdi": 564.0, "relh_min": 46.94526, "relh_max": 96.74951, "lcc": null }, "geometry": { "type": "Point", "coordinates": [ -80.92205, 27.74999 ] } },
{ "type": "Feature", "properties": { "ltg_lon": -80.96037, "ltg_lat": 27.69466, "idx": 274741, "polarity": -15080, "dttime_utc": "2026-05-11 23:45", "hrl": 26.3, "precip24h": 0.7992, "erc": 25.576216, "kbdi": 566.0, "relh_min": 46.873528, "relh_max": 96.755615, "lcc": null }, "geometry": { "type": "Point", "coordinates": [ -80.96037, 27.69466 ] } },
{ "type": "Feature", "properties": { "ltg_lon": -80.9256, "ltg_lat": 27.47997, "idx": 274746, "polarity": 14284, "dttime_utc": "2026-05-11 23:45", "hrl": 14.66, "precip24h": 0.6063, "erc": 25.153774, "kbdi": 475.0, "relh_min": 47.187675, "relh_max": 96.87719, "lcc": null }, "geometry": { "type": "Point", "coordinates": [ -80.9256, 27.47997 ] } },
{ "type": "Feature", "properties": { "ltg_lon": -80.717, "ltg_lat": 27.86929, "idx": 274745, "polarity": -19698, "dttime_utc": "2026-05-11 23:45", "hrl": 72.19, "precip24h": 1.0984, "erc": 24.935675, "kbdi": 404.0, "relh_min": 47.67631, "relh_max": 96.85299, "lcc": null }, "geometry": { "type": "Point", "coordinates": [ -80.717, 27.86929 ] } },
{ "type": "Feature", "properties": { "ltg_lon": -80.62765, "ltg_lat": 27.80302, "idx": 274756, "polarity": 14076, "dttime_utc": "2026-05-11 23:46", "hrl": 26.02, "precip24h": 1.2126, "erc": 24.339533, "kbdi": 320.0, "relh_min": 50.226814, "relh_max": 95.75786, "lcc": null }, "geometry": { "type": "Point", "coordinates": [ -80.62765, 27.80302 ] } },
{ "type": "Feature", "properties": { "ltg_lon": -80.68921, "ltg_lat": 27.83076, "idx": 274755, "polarity": 17580, "dttime_utc": "2026-05-11 23:46", "hrl": 52.7, "precip24h": 1.2047, "erc": 24.746405, "kbdi": 412.0, "relh_min": 49.710785, "relh_max": 95.6327, "lcc": null }, "geometry": { "type": "Point", "coordinates": [ -80.68921, 27.83076 ] } },
{ "type": "Feature", "properties": { "ltg_lon": -80.69, "ltg_lat": 27.87255, "idx": 274759, "polarity": 15955, "dttime_utc": "2026-05-11 23:46", "hrl": 48.91, "precip24h": 0.6299, "erc": 24.849974, "kbdi": 411.0, "relh_min": 49.646877, "relh_max": 95.61069, "lcc": null }, "geometry": { "type": "Point", "coordinates": [ -80.69, 27.87255 ] } },
{ "type": "Feature", "properties": { "ltg_lon": -80.69397, "ltg_lat": 27.8649, "idx": 274763, "polarity": -21076, "dttime_utc": "2026-05-11 23:46", "hrl": 75.78, "precip24h": 0.8937, "erc": 24.940483, "kbdi": 407.0, "relh_min": 49.639397, "relh_max": 95.610985, "lcc": null }, "geometry": { "type": "Point", "coordinates": [ -80.69397, 27.8649 ] } },
{ "type": "Feature", "properties": { "ltg_lon": -80.69509, "ltg_lat": 27.88062, "idx": 274762, "polarity": -28533, "dttime_utc": "2026-05-11 23:46", "hrl": 35.57, "precip24h": 0.4961, "erc": 24.900698, "kbdi": 410.0, "relh_min": 49.6071, "relh_max": 95.599434, "lcc": null }, "geometry": { "type": "Point", "coordinates": [ -80.69509, 27.88062 ] } },
{ "type": "Feature", "properties": { "ltg_lon": -80.59508, "ltg_lat": 27.89948, "idx": 274771, "polarity": 8218, "dttime_utc": "2026-05-11 23:46", "hrl": 6.05, "precip24h": 0.1457, "erc": 24.43791, "kbdi": 362.0, "relh_min": 50.146023, "relh_max": 95.72609, "lcc": null }, "geometry": { "type": "Point", "coordinates": [ -80.59508, 27.89948 ] } },
{ "type": "Feature", "properties": { "ltg_lon": -80.68601, "ltg_lat": 27.87486, "idx": 274773, "polarity": 22926, "dttime_utc": "2026-05-11 23:46", "hrl": 48.82, "precip24h": 0.6299, "erc": 24.84333, "kbdi": 411.0, "relh_min": 51.097244, "relh_max": 95.95247, "lcc": null }, "geometry": { "type": "Point", "coordinates": [ -80.68601, 27.87486 ] } },
{ "type": "Feature", "properties": { "ltg_lon": -80.62665, "ltg_lat": 27.81123, "idx": 274790, "polarity": 15115, "dttime_utc": "2026-05-11 23:47", "hrl": 34.25, "precip24h": 1.2559, "erc": 24.345179, "kbdi": 341.0, "relh_min": 50.238888, "relh_max": 95.76115, "lcc": null }, "geometry": { "type": "Point", "coordinates": [ -80.62665, 27.81123 ] } },
{ "type": "Feature", "properties": { "ltg_lon": -80.64515, "ltg_lat": 27.82458, "idx": 274795, "polarity": 14068, "dttime_utc": "2026-05-11 23:47", "hrl": 17.98, "precip24h": 1.1339, "erc": 24.5237, "kbdi": 378.0, "relh_min": 50.03831, "relh_max": 95.7113, "lcc": null }, "geometry": { "type": "Point", "coordinates": [ -80.64515, 27.82458 ] } },
{ "type": "Feature", "properties": { "ltg_lon": -80.76231, "ltg_lat": 27.81367, "idx": 274803, "polarity": -13895, "dttime_utc": "2026-05-11 23:47", "hrl": 66.41, "precip24h": 1.4055, "erc": 25.032814, "kbdi": 464.0, "relh_min": 49.3801, "relh_max": 95.56343, "lcc": null }, "geometry": { "type": "Point", "coordinates": [ -80.76231, 27.81367 ] } },
{ "type": "Feature", "properties": { "ltg_lon": -80.76459, "ltg_lat": 27.80472, "idx": 274805, "polarity": -24784, "dttime_utc": "2026-05-11 23:47", "hrl": 57.81, "precip24h": 1.5079, "erc": 25.019102, "kbdi": 459.0, "relh_min": 49.3749, "relh_max": 95.56281, "lcc": null }, "geometry": { "type": "Point", "coordinates": [ -80.76459, 27.80472 ] } },
{ "type": "Feature", "properties": { "ltg_lon": -80.90708, "ltg_lat": 27.49511, "idx": 274813, "polarity": 27343, "dttime_utc": "2026-05-11 23:47", "hrl": 14.47, "precip24h": 1.0236, "erc": 25.228989, "kbdi": 515.0, "relh_min": 49.11786, "relh_max": 95.54499, "lcc": null }, "geometry": { "type": "Point", "coordinates": [ -80.90708, 27.49511 ] } },
{ "type": "Feature", "properties": { "ltg_lon": -80.95594, "ltg_lat": 27.7264, "idx": 274817, "polarity": 23142, "dttime_utc": "2026-05-11 23:48", "hrl": 33.02, "precip24h": 0.9961, "erc": 25.307688, "kbdi": 563.0, "relh_min": 49.564987, "relh_max": 95.74331, "lcc": null }, "geometry": { "type": "Point", "coordinates": [ -80.95594, 27.7264 ] } },
{ "type": "Feature", "properties": { "ltg_lon": -81.00589, "ltg_lat": 27.637, "idx": 274823, "polarity": -23942, "dttime_utc": "2026-05-11 23:48", "hrl": 57.14, "precip24h": 1.0433, "erc": 25.711203, "kbdi": 606.0, "relh_min": 49.372215, "relh_max": 95.776634, "lcc": null }, "geometry": { "type": "Point", "coordinates": [ -81.00589, 27.637 ] } },
{ "type": "Feature", "properties": { "ltg_lon": -80.62586, "ltg_lat": 27.86632, "idx": 274829, "polarity": 19077, "dttime_utc": "2026-05-11 23:48", "hrl": 18.26, "precip24h": 0.685, "erc": 24.486025, "kbdi": 378.0, "relh_min": 51.937946, "relh_max": 96.16476, "lcc": null }, "geometry": { "type": "Point", "coordinates": [ -80.62586, 27.86632 ] } },
{ "type": "Feature", "properties": { "ltg_lon": -80.60826, "ltg_lat": 27.93761, "idx": 274834, "polarity": 17626, "dttime_utc": "2026-05-11 23:49", "hrl": 18.45, "precip24h": 0.1457, "erc": 24.798414, "kbdi": 340.0, "relh_min": 49.844524, "relh_max": 95.62873, "lcc": null }, "geometry": { "type": "Point", "coordinates": [ -80.60826, 27.93761 ] } },
{ "type": "Feature", "properties": { "ltg_lon": -80.7144, "ltg_lat": 27.83399, "idx": 274839, "polarity": -17033, "dttime_utc": "2026-05-11 23:49", "hrl": 80.32, "precip24h": 1.6102, "erc": 24.921225, "kbdi": 444.0, "relh_min": 50.91727, "relh_max": 95.939255, "lcc": null }, "geometry": { "type": "Point", "coordinates": [ -80.7144, 27.83399 ] } },
{ "type": "Feature", "properties": { "ltg_lon": -80.64339, "ltg_lat": 27.87464, "idx": 274847, "polarity": 16783, "dttime_utc": "2026-05-11 23:50", "hrl": 21.38, "precip24h": 0.4685, "erc": 24.684885, "kbdi": 415.0, "relh_min": 51.604336, "relh_max": 96.0748, "lcc": null }, "geometry": { "type": "Point", "coordinates": [ -80.64339, 27.87464 ] } },
{ "type": "Feature", "properties": { "ltg_lon": -80.62462, "ltg_lat": 27.85826, "idx": 274845, "polarity": 6129, "dttime_utc": "2026-05-11 23:50", "hrl": 56.86, "precip24h": 0.8976, "erc": 24.42962, "kbdi": 395.0, "relh_min": 52.0285, "relh_max": 96.19291, "lcc": null }, "geometry": { "type": "Point", "coordinates": [ -80.62462, 27.85826 ] } },
{ "type": "Feature", "properties": { "ltg_lon": -80.87061, "ltg_lat": 27.75607, "idx": 274852, "polarity": -15726, "dttime_utc": "2026-05-11 23:50", "hrl": 15.61, "precip24h": 0.8543, "erc": 25.208057, "kbdi": 554.0, "relh_min": 49.070213, "relh_max": 95.51391, "lcc": null }, "geometry": { "type": "Point", "coordinates": [ -80.87061, 27.75607 ] } },
{ "type": "Feature", "properties": { "ltg_lon": -80.61079, "ltg_lat": 27.83971, "idx": 274860, "polarity": 17822, "dttime_utc": "2026-05-11 23:50", "hrl": 19.87, "precip24h": 1.3268, "erc": 24.296381, "kbdi": 362.0, "relh_min": 50.37711, "relh_max": 95.79534, "lcc": null }, "geometry": { "type": "Point", "coordinates": [ -80.61079, 27.83971 ] } },
{ "type": "Feature", "properties": { "ltg_lon": -80.71113, "ltg_lat": 27.82772, "idx": 274862, "polarity": -26935, "dttime_utc": "2026-05-11 23:50", "hrl": 81.08, "precip24h": 1.7677, "erc": 24.89083, "kbdi": 426.0, "relh_min": 49.59393, "relh_max": 95.60674, "lcc": null }, "geometry": { "type": "Point", "coordinates": [ -80.71113, 27.82772 ] } },
{ "type": "Feature", "properties": { "ltg_lon": -80.75366, "ltg_lat": 27.83009, "idx": 274863, "polarity": -18266, "dttime_utc": "2026-05-11 23:50", "hrl": 78.33, "precip24h": 1.4921, "erc": 25.046814, "kbdi": 485.0, "relh_min": 50.58741, "relh_max": 95.870415, "lcc": null }, "geometry": { "type": "Point", "coordinates": [ -80.75366, 27.83009 ] } },
{ "type": "Feature", "properties": { "ltg_lon": -80.7933, "ltg_lat": 26.29344, "idx": 274875, "polarity": -25946, "dttime_utc": "2026-05-11 23:50", "hrl": 46.26, "precip24h": 0.685, "erc": 23.534399, "kbdi": 540.0, "relh_min": 50.319767, "relh_max": 94.37973, "lcc": null }, "geometry": { "type": "Point", "coordinates": [ -80.7933, 26.29344 ] } },
{ "type": "Feature", "properties": { "ltg_lon": -80.67867, "ltg_lat": 27.82693, "idx": 274890, "polarity": -31780, "dttime_utc": "2026-05-11 23:51", "hrl": 42.19, "precip24h": 1.311, "erc": 24.796316, "kbdi": 386.0, "relh_min": 51.321316, "relh_max": 96.0363, "lcc": null }, "geometry": { "type": "Point", "coordinates": [ -80.67867, 27.82693 ] } },
{ "type": "Feature", "properties": { "ltg_lon": -80.65187, "ltg_lat": 27.85676, "idx": 274892, "polarity": 15073, "dttime_utc": "2026-05-11 23:51", "hrl": 21.85, "precip24h": 0.6929, "erc": 24.64472, "kbdi": 432.0, "relh_min": 51.593468, "relh_max": 96.085, "lcc": null }, "geometry": { "type": "Point", "coordinates": [ -80.65187, 27.85676 ] } },
{ "type": "Feature", "properties": { "ltg_lon": -80.70614, "ltg_lat": 27.83603, "idx": 274893, "polarity": -24539, "dttime_utc": "2026-05-11 23:51", "hrl": 80.51, "precip24h": 1.4961, "erc": 24.894115, "kbdi": 429.0, "relh_min": 49.612614, "relh_max": 95.61002, "lcc": null }, "geometry": { "type": "Point", "coordinates": [ -80.70614, 27.83603 ] } },
{ "type": "Feature", "properties": { "ltg_lon": -80.88246, "ltg_lat": 27.74505, "idx": 274898, "polarity": -11945, "dttime_utc": "2026-05-11 23:52", "hrl": 9.56, "precip24h": 0.7205, "erc": 25.155489, "kbdi": 575.0, "relh_min": 49.043457, "relh_max": 95.511055, "lcc": null }, "geometry": { "type": "Point", "coordinates": [ -80.88246, 27.74505 ] } },
{ "type": "Feature", "properties": { "ltg_lon": -80.67067, "ltg_lat": 27.81603, "idx": 274907, "polarity": 15544, "dttime_utc": "2026-05-11 23:52", "hrl": 30.18, "precip24h": 1.3346, "erc": 24.703062, "kbdi": 401.0, "relh_min": 49.841778, "relh_max": 95.66415, "lcc": null }, "geometry": { "type": "Point", "coordinates": [ -80.67067, 27.81603 ] } },
{ "type": "Feature", "properties": { "ltg_lon": -80.68224, "ltg_lat": 27.80853, "idx": 274911, "polarity": 14378, "dttime_utc": "2026-05-11 23:52", "hrl": 61.68, "precip24h": 1.6181, "erc": 24.747091, "kbdi": 417.0, "relh_min": 49.767414, "relh_max": 95.64687, "lcc": null }, "geometry": { "type": "Point", "coordinates": [ -80.68224, 27.80853 ] } },
{ "type": "Feature", "properties": { "ltg_lon": -80.70036, "ltg_lat": 27.82947, "idx": 274919, "polarity": -22414, "dttime_utc": "2026-05-11 23:52", "hrl": 72.56, "precip24h": 1.6811, "erc": 24.850855, "kbdi": 401.0, "relh_min": 51.06532, "relh_max": 95.97518, "lcc": null }, "geometry": { "type": "Point", "coordinates": [ -80.70036, 27.82947 ] } },
{ "type": "Feature", "properties": { "ltg_lon": -80.69235, "ltg_lat": 27.84998, "idx": 274913, "polarity": -8402, "dttime_utc": "2026-05-11 23:52", "hrl": 70.48, "precip24h": 1.2638, "erc": 24.879948, "kbdi": 436.0, "relh_min": 49.67041, "relh_max": 95.62101, "lcc": null }, "geometry": { "type": "Point", "coordinates": [ -80.69235, 27.84998 ] } },
{ "type": "Feature", "properties": { "ltg_lon": -80.68682, "ltg_lat": 27.84881, "idx": 274917, "polarity": -31622, "dttime_utc": "2026-05-11 23:52", "hrl": 62.54, "precip24h": 1.0945, "erc": 24.794193, "kbdi": 428.0, "relh_min": 49.703213, "relh_max": 95.628685, "lcc": null }, "geometry": { "type": "Point", "coordinates": [ -80.68682, 27.84881 ] } },
{ "type": "Feature", "properties": { "ltg_lon": -80.69628, "ltg_lat": 27.81833, "idx": 274934, "polarity": 12750, "dttime_utc": "2026-05-11 23:52", "hrl": 57.33, "precip24h": 1.6417, "erc": 24.836996, "kbdi": 419.0, "relh_min": 49.679127, "relh_max": 95.62636, "lcc": null }, "geometry": { "type": "Point", "coordinates": [ -80.69628, 27.81833 ] } },
{ "type": "Feature", "properties": { "ltg_lon": -80.71862, "ltg_lat": 27.83585, "idx": 274937, "polarity": -21105, "dttime_utc": "2026-05-11 23:53", "hrl": 80.23, "precip24h": 1.6102, "erc": 24.942709, "kbdi": 444.0, "relh_min": 49.551125, "relh_max": 95.59664, "lcc": null }, "geometry": { "type": "Point", "coordinates": [ -80.71862, 27.83585 ] } },
{ "type": "Feature", "properties": { "ltg_lon": -80.67998, "ltg_lat": 27.79978, "idx": 274939, "polarity": 14798, "dttime_utc": "2026-05-11 23:53", "hrl": 60.64, "precip24h": 1.6929, "erc": 24.718042, "kbdi": 363.0, "relh_min": 51.31791, "relh_max": 96.04701, "lcc": null }, "geometry": { "type": "Point", "coordinates": [ -80.67998, 27.79978 ] } },
{ "type": "Feature", "properties": { "ltg_lon": -80.67399, "ltg_lat": 27.81458, "idx": 274940, "polarity": 25279, "dttime_utc": "2026-05-11 23:53", "hrl": 53.83, "precip24h": 1.3346, "erc": 24.71776, "kbdi": 401.0, "relh_min": 51.39582, "relh_max": 96.05972, "lcc": null }, "geometry": { "type": "Point", "coordinates": [ -80.67399, 27.81458 ] } },
{ "type": "Feature", "properties": { "ltg_lon": -80.91835, "ltg_lat": 27.73158, "idx": 274943, "polarity": -26116, "dttime_utc": "2026-05-11 23:53", "hrl": 21.67, "precip24h": 0.8504, "erc": 25.251593, "kbdi": 556.0, "relh_min": 48.961212, "relh_max": 95.50284, "lcc": null }, "geometry": { "type": "Point", "coordinates": [ -80.91835, 27.73158 ] } },
{ "type": "Feature", "properties": { "ltg_lon": -80.88503, "ltg_lat": 27.73722, "idx": 274946, "polarity": -34261, "dttime_utc": "2026-05-11 23:53", "hrl": 4.73, "precip24h": 0.5315, "erc": 25.258482, "kbdi": 579.0, "relh_min": 49.039005, "relh_max": 95.51096, "lcc": null }, "geometry": { "type": "Point", "coordinates": [ -80.88503, 27.73722 ] } },
{ "type": "Feature", "properties": { "ltg_lon": -80.68246, "ltg_lat": 27.84747, "idx": 274955, "polarity": -31026, "dttime_utc": "2026-05-11 23:53", "hrl": 61.97, "precip24h": 1.0945, "erc": 24.769129, "kbdi": 428.0, "relh_min": 49.730774, "relh_max": 95.635254, "lcc": null }, "geometry": { "type": "Point", "coordinates": [ -80.68246, 27.84747 ] } },
{ "type": "Feature", "properties": { "ltg_lon": -80.84671, "ltg_lat": 27.75278, "idx": 274969, "polarity": -22146, "dttime_utc": "2026-05-11 23:54", "hrl": 5.87, "precip24h": 0.7677, "erc": 25.215067, "kbdi": 542.0, "relh_min": 50.032955, "relh_max": 95.797905, "lcc": null }, "geometry": { "type": "Point", "coordinates": [ -80.84671, 27.75278 ] } },
{ "type": "Feature", "properties": { "ltg_lon": -80.72114, "ltg_lat": 27.82658, "idx": 274985, "polarity": -25270, "dttime_utc": "2026-05-11 23:54", "hrl": 86.28, "precip24h": 1.752, "erc": 24.926666, "kbdi": 452.0, "relh_min": 49.54599, "relh_max": 95.59645, "lcc": null }, "geometry": { "type": "Point", "coordinates": [ -80.72114, 27.82658 ] } },
{ "type": "Feature", "properties": { "ltg_lon": -80.70639, "ltg_lat": 27.82589, "idx": 274968, "polarity": -24927, "dttime_utc": "2026-05-11 23:54", "hrl": 72.37, "precip24h": 1.6811, "erc": 24.866503, "kbdi": 401.0, "relh_min": 49.619488, "relh_max": 95.61252, "lcc": null }, "geometry": { "type": "Point", "coordinates": [ -80.70639, 27.82589 ] } },
{ "type": "Feature", "properties": { "ltg_lon": -80.74903, "ltg_lat": 27.80275, "idx": 274971, "polarity": -15006, "dttime_utc": "2026-05-11 23:54", "hrl": 56.29, "precip24h": 1.4606, "erc": 25.077984, "kbdi": 409.0, "relh_min": 49.43527, "relh_max": 95.5747, "lcc": null }, "geometry": { "type": "Point", "coordinates": [ -80.74903, 27.80275 ] } },
{ "type": "Feature", "properties": { "ltg_lon": -80.67186, "ltg_lat": 27.83215, "idx": 274974, "polarity": -22376, "dttime_utc": "2026-05-11 23:54", "hrl": 53.17, "precip24h": 1.1102, "erc": 24.77589, "kbdi": 406.0, "relh_min": 49.81932, "relh_max": 95.65788, "lcc": null }, "geometry": { "type": "Point", "coordinates": [ -80.67186, 27.83215 ] } },
{ "type": "Feature", "properties": { "ltg_lon": -80.69297, "ltg_lat": 27.84011, "idx": 274975, "polarity": -28594, "dttime_utc": "2026-05-11 23:54", "hrl": 76.25, "precip24h": 1.2638, "erc": 24.850164, "kbdi": 436.0, "relh_min": 49.67936, "relh_max": 95.624504, "lcc": null }, "geometry": { "type": "Point", "coordinates": [ -80.69297, 27.84011 ] } },
{ "type": "Feature", "properties": { "ltg_lon": -80.71046, "ltg_lat": 27.83552, "idx": 274980, "polarity": -33308, "dttime_utc": "2026-05-11 23:54", "hrl": 80.7, "precip24h": 1.6102, "erc": 24.910097, "kbdi": 444.0, "relh_min": 49.59113, "relh_max": 95.605354, "lcc": null }, "geometry": { "type": "Point", "coordinates": [ -80.71046, 27.83552 ] } },
{ "type": "Feature", "properties": { "ltg_lon": -80.71037, "ltg_lat": 27.83227, "idx": 274981, "polarity": -25407, "dttime_utc": "2026-05-11 23:54", "hrl": 80.61, "precip24h": 1.6102, "erc": 24.90042, "kbdi": 444.0, "relh_min": 49.594303, "relh_max": 95.6064, "lcc": null }, "geometry": { "type": "Point", "coordinates": [ -80.71037, 27.83227 ] } },
{ "type": "Feature", "properties": { "ltg_lon": -80.85638, "ltg_lat": 27.76569, "idx": 274991, "polarity": 11894, "dttime_utc": "2026-05-11 23:54", "hrl": 14.38, "precip24h": 1.0276, "erc": 25.197752, "kbdi": 558.0, "relh_min": 49.10425, "relh_max": 95.51817, "lcc": null }, "geometry": { "type": "Point", "coordinates": [ -80.85638, 27.76569 ] } },
{ "type": "Feature", "properties": { "ltg_lon": -80.68367, "ltg_lat": 27.81531, "idx": 274988, "polarity": 15642, "dttime_utc": "2026-05-11 23:54", "hrl": 63.39, "precip24h": 1.5079, "erc": 24.769724, "kbdi": 415.0, "relh_min": 51.271107, "relh_max": 96.02982, "lcc": null }, "geometry": { "type": "Point", "coordinates": [ -80.68367, 27.81531 ] } },
{ "type": "Feature", "properties": { "ltg_lon": -80.69778, "ltg_lat": 27.81703, "idx": 274986, "polarity": 14702, "dttime_utc": "2026-05-11 23:54", "hrl": 70.29, "precip24h": 1.6417, "erc": 24.840559, "kbdi": 419.0, "relh_min": 51.105835, "relh_max": 95.990524, "lcc": null }, "geometry": { "type": "Point", "coordinates": [ -80.69778, 27.81703 ] } },
{ "type": "Feature", "properties": { "ltg_lon": -80.6702, "ltg_lat": 27.79612, "idx": 274996, "polarity": 18955, "dttime_utc": "2026-05-11 23:54", "hrl": 61.49, "precip24h": 1.6929, "erc": 24.660091, "kbdi": 363.0, "relh_min": 51.44361, "relh_max": 96.0781, "lcc": null }, "geometry": { "type": "Point", "coordinates": [ -80.6702, 27.79612 ] } },
{ "type": "Feature", "properties": { "ltg_lon": -80.66835, "ltg_lat": 27.7924, "idx": 274994, "polarity": 17589, "dttime_utc": "2026-05-11 23:54", "hrl": 58.66, "precip24h": 1.5551, "erc": 24.64416, "kbdi": 337.0, "relh_min": 49.859573, "relh_max": 95.66808, "lcc": null }, "geometry": { "type": "Point", "coordinates": [ -80.66835, 27.7924 ] } },
{ "type": "Feature", "properties": { "ltg_lon": -80.66437, "ltg_lat": 27.81986, "idx": 274999, "polarity": -4388, "dttime_utc": "2026-05-11 23:55", "hrl": 12.39, "precip24h": 1.1142, "erc": 24.676743, "kbdi": 384.0, "relh_min": 49.88494, "relh_max": 95.674286, "lcc": null }, "geometry": { "type": "Point", "coordinates": [ -80.66437, 27.81986 ] } },
{ "type": "Feature", "properties": { "ltg_lon": -80.67978, "ltg_lat": 27.80592, "idx": 275016, "polarity": 13647, "dttime_utc": "2026-05-11 23:55", "hrl": 54.68, "precip24h": 1.4685, "erc": 24.729067, "kbdi": 393.0, "relh_min": 51.322395, "relh_max": 96.045784, "lcc": null }, "geometry": { "type": "Point", "coordinates": [ -80.67978, 27.80592 ] } },
{ "type": "Feature", "properties": { "ltg_lon": -80.7065, "ltg_lat": 27.82656, "idx": 275024, "polarity": -26807, "dttime_utc": "2026-05-11 23:55", "hrl": 72.47, "precip24h": 1.6811, "erc": 24.868776, "kbdi": 401.0, "relh_min": 49.618443, "relh_max": 95.612236, "lcc": null }, "geometry": { "type": "Point", "coordinates": [ -80.7065, 27.82656 ] } },
{ "type": "Feature", "properties": { "ltg_lon": -80.69883, "ltg_lat": 27.82768, "idx": 275018, "polarity": 14280, "dttime_utc": "2026-05-11 23:55", "hrl": 63.2, "precip24h": 1.5433, "erc": 24.83919, "kbdi": 400.0, "relh_min": 51.084072, "relh_max": 95.98041, "lcc": null }, "geometry": { "type": "Point", "coordinates": [ -80.69883, 27.82768 ] } },
{ "type": "Feature", "properties": { "ltg_lon": -80.65826, "ltg_lat": 27.82279, "idx": 275040, "polarity": 18030, "dttime_utc": "2026-05-11 23:55", "hrl": 43.52, "precip24h": 1.0945, "erc": 24.647821, "kbdi": 379.0, "relh_min": 51.612953, "relh_max": 96.10854, "lcc": null }, "geometry": { "type": "Point", "coordinates": [ -80.65826, 27.82279 ] } },
{ "type": "Feature", "properties": { "ltg_lon": -80.74752, "ltg_lat": 27.80132, "idx": 275042, "polarity": -19646, "dttime_utc": "2026-05-11 23:55", "hrl": 56.2, "precip24h": 1.4606, "erc": 25.052736, "kbdi": 409.0, "relh_min": 49.44171, "relh_max": 95.57602, "lcc": null }, "geometry": { "type": "Point", "coordinates": [ -80.74752, 27.80132 ] } },
{ "type": "Feature", "properties": { "ltg_lon": -80.67941, "ltg_lat": 27.7966, "idx": 275044, "polarity": 16147, "dttime_utc": "2026-05-11 23:55", "hrl": 60.55, "precip24h": 1.6929, "erc": 24.709414, "kbdi": 363.0, "relh_min": 49.78622, "relh_max": 95.651115, "lcc": null }, "geometry": { "type": "Point", "coordinates": [ -80.67941, 27.7966 ] } },
{ "type": "Feature", "properties": { "ltg_lon": -80.65744, "ltg_lat": 27.80796, "idx": 275048, "polarity": 16034, "dttime_utc": "2026-05-11 23:56", "hrl": 22.8, "precip24h": 1.185, "erc": 24.607172, "kbdi": 348.0, "relh_min": 51.63703, "relh_max": 96.120544, "lcc": null }, "geometry": { "type": "Point", "coordinates": [ -80.65744, 27.80796 ] } },
{ "type": "Feature", "properties": { "ltg_lon": -80.68358, "ltg_lat": 27.83965, "idx": 275053, "polarity": -19727, "dttime_utc": "2026-05-11 23:56", "hrl": 59.6, "precip24h": 1.2047, "erc": 24.74763, "kbdi": 412.0, "relh_min": 49.734753, "relh_max": 95.637276, "lcc": null }, "geometry": { "type": "Point", "coordinates": [ -80.68358, 27.83965 ] } },
{ "type": "Feature", "properties": { "ltg_lon": -80.88185, "ltg_lat": 27.74003, "idx": 275066, "polarity": 11268, "dttime_utc": "2026-05-11 23:56", "hrl": 9.37, "precip24h": 0.7205, "erc": 25.257528, "kbdi": 575.0, "relh_min": 49.046124, "relh_max": 95.511665, "lcc": null }, "geometry": { "type": "Point", "coordinates": [ -80.88185, 27.74003 ] } },
{ "type": "Feature", "properties": { "ltg_lon": -80.83128, "ltg_lat": 27.76084, "idx": 275075, "polarity": -12640, "dttime_utc": "2026-05-11 23:57", "hrl": 5.49, "precip24h": 1.126, "erc": 25.19634, "kbdi": 547.0, "relh_min": 50.111942, "relh_max": 95.80819, "lcc": null }, "geometry": { "type": "Point", "coordinates": [ -80.83128, 27.76084 ] } },
{ "type": "Feature", "properties": { "ltg_lon": -80.82544, "ltg_lat": 27.76931, "idx": 275076, "polarity": -26956, "dttime_utc": "2026-05-11 23:57", "hrl": 6.62, "precip24h": 1.0394, "erc": 25.198814, "kbdi": 532.0, "relh_min": 49.187534, "relh_max": 95.530525, "lcc": null }, "geometry": { "type": "Point", "coordinates": [ -80.82544, 27.76931 ] } },
{ "type": "Feature", "properties": { "ltg_lon": -80.83738, "ltg_lat": 27.76396, "idx": 275081, "polarity": -31519, "dttime_utc": "2026-05-11 23:57", "hrl": 8.89, "precip24h": 1.126, "erc": 25.215492, "kbdi": 547.0, "relh_min": 50.080933, "relh_max": 95.80185, "lcc": null }, "geometry": { "type": "Point", "coordinates": [ -80.83738, 27.76396 ] } },
{ "type": "Feature", "properties": { "ltg_lon": -80.71424, "ltg_lat": 27.69986, "idx": 275084, "polarity": 13997, "dttime_utc": "2026-05-11 23:57", "hrl": 67.08, "precip24h": 1.2874, "erc": 24.993263, "kbdi": 308.0, "relh_min": 49.529285, "relh_max": 95.58295, "lcc": null }, "geometry": { "type": "Point", "coordinates": [ -80.71424, 27.69986 ] } },
{ "type": "Feature", "properties": { "ltg_lon": -80.74437, "ltg_lat": 27.80615, "idx": 275085, "polarity": -21385, "dttime_utc": "2026-05-11 23:57", "hrl": 56.39, "precip24h": 1.4606, "erc": 25.07, "kbdi": 409.0, "relh_min": 49.45315, "relh_max": 95.57821, "lcc": null }, "geometry": { "type": "Point", "coordinates": [ -80.74437, 27.80615 ] } },
{ "type": "Feature", "properties": { "ltg_lon": -80.66364, "ltg_lat": 27.825, "idx": 275088, "polarity": -16956, "dttime_utc": "2026-05-11 23:57", "hrl": 27.81, "precip24h": 1.1614, "erc": 24.686413, "kbdi": 377.0, "relh_min": 51.52885, "relh_max": 96.08707, "lcc": null }, "geometry": { "type": "Point", "coordinates": [ -80.66364, 27.825 ] } },
{ "type": "Feature", "properties": { "ltg_lon": -80.63613, "ltg_lat": 27.86504, "idx": 275086, "polarity": -21229, "dttime_utc": "2026-05-11 23:57", "hrl": 20.25, "precip24h": 0.6614, "erc": 24.547155, "kbdi": 409.0, "relh_min": 50.01322, "relh_max": 95.7002, "lcc": null }, "geometry": { "type": "Point", "coordinates": [ -80.63613, 27.86504 ] } },
{ "type": "Feature", "properties": { "ltg_lon": -80.76269, "ltg_lat": 27.79623, "idx": 275101, "polarity": -22561, "dttime_utc": "2026-05-11 23:57", "hrl": 50.43, "precip24h": 1.7323, "erc": 25.089941, "kbdi": 452.0, "relh_min": 49.384308, "relh_max": 95.56483, "lcc": null }, "geometry": { "type": "Point", "coordinates": [ -80.76269, 27.79623 ] } },
{ "type": "Feature", "properties": { "ltg_lon": -80.3224, "ltg_lat": 26.96438, "idx": 275105, "polarity": -20207, "dttime_utc": "2026-05-11 23:58", "hrl": 49.29, "precip24h": 0.7165, "erc": 23.496872, "kbdi": 410.0, "relh_min": 50.451, "relh_max": 95.18391, "lcc": null }, "geometry": { "type": "Point", "coordinates": [ -80.3224, 26.96438 ] } },
{ "type": "Feature", "properties": { "ltg_lon": -80.85836, "ltg_lat": 27.75181, "idx": 275106, "polarity": -22643, "dttime_utc": "2026-05-11 23:58", "hrl": 13.43, "precip24h": 0.7559, "erc": 25.232956, "kbdi": 545.0, "relh_min": 49.976753, "relh_max": 95.789276, "lcc": null }, "geometry": { "type": "Point", "coordinates": [ -80.85836, 27.75181 ] } },
{ "type": "Feature", "properties": { "ltg_lon": -80.85413, "ltg_lat": 27.75064, "idx": 275107, "polarity": -28374, "dttime_utc": "2026-05-11 23:58", "hrl": 13.34, "precip24h": 0.7559, "erc": 25.222338, "kbdi": 545.0, "relh_min": 49.99676, "relh_max": 95.79286, "lcc": null }, "geometry": { "type": "Point", "coordinates": [ -80.85413, 27.75064 ] } },
{ "type": "Feature", "properties": { "ltg_lon": -80.67869, "ltg_lat": 27.78227, "idx": 275108, "polarity": 19703, "dttime_utc": "2026-05-11 23:58", "hrl": 59.22, "precip24h": 1.8031, "erc": 24.684116, "kbdi": 370.0, "relh_min": 49.785, "relh_max": 95.65009, "lcc": null }, "geometry": { "type": "Point", "coordinates": [ -80.67869, 27.78227 ] } },
{ "type": "Feature", "properties": { "ltg_lon": -80.42695, "ltg_lat": 27.80507, "idx": 275113, "polarity": 20999, "dttime_utc": "2026-05-11 23:58", "hrl": 69.25, "precip24h": 0.8819, "erc": 23.422247, "kbdi": 400.0, "relh_min": 51.546265, "relh_max": 96.09434, "lcc": null }, "geometry": { "type": "Point", "coordinates": [ -80.42695, 27.80507 ] } },
{ "type": "Feature", "properties": { "ltg_lon": -80.80904, "ltg_lat": 27.77077, "idx": 275117, "polarity": -23490, "dttime_utc": "2026-05-11 23:58", "hrl": 13.06, "precip24h": 1.3701, "erc": 25.16639, "kbdi": 473.0, "relh_min": 49.23512, "relh_max": 95.53818, "lcc": null }, "geometry": { "type": "Point", "coordinates": [ -80.80904, 27.77077 ] } },
{ "type": "Feature", "properties": { "ltg_lon": -80.67136, "ltg_lat": 27.82156, "idx": 275148, "polarity": -24949, "dttime_utc": "2026-05-11 23:59", "hrl": 61.87, "precip24h": 1.311, "erc": 24.72091, "kbdi": 386.0, "relh_min": 49.833233, "relh_max": 95.66191, "lcc": null }, "geometry": { "type": "Point", "coordinates": [ -80.67136, 27.82156 ] } },
{ "type": "Feature", "properties": { "ltg_lon": -80.66271, "ltg_lat": 27.82872, "idx": 275147, "polarity": -30808, "dttime_utc": "2026-05-11 23:59", "hrl": 28.48, "precip24h": 1.1614, "erc": 24.691793, "kbdi": 377.0, "relh_min": 51.535458, "relh_max": 96.08688, "lcc": null }, "geometry": { "type": "Point", "coordinates": [ -80.66271, 27.82872 ] } },
{ "type": "Feature", "properties": { "ltg_lon": -80.68547, "ltg_lat": 27.81523, "idx": 275149, "polarity": -22944, "dttime_utc": "2026-05-11 23:59", "hrl": 46.64, "precip24h": 1.5079, "erc": 24.778448, "kbdi": 415.0, "relh_min": 49.744617, "relh_max": 95.64145, "lcc": null }, "geometry": { "type": "Point", "coordinates": [ -80.68547, 27.81523 ] } },
{ "type": "Feature", "properties": { "ltg_lon": -80.54432, "ltg_lat": 27.83592, "idx": 275156, "polarity": 11712, "dttime_utc": "2026-05-11 23:59", "hrl": 13.72, "precip24h": 1.2205, "erc": 23.206524, "kbdi": 352.0, "relh_min": 55.24337, "relh_max": 97.03366, "lcc": null }, "geometry": { "type": "Point", "coordinates": [ -80.54432, 27.83592 ] } },
{ "type": "Feature", "properties": { "ltg_lon": -80.65205, "ltg_lat": 27.79908, "idx": 275153, "polarity": 18079, "dttime_utc": "2026-05-11 23:59", "hrl": 33.21, "precip24h": 1.4016, "erc": 24.513248, "kbdi": 320.0, "relh_min": 49.987926, "relh_max": 95.699036, "lcc": null }, "geometry": { "type": "Point", "coordinates": [ -80.65205, 27.79908 ] } },
{ "type": "Feature", "properties": { "ltg_lon": -80.63651, "ltg_lat": 27.85869, "idx": 275154, "polarity": 23992, "dttime_utc": "2026-05-11 23:59", "hrl": 24.79, "precip24h": 0.8465, "erc": 24.51564, "kbdi": 407.0, "relh_min": 50.03308, "relh_max": 95.70636, "lcc": null }, "geometry": { "type": "Point", "coordinates": [ -80.63651, 27.85869 ] } },
{ "type": "Feature", "properties": { "ltg_lon": -80.75845, "ltg_lat": 27.5474, "idx": 275158, "polarity": 26748, "dttime_utc": "2026-05-11 23:59", "hrl": 32.17, "precip24h": 1.5236, "erc": 24.985758, "kbdi": 351.0, "relh_min": 49.35939, "relh_max": 95.52841, "lcc": null }, "geometry": { "type": "Point", "coordinates": [ -80.75845, 27.5474 ] } },
{ "type": "Feature", "properties": { "ltg_lon": -80.74447, "ltg_lat": 27.78266, "idx": 275162, "polarity": -26257, "dttime_utc": "2026-05-11 23:59", "hrl": 53.26, "precip24h": 1.9685, "erc": 25.006395, "kbdi": 393.0, "relh_min": 49.456585, "relh_max": 95.57894, "lcc": null }, "geometry": { "type": "Point", "coordinates": [ -80.74447, 27.78266 ] } },
{ "type": "Feature", "properties": { "ltg_lon": -80.8014, "ltg_lat": 27.7643, "idx": 275171, "polarity": 15749, "dttime_utc": "2026-05-11 23:59", "hrl": 14.19, "precip24h": 1.0197, "erc": 25.135462, "kbdi": 392.0, "relh_min": 49.259254, "relh_max": 95.542145, "lcc": null }, "geometry": { "type": "Point", "coordinates": [ -80.8014, 27.7643 ] } },
{ "type": "Feature", "properties": { "ltg_lon": -80.78591, "ltg_lat": 27.75486, "idx": 275169, "polarity": 6513, "dttime_utc": "2026-05-11 23:59", "hrl": 22.99, "precip24h": 0.9094, "erc": 25.07894, "kbdi": 359.0, "relh_min": 49.308342, "relh_max": 95.55022, "lcc": null }, "geometry": { "type": "Point", "coordinates": [ -80.78591, 27.75486 ] } },
{ "type": "Feature", "properties": { "ltg_lon": -80.99336, "ltg_lat": 27.73958, "idx": 275172, "polarity": -19514, "dttime_utc": "2026-05-11 23:59", "hrl": 64.43, "precip24h": 1.0709, "erc": 25.39482, "kbdi": 438.0, "relh_min": 49.42361, "relh_max": 95.720505, "lcc": null }, "geometry": { "type": "Point", "coordinates": [ -80.99336, 27.73958 ] } },
{ "type": "Feature", "properties": { "ltg_lon": -80.82187, "ltg_lat": 27.76276, "idx": 275180, "polarity": -17849, "dttime_utc": "2026-05-12 00:00", "hrl": 8.04, "precip24h": 1.0394, "erc": 25.178635, "kbdi": 442.0, "relh_min": 49.198997, "relh_max": 95.53238, "lcc": null }, "geometry": { "type": "Point", "coordinates": [ -80.82187, 27.76276 ] } },
{ "type": "Feature", "properties": { "ltg_lon": -80.6336, "ltg_lat": 28.00859, "idx": 275175, "polarity": -24833, "dttime_utc": "2026-05-12 00:00", "hrl": 36.71, "precip24h": 0.0748, "erc": 25.36939, "kbdi": 359.0, "relh_min": 49.63276, "relh_max": 95.46281, "lcc": null }, "geometry": { "type": "Point", "coordinates": [ -80.6336, 28.00859 ] } },
{ "type": "Feature", "properties": { "ltg_lon": -80.65874, "ltg_lat": 27.82128, "idx": 275182, "polarity": -19261, "dttime_utc": "2026-05-12 00:00", "hrl": 17.22, "precip24h": 1.0945, "erc": 24.646673, "kbdi": 353.0, "relh_min": 49.92695, "relh_max": 95.684326, "lcc": null }, "geometry": { "type": "Point", "coordinates": [ -80.65874, 27.82128 ] } },
{ "type": "Feature", "properties": { "ltg_lon": -80.65901, "ltg_lat": 27.81134, "idx": 275183, "polarity": -29264, "dttime_utc": "2026-05-12 00:00", "hrl": 21.29, "precip24h": 1.1063, "erc": 24.624044, "kbdi": 329.0, "relh_min": 49.930958, "relh_max": 95.68552, "lcc": null }, "geometry": { "type": "Point", "coordinates": [ -80.65901, 27.81134 ] } },
{ "type": "Feature", "properties": { "ltg_lon": -80.65099, "ltg_lat": 27.81033, "idx": 275188, "polarity": -33626, "dttime_utc": "2026-05-12 00:00", "hrl": 21.57, "precip24h": 1.1063, "erc": 24.52719, "kbdi": 329.0, "relh_min": 51.740845, "relh_max": 96.14501, "lcc": null }, "geometry": { "type": "Point", "coordinates": [ -80.65099, 27.81033 ] } },
{ "type": "Feature", "properties": { "ltg_lon": -80.64413, "ltg_lat": 27.79563, "idx": 275194, "polarity": -33283, "dttime_utc": "2026-05-12 00:00", "hrl": 49.2, "precip24h": 1.3622, "erc": 24.45536, "kbdi": 264.0, "relh_min": 51.84649, "relh_max": 96.175934, "lcc": null }, "geometry": { "type": "Point", "coordinates": [ -80.64413, 27.79563 ] } },
{ "type": "Feature", "properties": { "ltg_lon": -80.66954, "ltg_lat": 27.81662, "idx": 275196, "polarity": 16131, "dttime_utc": "2026-05-12 00:00", "hrl": 19.77, "precip24h": 1.1142, "erc": 24.698196, "kbdi": 356.0, "relh_min": 51.45512, "relh_max": 96.07305, "lcc": null }, "geometry": { "type": "Point", "coordinates": [ -80.66954, 27.81662 ] } },
{ "type": "Feature", "properties": { "ltg_lon": -80.64845, "ltg_lat": 27.80518, "idx": 275203, "polarity": -37659, "dttime_utc": "2026-05-12 00:00", "hrl": 29.8, "precip24h": 1.2362, "erc": 24.499779, "kbdi": 296.0, "relh_min": 50.02019, "relh_max": 95.707054, "lcc": null }, "geometry": { "type": "Point", "coordinates": [ -80.64845, 27.80518 ] } },
{ "type": "Feature", "properties": { "ltg_lon": -80.65636, "ltg_lat": 27.80295, "idx": 275214, "polarity": 15399, "dttime_utc": "2026-05-12 00:00", "hrl": 41.25, "precip24h": 1.185, "erc": 24.59089, "kbdi": 303.0, "relh_min": 49.953274, "relh_max": 95.6908, "lcc": null }, "geometry": { "type": "Point", "coordinates": [ -80.65636, 27.80295 ] } },
{ "type": "Feature", "properties": { "ltg_lon": -80.5888, "ltg_lat": 27.76203, "idx": 275221, "polarity": 14425, "dttime_utc": "2026-05-12 00:00", "hrl": 63.77, "precip24h": 1.374, "erc": 24.040009, "kbdi": 274.0, "relh_min": 52.794647, "relh_max": 96.41812, "lcc": null }, "geometry": { "type": "Point", "coordinates": [ -80.5888, 27.76203 ] } },
{ "type": "Feature", "properties": { "ltg_lon": -80.6364, "ltg_lat": 27.81278, "idx": 275233, "polarity": -36634, "dttime_utc": "2026-05-12 00:01", "hrl": 36.52, "precip24h": 1.2598, "erc": 24.427938, "kbdi": 314.0, "relh_min": 52.002552, "relh_max": 96.20876, "lcc": null }, "geometry": { "type": "Point", "coordinates": [ -80.6364, 27.81278 ] } },
{ "type": "Feature", "properties": { "ltg_lon": -80.64134, "ltg_lat": 27.81428, "idx": 275234, "polarity": -22937, "dttime_utc": "2026-05-12 00:01", "hrl": 23.37, "precip24h": 1.189, "erc": 24.468607, "kbdi": 321.0, "relh_min": 51.908073, "relh_max": 96.18473, "lcc": null }, "geometry": { "type": "Point", "coordinates": [ -80.64134, 27.81428 ] } },
{ "type": "Feature", "properties": { "ltg_lon": -80.62847, "ltg_lat": 27.80633, "idx": 275232, "polarity": -29460, "dttime_utc": "2026-05-12 00:01", "hrl": 32.45, "precip24h": 1.2126, "erc": 24.351469, "kbdi": 273.0, "relh_min": 52.163605, "relh_max": 96.2512, "lcc": null }, "geometry": { "type": "Point", "coordinates": [ -80.62847, 27.80633 ] } },
{ "type": "Feature", "properties": { "ltg_lon": -80.69995, "ltg_lat": 27.76863, "idx": 275236, "polarity": -18150, "dttime_utc": "2026-05-12 00:01", "hrl": 72.0, "precip24h": 1.7874, "erc": 24.7622, "kbdi": 310.0, "relh_min": 51.049732, "relh_max": 95.99447, "lcc": null }, "geometry": { "type": "Point", "coordinates": [ -80.69995, 27.76863 ] } },
{ "type": "Feature", "properties": { "ltg_lon": -80.66115, "ltg_lat": 27.81903, "idx": 275239, "polarity": -27561, "dttime_utc": "2026-05-12 00:01", "hrl": 15.14, "precip24h": 1.1142, "erc": 24.655455, "kbdi": 356.0, "relh_min": 49.909985, "relh_max": 95.68032, "lcc": null }, "geometry": { "type": "Point", "coordinates": [ -80.66115, 27.81903 ] } },
{ "type": "Feature", "properties": { "ltg_lon": -80.62752, "ltg_lat": 27.8096, "idx": 275240, "polarity": -34990, "dttime_utc": "2026-05-12 00:01", "hrl": 32.54, "precip24h": 1.2126, "erc": 24.349356, "kbdi": 273.0, "relh_min": 52.18516, "relh_max": 96.25549, "lcc": null }, "geometry": { "type": "Point", "coordinates": [ -80.62752, 27.8096 ] } },
{ "type": "Feature", "properties": { "ltg_lon": -80.6709, "ltg_lat": 27.81042, "idx": 275243, "polarity": 12448, "dttime_utc": "2026-05-12 00:01", "hrl": 57.71, "precip24h": 1.3346, "erc": 24.691359, "kbdi": 376.0, "relh_min": 51.43955, "relh_max": 96.0719, "lcc": null }, "geometry": { "type": "Point", "coordinates": [ -80.6709, 27.81042 ] } },
{ "type": "Feature", "properties": { "ltg_lon": -80.62996, "ltg_lat": 27.81595, "idx": 275244, "polarity": 9447, "dttime_utc": "2026-05-12 00:01", "hrl": 41.82, "precip24h": 1.2559, "erc": 24.383823, "kbdi": 298.0, "relh_min": 52.129845, "relh_max": 96.23934, "lcc": null }, "geometry": { "type": "Point", "coordinates": [ -80.62996, 27.81595 ] } },
{ "type": "Feature", "properties": { "ltg_lon": -80.635, "ltg_lat": 27.8189, "idx": 275268, "polarity": -27300, "dttime_utc": "2026-05-12 00:02", "hrl": 36.61, "precip24h": 1.2598, "erc": 24.43209, "kbdi": 314.0, "relh_min": 52.023552, "relh_max": 96.211624, "lcc": null }, "geometry": { "type": "Point", "coordinates": [ -80.635, 27.8189 ] } },
{ "type": "Feature", "properties": { "ltg_lon": -80.64103, "ltg_lat": 27.82566, "idx": 275257, "polarity": -35576, "dttime_utc": "2026-05-12 00:02", "hrl": 22.23, "precip24h": 1.1339, "erc": 24.497437, "kbdi": 351.0, "relh_min": 50.07506, "relh_max": 95.72031, "lcc": null }, "geometry": { "type": "Point", "coordinates": [ -80.64103, 27.82566 ] } },
{ "type": "Feature", "properties": { "ltg_lon": -80.61714, "ltg_lat": 27.81987, "idx": 275261, "polarity": -25797, "dttime_utc": "2026-05-12 00:02", "hrl": 30.75, "precip24h": 1.2087, "erc": 24.279766, "kbdi": 283.0, "relh_min": 52.412453, "relh_max": 96.309006, "lcc": 132.402 }, "geometry": { "type": "Point", "coordinates": [ -80.61714, 27.81987 ] } },
{ "type": "Feature", "properties": { "ltg_lon": -80.6321, "ltg_lat": 27.80148, "idx": 275260, "polarity": -25634, "dttime_utc": "2026-05-12 00:02", "hrl": 32.83, "precip24h": 1.2717, "erc": 24.373716, "kbdi": 289.0, "relh_min": 50.177364, "relh_max": 95.745514, "lcc": null }, "geometry": { "type": "Point", "coordinates": [ -80.6321, 27.80148 ] } },
{ "type": "Feature", "properties": { "ltg_lon": -80.61564, "ltg_lat": 27.8261, "idx": 275262, "polarity": -30197, "dttime_utc": "2026-05-12 00:02", "hrl": 20.06, "precip24h": 1.2795, "erc": 24.285208, "kbdi": 311.0, "relh_min": 52.42971, "relh_max": 96.310936, "lcc": null }, "geometry": { "type": "Point", "coordinates": [ -80.61564, 27.8261 ] } },
{ "type": "Feature", "properties": { "ltg_lon": -80.6374, "ltg_lat": 27.80164, "idx": 275274, "polarity": -30341, "dttime_utc": "2026-05-12 00:03", "hrl": 31.32, "precip24h": 1.2717, "erc": 24.414923, "kbdi": 289.0, "relh_min": 50.122948, "relh_max": 95.73209, "lcc": null }, "geometry": { "type": "Point", "coordinates": [ -80.6374, 27.80164 ] } },
{ "type": "Feature", "properties": { "ltg_lon": -80.63841, "ltg_lat": 27.81846, "idx": 275273, "polarity": -26217, "dttime_utc": "2026-05-12 00:03", "hrl": 25.45, "precip24h": 1.2598, "erc": 24.4572, "kbdi": 314.0, "relh_min": 50.108776, "relh_max": 95.72884, "lcc": null }, "geometry": { "type": "Point", "coordinates": [ -80.63841, 27.81846 ] } },
{ "type": "Feature", "properties": { "ltg_lon": -80.63446, "ltg_lat": 27.79271, "idx": 275280, "polarity": -16814, "dttime_utc": "2026-05-12 00:03", "hrl": 53.36, "precip24h": 1.3228, "erc": 24.3825, "kbdi": 262.0, "relh_min": 50.145256, "relh_max": 95.737045, "lcc": null }, "geometry": { "type": "Point", "coordinates": [ -80.63446, 27.79271 ] } },
{ "type": "Feature", "properties": { "ltg_lon": -80.64263, "ltg_lat": 27.79146, "idx": 275277, "polarity": 16567, "dttime_utc": "2026-05-12 00:03", "hrl": 50.8, "precip24h": 1.3622, "erc": 24.440374, "kbdi": 264.0, "relh_min": 51.86375, "relh_max": 96.18137, "lcc": null }, "geometry": { "type": "Point", "coordinates": [ -80.64263, 27.79146 ] } },
{ "type": "Feature", "properties": { "ltg_lon": -80.63852, "ltg_lat": 27.7769, "idx": 275292, "polarity": 18681, "dttime_utc": "2026-05-12 00:03", "hrl": 23.46, "precip24h": 1.374, "erc": 24.404753, "kbdi": 273.0, "relh_min": 50.08016, "relh_max": 95.71956, "lcc": null }, "geometry": { "type": "Point", "coordinates": [ -80.63852, 27.7769 ] } },
{ "type": "Feature", "properties": { "ltg_lon": -80.585, "ltg_lat": 27.82019, "idx": 275284, "polarity": -16509, "dttime_utc": "2026-05-12 00:03", "hrl": 28.95, "precip24h": 1.0354, "erc": 23.896486, "kbdi": 274.0, "relh_min": 53.3946, "relh_max": 96.559715, "lcc": null }, "geometry": { "type": "Point", "coordinates": [ -80.585, 27.82019 ] } },
{ "type": "Feature", "properties": { "ltg_lon": -80.62101, "ltg_lat": 27.86005, "idx": 275298, "polarity": -19111, "dttime_utc": "2026-05-12 00:03", "hrl": 14.57, "precip24h": 0.685, "erc": 24.413021, "kbdi": 381.0, "relh_min": 52.080074, "relh_max": 96.2049, "lcc": null }, "geometry": { "type": "Point", "coordinates": [ -80.62101, 27.86005 ] } },
{ "type": "Feature", "properties": { "ltg_lon": -80.58668, "ltg_lat": 27.84665, "idx": 275296, "polarity": -23101, "dttime_utc": "2026-05-12 00:03", "hrl": 18.64, "precip24h": 1.126, "erc": 24.07514, "kbdi": 333.0, "relh_min": 50.698395, "relh_max": 95.87726, "lcc": null }, "geometry": { "type": "Point", "coordinates": [ -80.58668, 27.84665 ] } },
{ "type": "Feature", "properties": { "ltg_lon": -80.61498, "ltg_lat": 27.83968, "idx": 275297, "polarity": 23706, "dttime_utc": "2026-05-12 00:03", "hrl": 22.42, "precip24h": 1.3268, "erc": 24.336088, "kbdi": 336.0, "relh_min": 52.371483, "relh_max": 96.290146, "lcc": null }, "geometry": { "type": "Point", "coordinates": [ -80.61498, 27.83968 ] } },
{ "type": "Feature", "properties": { "ltg_lon": -80.63488, "ltg_lat": 27.77274, "idx": 275299, "polarity": 21588, "dttime_utc": "2026-05-12 00:03", "hrl": 23.56, "precip24h": 1.374, "erc": 24.38068, "kbdi": 273.0, "relh_min": 51.92638, "relh_max": 96.20105, "lcc": null }, "geometry": { "type": "Point", "coordinates": [ -80.63488, 27.77274 ] } },
{ "type": "Feature", "properties": { "ltg_lon": -80.58037, "ltg_lat": 27.84131, "idx": 275304, "polarity": 18265, "dttime_utc": "2026-05-12 00:03", "hrl": 19.96, "precip24h": 1.126, "erc": 23.950216, "kbdi": 333.0, "relh_min": 50.8622, "relh_max": 95.91964, "lcc": null }, "geometry": { "type": "Point", "coordinates": [ -80.58037, 27.84131 ] } },
{ "type": "Feature", "properties": { "ltg_lon": -80.62388, "ltg_lat": 27.80514, "idx": 275311, "polarity": -35400, "dttime_utc": "2026-05-12 00:04", "hrl": 32.36, "precip24h": 1.2126, "erc": 24.310263, "kbdi": 273.0, "relh_min": 50.271282, "relh_max": 95.769035, "lcc": null }, "geometry": { "type": "Point", "coordinates": [ -80.62388, 27.80514 ] } },
{ "type": "Feature", "properties": { "ltg_lon": -80.84902, "ltg_lat": 27.75581, "idx": 275312, "polarity": 16121, "dttime_utc": "2026-05-12 00:04", "hrl": 22.14, "precip24h": 0.7677, "erc": 25.221153, "kbdi": 425.0, "relh_min": 49.125893, "relh_max": 95.52156, "lcc": null }, "geometry": { "type": "Point", "coordinates": [ -80.84902, 27.75581 ] } },
{ "type": "Feature", "properties": { "ltg_lon": -80.62212, "ltg_lat": 27.82122, "idx": 275317, "polarity": -27377, "dttime_utc": "2026-05-12 00:04", "hrl": 26.21, "precip24h": 1.2874, "erc": 24.330116, "kbdi": 325.0, "relh_min": 52.29193, "relh_max": 96.278046, "lcc": null }, "geometry": { "type": "Point", "coordinates": [ -80.62212, 27.82122 ] } },
{ "type": "Feature", "properties": { "ltg_lon": -80.60364, "ltg_lat": 27.82282, "idx": 275316, "polarity": -15941, "dttime_utc": "2026-05-12 00:04", "hrl": 34.91, "precip24h": 1.3189, "erc": 24.147966, "kbdi": 296.0, "relh_min": 50.536316, "relh_max": 95.8363, "lcc": null }, "geometry": { "type": "Point", "coordinates": [ -80.60364, 27.82282 ] } },
{ "type": "Feature", "properties": { "ltg_lon": -80.58, "ltg_lat": 27.82685, "idx": 275319, "polarity": -34798, "dttime_utc": "2026-05-12 00:04", "hrl": 29.42, "precip24h": 0.8819, "erc": 23.848394, "kbdi": 269.0, "relh_min": 53.54663, "relh_max": 96.59673, "lcc": null }, "geometry": { "type": "Point", "coordinates": [ -80.58, 27.82685 ] } },
{ "type": "Feature", "properties": { "ltg_lon": -80.65841, "ltg_lat": 27.80029, "idx": 275335, "polarity": -26077, "dttime_utc": "2026-05-12 00:05", "hrl": 29.71, "precip24h": 1.185, "erc": 24.598946, "kbdi": 303.0, "relh_min": 51.618393, "relh_max": 96.11876, "lcc": 385.207 }, "geometry": { "type": "Point", "coordinates": [ -80.65841, 27.80029 ] } },
{ "type": "Feature", "properties": { "ltg_lon": -80.64111, "ltg_lat": 27.8046, "idx": 275336, "polarity": -20248, "dttime_utc": "2026-05-12 00:05", "hrl": 43.33, "precip24h": 1.2362, "erc": 24.447144, "kbdi": 296.0, "relh_min": 50.08756, "relh_max": 95.7235, "lcc": null }, "geometry": { "type": "Point", "coordinates": [ -80.64111, 27.8046 ] } },
{ "type": "Feature", "properties": { "ltg_lon": -80.67071, "ltg_lat": 27.82165, "idx": 275337, "polarity": -15166, "dttime_utc": "2026-05-12 00:05", "hrl": 46.36, "precip24h": 1.311, "erc": 24.717558, "kbdi": 369.0, "relh_min": 49.837704, "relh_max": 95.662964, "lcc": null }, "geometry": { "type": "Point", "coordinates": [ -80.67071, 27.82165 ] } },
{ "type": "Feature", "properties": { "ltg_lon": -80.6005, "ltg_lat": 27.77816, "idx": 275358, "polarity": 19876, "dttime_utc": "2026-05-12 00:06", "hrl": 15.8, "precip24h": 1.126, "erc": 24.095272, "kbdi": 290.0, "relh_min": 52.702576, "relh_max": 96.3933, "lcc": null }, "geometry": { "type": "Point", "coordinates": [ -80.6005, 27.77816 ] } },
{ "type": "Feature", "properties": { "ltg_lon": -80.57675, "ltg_lat": 27.86671, "idx": 275365, "polarity": -33550, "dttime_utc": "2026-05-12 00:06", "hrl": 6.91, "precip24h": 0.4252, "erc": 24.149588, "kbdi": 367.0, "relh_min": 50.615425, "relh_max": 95.85451, "lcc": null }, "geometry": { "type": "Point", "coordinates": [ -80.57675, 27.86671 ] } },
{ "type": "Feature", "properties": { "ltg_lon": -80.57991, "ltg_lat": 27.86733, "idx": 275367, "polarity": -17178, "dttime_utc": "2026-05-12 00:06", "hrl": 6.81, "precip24h": 0.4252, "erc": 24.21761, "kbdi": 367.0, "relh_min": 50.597416, "relh_max": 95.849785, "lcc": null }, "geometry": { "type": "Point", "coordinates": [ -80.57991, 27.86733 ] } },
{ "type": "Feature", "properties": { "ltg_lon": -80.94743, "ltg_lat": 27.74271, "idx": 275370, "polarity": -14244, "dttime_utc": "2026-05-12 00:06", "hrl": 35.95, "precip24h": 0.9409, "erc": 25.3242, "kbdi": 363.0, "relh_min": 48.89213, "relh_max": 95.49456, "lcc": null }, "geometry": { "type": "Point", "coordinates": [ -80.94743, 27.74271 ] } },
{ "type": "Feature", "properties": { "ltg_lon": -80.61825, "ltg_lat": 27.78041, "idx": 275371, "polarity": 15933, "dttime_utc": "2026-05-12 00:06", "hrl": 41.53, "precip24h": 1.122, "erc": 24.252596, "kbdi": 281.0, "relh_min": 50.295517, "relh_max": 95.77291, "lcc": null }, "geometry": { "type": "Point", "coordinates": [ -80.61825, 27.78041 ] } },
{ "type": "Feature", "properties": { "ltg_lon": -80.60883, "ltg_lat": 27.81083, "idx": 275374, "polarity": -28065, "dttime_utc": "2026-05-12 00:06", "hrl": 43.71, "precip24h": 1.1063, "erc": 24.174074, "kbdi": 276.0, "relh_min": 50.47135, "relh_max": 95.81957, "lcc": null }, "geometry": { "type": "Point", "coordinates": [ -80.60883, 27.81083 ] } },
{ "type": "Feature", "properties": { "ltg_lon": -80.6514, "ltg_lat": 27.78667, "idx": 275390, "polarity": 15625, "dttime_utc": "2026-05-12 00:06", "hrl": 36.99, "precip24h": 1.5236, "erc": 24.493563, "kbdi": 264.0, "relh_min": 47.460957, "relh_max": 97.5023, "lcc": null }, "geometry": { "type": "Point", "coordinates": [ -80.6514, 27.78667 ] } },
{ "type": "Feature", "properties": { "ltg_lon": -80.57346, "ltg_lat": 27.82828, "idx": 275388, "polarity": -22694, "dttime_utc": "2026-05-12 00:06", "hrl": 29.52, "precip24h": 0.8819, "erc": 23.748451, "kbdi": 269.0, "relh_min": 47.445965, "relh_max": 97.50188, "lcc": null }, "geometry": { "type": "Point", "coordinates": [ -80.57346, 27.82828 ] } },
{ "type": "Feature", "properties": { "ltg_lon": -80.56127, "ltg_lat": 27.83091, "idx": 275389, "polarity": -33224, "dttime_utc": "2026-05-12 00:06", "hrl": 18.92, "precip24h": 1.0039, "erc": 23.536564, "kbdi": 302.0, "relh_min": 51.464832, "relh_max": 96.07504, "lcc": null }, "geometry": { "type": "Point", "coordinates": [ -80.56127, 27.83091 ] } },
{ "type": "Feature", "properties": { "ltg_lon": -80.55887, "ltg_lat": 27.81364, "idx": 275391, "polarity": -26381, "dttime_utc": "2026-05-12 00:06", "hrl": 16.84, "precip24h": 0.8583, "erc": 23.383615, "kbdi": 266.0, "relh_min": 47.446697, "relh_max": 97.50208, "lcc": null }, "geometry": { "type": "Point", "coordinates": [ -80.55887, 27.81364 ] } },
{ "type": "Feature", "properties": { "ltg_lon": -80.57475, "ltg_lat": 27.80975, "idx": 275398, "polarity": -16513, "dttime_utc": "2026-05-12 00:06", "hrl": 22.04, "precip24h": 0.815, "erc": 23.705763, "kbdi": 267.0, "relh_min": 47.449005, "relh_max": 97.502106, "lcc": null }, "geometry": { "type": "Point", "coordinates": [ -80.57475, 27.80975 ] } },
{ "type": "Feature", "properties": { "ltg_lon": -80.63685, "ltg_lat": 27.8009, "idx": 275399, "polarity": -24307, "dttime_utc": "2026-05-12 00:07", "hrl": 31.22, "precip24h": 1.2717, "erc": 24.409706, "kbdi": 289.0, "relh_min": 47.457146, "relh_max": 97.50213, "lcc": null }, "geometry": { "type": "Point", "coordinates": [ -80.63685, 27.8009 ] } },
{ "type": "Feature", "properties": { "ltg_lon": -80.64717, "ltg_lat": 27.8141, "idx": 275414, "polarity": -32328, "dttime_utc": "2026-05-12 00:07", "hrl": 23.18, "precip24h": 1.189, "erc": 24.509758, "kbdi": 321.0, "relh_min": 51.80409, "relh_max": 96.1591, "lcc": null }, "geometry": { "type": "Point", "coordinates": [ -80.64717, 27.8141 ] } },
{ "type": "Feature", "properties": { "ltg_lon": -80.8433, "ltg_lat": 27.76635, "idx": 275416, "polarity": -15999, "dttime_utc": "2026-05-12 00:07", "hrl": 17.79, "precip24h": 1.1575, "erc": 25.11921, "kbdi": 456.0, "relh_min": 47.486378, "relh_max": 97.50257, "lcc": null }, "geometry": { "type": "Point", "coordinates": [ -80.8433, 27.76635 ] } },
{ "type": "Feature", "properties": { "ltg_lon": -80.69878, "ltg_lat": 27.82146, "idx": 275429, "polarity": -24119, "dttime_utc": "2026-05-12 00:07", "hrl": 76.92, "precip24h": 1.5433, "erc": 24.9323, "kbdi": 387.0, "relh_min": 47.46093, "relh_max": 97.50179, "lcc": null }, "geometry": { "type": "Point", "coordinates": [ -80.69878, 27.82146 ] } },
{ "type": "Feature", "properties": { "ltg_lon": -80.69516, "ltg_lat": 27.83248, "idx": 275434, "polarity": -10926, "dttime_utc": "2026-05-12 00:07", "hrl": 64.24, "precip24h": 1.3465, "erc": 24.836695, "kbdi": 409.0, "relh_min": 51.117348, "relh_max": 95.98559, "lcc": null }, "geometry": { "type": "Point", "coordinates": [ -80.69516, 27.83248 ] } },
{ "type": "Feature", "properties": { "ltg_lon": -80.62623, "ltg_lat": 27.7975, "idx": 275435, "polarity": -29147, "dttime_utc": "2026-05-12 00:07", "hrl": 39.55, "precip24h": 1.2559, "erc": 24.321272, "kbdi": 259.0, "relh_min": 47.4565, "relh_max": 97.50218, "lcc": null }, "geometry": { "type": "Point", "coordinates": [ -80.62623, 27.7975 ] } },
{ "type": "Feature", "properties": { "ltg_lon": -80.63029, "ltg_lat": 27.81952, "idx": 275437, "polarity": -17791, "dttime_utc": "2026-05-12 00:07", "hrl": 37.56, "precip24h": 1.2598, "erc": 24.395868, "kbdi": 314.0, "relh_min": 47.45353, "relh_max": 97.50189, "lcc": null }, "geometry": { "type": "Point", "coordinates": [ -80.63029, 27.81952 ] } },
{ "type": "Feature", "properties": { "ltg_lon": -80.60566, "ltg_lat": 27.80703, "idx": 275445, "polarity": -42399, "dttime_utc": "2026-05-12 00:07", "hrl": 51.37, "precip24h": 0.9449, "erc": 24.133747, "kbdi": 264.0, "relh_min": 52.72465, "relh_max": 96.39244, "lcc": null }, "geometry": { "type": "Point", "coordinates": [ -80.60566, 27.80703 ] } },
{ "type": "Feature", "properties": { "ltg_lon": -80.65098, "ltg_lat": 27.79177, "idx": 275456, "polarity": -23760, "dttime_utc": "2026-05-12 00:08", "hrl": 42.38, "precip24h": 1.4016, "erc": 24.496317, "kbdi": 263.0, "relh_min": 51.723324, "relh_max": 96.14694, "lcc": null }, "geometry": { "type": "Point", "coordinates": [ -80.65098, 27.79177 ] } },
{ "type": "Feature", "properties": { "ltg_lon": -80.63558, "ltg_lat": 27.81261, "idx": 275457, "polarity": -25525, "dttime_utc": "2026-05-12 00:08", "hrl": 36.42, "precip24h": 1.2598, "erc": 24.421196, "kbdi": 314.0, "relh_min": 52.01867, "relh_max": 96.21284, "lcc": null }, "geometry": { "type": "Point", "coordinates": [ -80.63558, 27.81261 ] } },
{ "type": "Feature", "properties": { "ltg_lon": -80.63084, "ltg_lat": 27.81276, "idx": 275448, "polarity": -27170, "dttime_utc": "2026-05-12 00:08", "hrl": 37.65, "precip24h": 1.2598, "erc": 24.383625, "kbdi": 314.0, "relh_min": 52.114212, "relh_max": 96.23662, "lcc": null }, "geometry": { "type": "Point", "coordinates": [ -80.63084, 27.81276 ] } },
{ "type": "Feature", "properties": { "ltg_lon": -80.57985, "ltg_lat": 27.80864, "idx": 275451, "polarity": -14758, "dttime_utc": "2026-05-12 00:08", "hrl": 31.13, "precip24h": 0.815, "erc": 23.791136, "kbdi": 267.0, "relh_min": 53.622246, "relh_max": 96.62144, "lcc": null }, "geometry": { "type": "Point", "coordinates": [ -80.57985, 27.80864 ] } },
{ "type": "Feature", "properties": { "ltg_lon": -80.64474, "ltg_lat": 27.79078, "idx": 275463, "polarity": -29587, "dttime_utc": "2026-05-12 00:08", "hrl": 49.67, "precip24h": 1.3622, "erc": 24.454147, "kbdi": 264.0, "relh_min": 47.459583, "relh_max": 97.50225, "lcc": null }, "geometry": { "type": "Point", "coordinates": [ -80.64474, 27.79078 ] } },
{ "type": "Feature", "properties": { "ltg_lon": -80.64945, "ltg_lat": 27.78679, "idx": 275466, "polarity": -33788, "dttime_utc": "2026-05-12 00:08", "hrl": 41.63, "precip24h": 1.4134, "erc": 24.48134, "kbdi": 270.0, "relh_min": 51.73628, "relh_max": 96.151474, "lcc": null }, "geometry": { "type": "Point", "coordinates": [ -80.64945, 27.78679 ] } },
{ "type": "Feature", "properties": { "ltg_lon": -80.64221, "ltg_lat": 27.78688, "idx": 275467, "polarity": -27873, "dttime_utc": "2026-05-12 00:08", "hrl": 42.29, "precip24h": 1.4134, "erc": 24.43365, "kbdi": 270.0, "relh_min": 51.85825, "relh_max": 96.181244, "lcc": null }, "geometry": { "type": "Point", "coordinates": [ -80.64221, 27.78688 ] } },
{ "type": "Feature", "properties": { "ltg_lon": -80.51073, "ltg_lat": 27.77861, "idx": 275468, "polarity": 25219, "dttime_utc": "2026-05-12 00:08", "hrl": 64.33, "precip24h": 1.5236, "erc": 22.698477, "kbdi": 363.0, "relh_min": 47.44709, "relh_max": 97.5026, "lcc": null }, "geometry": { "type": "Point", "coordinates": [ -80.51073, 27.77861 ] } },
{ "type": "Feature", "properties": { "ltg_lon": -80.59686, "ltg_lat": 27.80539, "idx": 275479, "polarity": -31737, "dttime_utc": "2026-05-12 00:08", "hrl": 25.35, "precip24h": 0.8465, "erc": 24.029253, "kbdi": 271.0, "relh_min": 47.45207, "relh_max": 97.50212, "lcc": null }, "geometry": { "type": "Point", "coordinates": [ -80.59686, 27.80539 ] } },
{ "type": "Feature", "properties": { "ltg_lon": -80.60418, "ltg_lat": 27.79406, "idx": 275482, "polarity": -16830, "dttime_utc": "2026-05-12 00:08", "hrl": 45.22, "precip24h": 0.8858, "erc": 24.11177, "kbdi": 271.0, "relh_min": 47.45462, "relh_max": 97.50226, "lcc": null }, "geometry": { "type": "Point", "coordinates": [ -80.60418, 27.79406 ] } },
{ "type": "Feature", "properties": { "ltg_lon": -80.65551, "ltg_lat": 27.79197, "idx": 275483, "polarity": 15606, "dttime_utc": "2026-05-12 00:08", "hrl": 52.98, "precip24h": 1.4016, "erc": 24.569023, "kbdi": 263.0, "relh_min": 51.651836, "relh_max": 96.12951, "lcc": null }, "geometry": { "type": "Point", "coordinates": [ -80.65551, 27.79197 ] } },
{ "type": "Feature", "properties": { "ltg_lon": -80.6027, "ltg_lat": 27.8558, "idx": 275486, "polarity": -21565, "dttime_utc": "2026-05-12 00:09", "hrl": 37.18, "precip24h": 0.8465, "erc": 24.315403, "kbdi": 353.0, "relh_min": 47.444782, "relh_max": 97.501465, "lcc": null }, "geometry": { "type": "Point", "coordinates": [ -80.6027, 27.8558 ] } },
{ "type": "Feature", "properties": { "ltg_lon": -80.60663, "ltg_lat": 27.84727, "idx": 275488, "polarity": -24067, "dttime_utc": "2026-05-12 00:09", "hrl": 26.58, "precip24h": 1.2008, "erc": 24.29769, "kbdi": 343.0, "relh_min": 52.506462, "relh_max": 96.320885, "lcc": null }, "geometry": { "type": "Point", "coordinates": [ -80.60663, 27.84727 ] } },
{ "type": "Feature", "properties": { "ltg_lon": -80.61003, "ltg_lat": 27.75612, "idx": 275490, "polarity": 8132, "dttime_utc": "2026-05-12 00:09", "hrl": 63.01, "precip24h": 1.4764, "erc": 24.229597, "kbdi": 257.0, "relh_min": 52.253746, "relh_max": 96.28366, "lcc": null }, "geometry": { "type": "Point", "coordinates": [ -80.61003, 27.75612 ] } },
{ "type": "Feature", "properties": { "ltg_lon": -80.61068, "ltg_lat": 27.81482, "idx": 275492, "polarity": -28320, "dttime_utc": "2026-05-12 00:09", "hrl": 31.88, "precip24h": 1.2087, "erc": 24.201899, "kbdi": 283.0, "relh_min": 52.585957, "relh_max": 96.354774, "lcc": null }, "geometry": { "type": "Point", "coordinates": [ -80.61068, 27.81482 ] } },
{ "type": "Feature", "properties": { "ltg_lon": -80.62345, "ltg_lat": 27.80871, "idx": 275493, "polarity": -35606, "dttime_utc": "2026-05-12 00:09", "hrl": 25.17, "precip24h": 1.2126, "erc": 24.312353, "kbdi": 273.0, "relh_min": 52.274822, "relh_max": 96.278275, "lcc": null }, "geometry": { "type": "Point", "coordinates": [ -80.62345, 27.80871 ] } },
{ "type": "Feature", "properties": { "ltg_lon": -80.6166, "ltg_lat": 27.81389, "idx": 275494, "polarity": -25719, "dttime_utc": "2026-05-12 00:09", "hrl": 42.95, "precip24h": 1.2087, "erc": 24.25925, "kbdi": 283.0, "relh_min": 52.435257, "relh_max": 96.31694, "lcc": null }, "geometry": { "type": "Point", "coordinates": [ -80.6166, 27.81389 ] } },
{ "type": "Feature", "properties": { "ltg_lon": -80.58604, "ltg_lat": 27.76475, "idx": 275495, "polarity": 15463, "dttime_utc": "2026-05-12 00:09", "hrl": 63.86, "precip24h": 1.374, "erc": 24.001478, "kbdi": 274.0, "relh_min": 47.457165, "relh_max": 97.50265, "lcc": null }, "geometry": { "type": "Point", "coordinates": [ -80.58604, 27.76475 ] } },
{ "type": "Feature", "properties": { "ltg_lon": -80.67559, "ltg_lat": 27.79402, "idx": 275496, "polarity": 14062, "dttime_utc": "2026-05-12 00:09", "hrl": 64.9, "precip24h": 1.6929, "erc": 24.68542, "kbdi": 308.0, "relh_min": 47.462536, "relh_max": 97.502174, "lcc": null }, "geometry": { "type": "Point", "coordinates": [ -80.67559, 27.79402 ] } },
{ "type": "Feature", "properties": { "ltg_lon": -80.64517, "ltg_lat": 27.77742, "idx": 275500, "polarity": -38018, "dttime_utc": "2026-05-12 00:09", "hrl": 39.07, "precip24h": 1.3898, "erc": 24.448204, "kbdi": 273.0, "relh_min": 47.46168, "relh_max": 97.50242, "lcc": null }, "geometry": { "type": "Point", "coordinates": [ -80.64517, 27.77742 ] } },
{ "type": "Feature", "properties": { "ltg_lon": -80.60805, "ltg_lat": 27.80548, "idx": 275502, "polarity": -34981, "dttime_utc": "2026-05-12 00:09", "hrl": 38.41, "precip24h": 0.9449, "erc": 24.157732, "kbdi": 264.0, "relh_min": 47.453274, "relh_max": 97.502106, "lcc": 201.803 }, "geometry": { "type": "Point", "coordinates": [ -80.60805, 27.80548 ] } },
{ "type": "Feature", "properties": { "ltg_lon": -80.58631, "ltg_lat": 27.82916, "idx": 275510, "polarity": -21804, "dttime_utc": "2026-05-12 00:09", "hrl": 38.03, "precip24h": 1.0354, "erc": 23.954597, "kbdi": 274.0, "relh_min": 53.28416, "relh_max": 96.52833, "lcc": null }, "geometry": { "type": "Point", "coordinates": [ -80.58631, 27.82916 ] } },
{ "type": "Feature", "properties": { "ltg_lon": -80.75893, "ltg_lat": 27.66705, "idx": 275517, "polarity": -23415, "dttime_utc": "2026-05-12 00:10", "hrl": 47.3, "precip24h": 1.4961, "erc": 25.072096, "kbdi": 319.0, "relh_min": 50.409992, "relh_max": 95.88141, "lcc": null }, "geometry": { "type": "Point", "coordinates": [ -80.75893, 27.66705 ] } },
{ "type": "Feature", "properties": { "ltg_lon": -80.8717, "ltg_lat": 27.81743, "idx": 275520, "polarity": -18377, "dttime_utc": "2026-05-12 00:10", "hrl": 24.22, "precip24h": 0.8228, "erc": 25.345957, "kbdi": 397.0, "relh_min": 47.48217, "relh_max": 97.50187, "lcc": null }, "geometry": { "type": "Point", "coordinates": [ -80.8717, 27.81743 ] } },
{ "type": "Feature", "properties": { "ltg_lon": -80.59549, "ltg_lat": 27.85817, "idx": 275522, "polarity": -30083, "dttime_utc": "2026-05-12 00:10", "hrl": 14.76, "precip24h": 0.8504, "erc": 24.26305, "kbdi": 343.0, "relh_min": 47.443615, "relh_max": 97.50145, "lcc": null }, "geometry": { "type": "Point", "coordinates": [ -80.59549, 27.85817 ] } },
{ "type": "Feature", "properties": { "ltg_lon": -80.56621, "ltg_lat": 27.86415, "idx": 275523, "polarity": -19904, "dttime_utc": "2026-05-12 00:10", "hrl": 9.08, "precip24h": 0.4055, "erc": 24.003077, "kbdi": 378.0, "relh_min": 47.439495, "relh_max": 97.501434, "lcc": null }, "geometry": { "type": "Point", "coordinates": [ -80.56621, 27.86415 ] } },
{ "type": "Feature", "properties": { "ltg_lon": -80.55286, "ltg_lat": 27.82058, "idx": 275525, "polarity": -22164, "dttime_utc": "2026-05-12 00:10", "hrl": 19.68, "precip24h": 1.0591, "erc": 23.257929, "kbdi": 272.0, "relh_min": 47.444973, "relh_max": 97.502014, "lcc": null }, "geometry": { "type": "Point", "coordinates": [ -80.55286, 27.82058 ] } },
{ "type": "Feature", "properties": { "ltg_lon": -80.33611, "ltg_lat": 26.96379, "idx": 275539, "polarity": -19187, "dttime_utc": "2026-05-12 00:10", "hrl": 38.22, "precip24h": 0.7205, "erc": 23.64696, "kbdi": 425.0, "relh_min": 47.537502, "relh_max": 97.51009, "lcc": null }, "geometry": { "type": "Point", "coordinates": [ -80.33611, 26.96379 ] } },
{ "type": "Feature", "properties": { "ltg_lon": -80.37503, "ltg_lat": 26.94208, "idx": 275537, "polarity": -21643, "dttime_utc": "2026-05-12 00:10", "hrl": 62.72, "precip24h": 0.7402, "erc": 23.703423, "kbdi": 505.0, "relh_min": 47.54337, "relh_max": 97.51029, "lcc": null }, "geometry": { "type": "Point", "coordinates": [ -80.37503, 26.94208 ] } },
{ "type": "Feature", "properties": { "ltg_lon": -80.6001, "ltg_lat": 27.79048, "idx": 275534, "polarity": -39418, "dttime_utc": "2026-05-12 00:10", "hrl": 43.61, "precip24h": 0.8858, "erc": 24.070171, "kbdi": 271.0, "relh_min": 52.81853, "relh_max": 96.420395, "lcc": null }, "geometry": { "type": "Point", "coordinates": [ -80.6001, 27.79048 ] } },
{ "type": "Feature", "properties": { "ltg_lon": -80.60795, "ltg_lat": 27.79064, "idx": 275535, "polarity": -28989, "dttime_utc": "2026-05-12 00:10", "hrl": 45.13, "precip24h": 0.8858, "erc": 24.152184, "kbdi": 271.0, "relh_min": 52.60409, "relh_max": 96.36616, "lcc": null }, "geometry": { "type": "Point", "coordinates": [ -80.60795, 27.79064 ] } },
{ "type": "Feature", "properties": { "ltg_lon": -80.62723, "ltg_lat": 27.81162, "idx": 275550, "polarity": -17469, "dttime_utc": "2026-05-12 00:11", "hrl": 41.72, "precip24h": 1.2559, "erc": 24.350956, "kbdi": 298.0, "relh_min": 52.19115, "relh_max": 96.25629, "lcc": null }, "geometry": { "type": "Point", "coordinates": [ -80.62723, 27.81162 ] } },
{ "type": "Feature", "properties": { "ltg_lon": -80.60217, "ltg_lat": 27.81675, "idx": 275553, "polarity": -14843, "dttime_utc": "2026-05-12 00:11", "hrl": 31.98, "precip24h": 1.1063, "erc": 24.112787, "kbdi": 276.0, "relh_min": 52.822945, "relh_max": 96.414406, "lcc": null }, "geometry": { "type": "Point", "coordinates": [ -80.60217, 27.81675 ] } },
{ "type": "Feature", "properties": { "ltg_lon": -80.60509, "ltg_lat": 27.81375, "idx": 275551, "polarity": -17443, "dttime_utc": "2026-05-12 00:11", "hrl": 31.69, "precip24h": 1.1063, "erc": 24.13905, "kbdi": 276.0, "relh_min": 52.74177, "relh_max": 96.39472, "lcc": null }, "geometry": { "type": "Point", "coordinates": [ -80.60509, 27.81375 ] } },
{ "type": "Feature", "properties": { "ltg_lon": -80.64638, "ltg_lat": 27.77849, "idx": 275559, "polarity": -26809, "dttime_utc": "2026-05-12 00:11", "hrl": 38.98, "precip24h": 1.3898, "erc": 24.45628, "kbdi": 273.0, "relh_min": 51.759056, "relh_max": 96.15905, "lcc": null }, "geometry": { "type": "Point", "coordinates": [ -80.64638, 27.77849 ] } },
{ "type": "Feature", "properties": { "ltg_lon": -80.62734, "ltg_lat": 27.76705, "idx": 275558, "polarity": -35902, "dttime_utc": "2026-05-12 00:11", "hrl": 46.93, "precip24h": 1.3583, "erc": 24.332598, "kbdi": 276.0, "relh_min": 52.025692, "relh_max": 96.22633, "lcc": null }, "geometry": { "type": "Point", "coordinates": [ -80.62734, 27.76705 ] } },
{ "type": "Feature", "properties": { "ltg_lon": -80.57765, "ltg_lat": 27.80438, "idx": 275560, "polarity": -28414, "dttime_utc": "2026-05-12 00:11", "hrl": 21.95, "precip24h": 0.815, "erc": 23.75452, "kbdi": 267.0, "relh_min": 47.450153, "relh_max": 97.50217, "lcc": null }, "geometry": { "type": "Point", "coordinates": [ -80.57765, 27.80438 ] } },
{ "type": "Feature", "properties": { "ltg_lon": -80.6069, "ltg_lat": 27.80737, "idx": 275561, "polarity": -11288, "dttime_utc": "2026-05-12 00:11", "hrl": 20.44, "precip24h": 0.9449, "erc": 24.147764, "kbdi": 264.0, "relh_min": 47.452854, "relh_max": 97.50208, "lcc": null }, "geometry": { "type": "Point", "coordinates": [ -80.6069, 27.80737 ] } },
{ "type": "Feature", "properties": { "ltg_lon": -80.67794, "ltg_lat": 27.79577, "idx": 275573, "polarity": 22046, "dttime_utc": "2026-05-12 00:11", "hrl": 64.81, "precip24h": 1.6929, "erc": 24.700478, "kbdi": 308.0, "relh_min": 47.462532, "relh_max": 97.50215, "lcc": null }, "geometry": { "type": "Point", "coordinates": [ -80.67794, 27.79577 ] } },
{ "type": "Feature", "properties": { "ltg_lon": -80.65797, "ltg_lat": 27.80715, "idx": 275577, "polarity": 15694, "dttime_utc": "2026-05-12 00:11", "hrl": 28.67, "precip24h": 1.185, "erc": 24.60883, "kbdi": 303.0, "relh_min": 47.45853, "relh_max": 97.50202, "lcc": null }, "geometry": { "type": "Point", "coordinates": [ -80.65797, 27.80715 ] } },
{ "type": "Feature", "properties": { "ltg_lon": -80.60752, "ltg_lat": 27.78544, "idx": 275580, "polarity": -33036, "dttime_utc": "2026-05-12 00:12", "hrl": 37.37, "precip24h": 0.9685, "erc": 24.151974, "kbdi": 291.0, "relh_min": 47.456314, "relh_max": 97.50236, "lcc": null }, "geometry": { "type": "Point", "coordinates": [ -80.60752, 27.78544 ] } },
{ "type": "Feature", "properties": { "ltg_lon": -80.57221, "ltg_lat": 27.81207, "idx": 275586, "polarity": -25637, "dttime_utc": "2026-05-12 00:12", "hrl": 17.6, "precip24h": 0.8071, "erc": 23.66237, "kbdi": 277.0, "relh_min": 47.448368, "relh_max": 97.50208, "lcc": null }, "geometry": { "type": "Point", "coordinates": [ -80.57221, 27.81207 ] } },
{ "type": "Feature", "properties": { "ltg_lon": -80.61459, "ltg_lat": 27.79739, "idx": 275592, "polarity": -28326, "dttime_utc": "2026-05-12 00:12", "hrl": 49.01, "precip24h": 1.0906, "erc": 24.217167, "kbdi": 265.0, "relh_min": 47.455242, "relh_max": 97.5022, "lcc": null }, "geometry": { "type": "Point", "coordinates": [ -80.61459, 27.79739 ] } },
{ "type": "Feature", "properties": { "ltg_lon": -80.61803, "ltg_lat": 27.79305, "idx": 275593, "polarity": -25038, "dttime_utc": "2026-05-12 00:12", "hrl": 17.88, "precip24h": 1.0906, "erc": 24.24745, "kbdi": 265.0, "relh_min": 52.366962, "relh_max": 96.305954, "lcc": null }, "geometry": { "type": "Point", "coordinates": [ -80.61803, 27.79305 ] } },
{ "type": "Feature", "properties": { "ltg_lon": -80.60386, "ltg_lat": 27.81132, "idx": 275600, "polarity": -22405, "dttime_utc": "2026-05-12 00:12", "hrl": 24.6, "precip24h": 1.1063, "erc": 24.120281, "kbdi": 276.0, "relh_min": 47.45191, "relh_max": 97.50204, "lcc": null }, "geometry": { "type": "Point", "coordinates": [ -80.60386, 27.81132 ] } },
{ "type": "Feature", "properties": { "ltg_lon": -80.60758, "ltg_lat": 27.80124, "idx": 275602, "polarity": -9389, "dttime_utc": "2026-05-12 00:12", "hrl": 51.47, "precip24h": 0.9449, "erc": 24.148918, "kbdi": 264.0, "relh_min": 52.65936, "relh_max": 96.37752, "lcc": null }, "geometry": { "type": "Point", "coordinates": [ -80.60758, 27.80124 ] } },
{ "type": "Feature", "properties": { "ltg_lon": -80.59646, "ltg_lat": 27.80749, "idx": 275605, "polarity": -14442, "dttime_utc": "2026-05-12 00:12", "hrl": 19.3, "precip24h": 0.8465, "erc": 24.026266, "kbdi": 271.0, "relh_min": 47.4517, "relh_max": 97.5021, "lcc": null }, "geometry": { "type": "Point", "coordinates": [ -80.59646, 27.80749 ] } },
{ "type": "Feature", "properties": { "ltg_lon": -80.56441, "ltg_lat": 27.81127, "idx": 275634, "polarity": -22552, "dttime_utc": "2026-05-12 00:12", "hrl": 12.77, "precip24h": 0.7323, "erc": 23.505896, "kbdi": 271.0, "relh_min": 47.44766, "relh_max": 97.502106, "lcc": null }, "geometry": { "type": "Point", "coordinates": [ -80.56441, 27.81127 ] } },
{ "type": "Feature", "properties": { "ltg_lon": -80.54991, "ltg_lat": 27.86077, "idx": 275619, "polarity": -15179, "dttime_utc": "2026-05-12 00:13", "hrl": 12.11, "precip24h": 0.3543, "erc": 23.746937, "kbdi": 345.0, "relh_min": 53.945335, "relh_max": 96.688324, "lcc": null }, "geometry": { "type": "Point", "coordinates": [ -80.54991, 27.86077 ] } },
{ "type": "Feature", "properties": { "ltg_lon": -80.58052, "ltg_lat": 27.85239, "idx": 275618, "polarity": -16311, "dttime_utc": "2026-05-12 00:13", "hrl": 14.95, "precip24h": 0.7835, "erc": 24.048168, "kbdi": 335.0, "relh_min": 47.442913, "relh_max": 97.50156, "lcc": null }, "geometry": { "type": "Point", "coordinates": [ -80.58052, 27.85239 ] } },
{ "type": "Feature", "properties": { "ltg_lon": -80.53648, "ltg_lat": 27.88291, "idx": 275616, "polarity": -19652, "dttime_utc": "2026-05-12 00:13", "hrl": 27.44, "precip24h": 0.1181, "erc": 23.881384, "kbdi": 347.0, "relh_min": 47.43331, "relh_max": 97.50127, "lcc": null }, "geometry": { "type": "Point", "coordinates": [ -80.53648, 27.88291 ] } },
{ "type": "Feature", "properties": { "ltg_lon": -80.63549, "ltg_lat": 27.80163, "idx": 275633, "polarity": -24548, "dttime_utc": "2026-05-12 00:13", "hrl": 31.41, "precip24h": 1.2717, "erc": 24.400398, "kbdi": 289.0, "relh_min": 52.01596, "relh_max": 96.215935, "lcc": null }, "geometry": { "type": "Point", "coordinates": [ -80.63549, 27.80163 ] } },
{ "type": "Feature", "properties": { "ltg_lon": -80.64065, "ltg_lat": 27.76755, "idx": 275637, "polarity": -20565, "dttime_utc": "2026-05-12 00:13", "hrl": 52.03, "precip24h": 1.4252, "erc": 24.419226, "kbdi": 275.0, "relh_min": 47.46269, "relh_max": 97.50255, "lcc": null }, "geometry": { "type": "Point", "coordinates": [ -80.64065, 27.76755 ] } },
{ "type": "Feature", "properties": { "ltg_lon": -80.59851, "ltg_lat": 27.80085, "idx": 275638, "polarity": -22461, "dttime_utc": "2026-05-12 00:13", "hrl": 19.39, "precip24h": 0.8465, "erc": 24.047096, "kbdi": 271.0, "relh_min": 52.922207, "relh_max": 96.444336, "lcc": null }, "geometry": { "type": "Point", "coordinates": [ -80.59851, 27.80085 ] } },
{ "type": "Feature", "properties": { "ltg_lon": -80.64244, "ltg_lat": 27.77529, "idx": 275646, "polarity": -22560, "dttime_utc": "2026-05-12 00:13", "hrl": 38.88, "precip24h": 1.3898, "erc": 24.430252, "kbdi": 273.0, "relh_min": 51.8103, "relh_max": 96.1722, "lcc": null }, "geometry": { "type": "Point", "coordinates": [ -80.64244, 27.77529 ] } },
{ "type": "Feature", "properties": { "ltg_lon": -80.64229, "ltg_lat": 27.7918, "idx": 275647, "polarity": 17361, "dttime_utc": "2026-05-12 00:13", "hrl": 50.71, "precip24h": 1.3622, "erc": 24.438347, "kbdi": 264.0, "relh_min": 47.459156, "relh_max": 97.502235, "lcc": null }, "geometry": { "type": "Point", "coordinates": [ -80.64229, 27.7918 ] } },
{ "type": "Feature", "properties": { "ltg_lon": -80.59035, "ltg_lat": 27.77199, "idx": 275659, "polarity": -31327, "dttime_utc": "2026-05-12 00:14", "hrl": 38.13, "precip24h": 1.0039, "erc": 24.012257, "kbdi": 297.0, "relh_min": 47.45652, "relh_max": 97.50255, "lcc": null }, "geometry": { "type": "Point", "coordinates": [ -80.59035, 27.77199 ] } },
{ "type": "Feature", "properties": { "ltg_lon": -80.59767, "ltg_lat": 27.78515, "idx": 275668, "polarity": -15626, "dttime_utc": "2026-05-12 00:14", "hrl": 30.27, "precip24h": 0.815, "erc": 24.051495, "kbdi": 300.0, "relh_min": 52.846405, "relh_max": 96.428474, "lcc": null }, "geometry": { "type": "Point", "coordinates": [ -80.59767, 27.78515 ] } },
{ "type": "Feature", "properties": { "ltg_lon": -80.63642, "ltg_lat": 27.60145, "idx": 275671, "polarity": -61663, "dttime_utc": "2026-05-12 00:14", "hrl": 66.98, "precip24h": 2.0394, "erc": 24.717505, "kbdi": 363.0, "relh_min": 50.775513, "relh_max": 95.92956, "lcc": null }, "geometry": { "type": "Point", "coordinates": [ -80.63642, 27.60145 ] } },
{ "type": "Feature", "properties": { "ltg_lon": -80.63352, "ltg_lat": 27.61072, "idx": 275672, "polarity": -26420, "dttime_utc": "2026-05-12 00:14", "hrl": 72.28, "precip24h": 2.1181, "erc": 24.718884, "kbdi": 366.0, "relh_min": 50.828106, "relh_max": 95.94097, "lcc": null }, "geometry": { "type": "Point", "coordinates": [ -80.63352, 27.61072 ] } },
{ "type": "Feature", "properties": { "ltg_lon": -80.6714, "ltg_lat": 27.6277, "idx": 275673, "polarity": 8433, "dttime_utc": "2026-05-12 00:14", "hrl": 71.43, "precip24h": 1.6693, "erc": 24.805578, "kbdi": 357.0, "relh_min": 50.738155, "relh_max": 95.933304, "lcc": null }, "geometry": { "type": "Point", "coordinates": [ -80.6714, 27.6277 ] } },
{ "type": "Feature", "properties": { "ltg_lon": -80.63024, "ltg_lat": 27.7663, "idx": 275684, "polarity": 14187, "dttime_utc": "2026-05-12 00:14", "hrl": 48.16, "precip24h": 1.4173, "erc": 24.352879, "kbdi": 276.0, "relh_min": 51.968906, "relh_max": 96.212524, "lcc": null }, "geometry": { "type": "Point", "coordinates": [ -80.63024, 27.7663 ] } },
{ "type": "Feature", "properties": { "ltg_lon": -80.5824, "ltg_lat": 27.8591, "idx": 275685, "polarity": -23955, "dttime_utc": "2026-05-12 00:14", "hrl": 10.69, "precip24h": 0.7835, "erc": 24.133413, "kbdi": 335.0, "relh_min": 52.97386, "relh_max": 96.435646, "lcc": null }, "geometry": { "type": "Point", "coordinates": [ -80.5824, 27.8591 ] } },
{ "type": "Feature", "properties": { "ltg_lon": -80.60068, "ltg_lat": 27.75432, "idx": 275695, "polarity": -14632, "dttime_utc": "2026-05-12 00:14", "hrl": 67.17, "precip24h": 1.6339, "erc": 24.167368, "kbdi": 260.0, "relh_min": 47.46033, "relh_max": 97.502754, "lcc": null }, "geometry": { "type": "Point", "coordinates": [ -80.60068, 27.75432 ] } },
{ "type": "Feature", "properties": { "ltg_lon": -80.58823, "ltg_lat": 27.77681, "idx": 275711, "polarity": -23985, "dttime_utc": "2026-05-12 00:15", "hrl": 51.84, "precip24h": 1.063, "erc": 23.971146, "kbdi": 285.0, "relh_min": 47.45555, "relh_max": 97.502495, "lcc": null }, "geometry": { "type": "Point", "coordinates": [ -80.58823, 27.77681 ] } },
{ "type": "Feature", "properties": { "ltg_lon": -80.60552, "ltg_lat": 27.7714, "idx": 275713, "polarity": -33317, "dttime_utc": "2026-05-12 00:15", "hrl": 37.94, "precip24h": 1.126, "erc": 24.157093, "kbdi": 290.0, "relh_min": 52.510612, "relh_max": 96.34605, "lcc": null }, "geometry": { "type": "Point", "coordinates": [ -80.60552, 27.7714 ] } },
{ "type": "Feature", "properties": { "ltg_lon": -80.53379, "ltg_lat": 27.85488, "idx": 275717, "polarity": 7363, "dttime_utc": "2026-05-12 00:15", "hrl": 16.56, "precip24h": 0.5827, "erc": 23.387358, "kbdi": 308.0, "relh_min": 54.83545, "relh_max": 96.92269, "lcc": null }, "geometry": { "type": "Point", "coordinates": [ -80.53379, 27.85488 ] } },
{ "type": "Feature", "properties": { "ltg_lon": -80.64096, "ltg_lat": 27.76751, "idx": 275720, "polarity": -26542, "dttime_utc": "2026-05-12 00:16", "hrl": 51.94, "precip24h": 1.4252, "erc": 24.421152, "kbdi": 275.0, "relh_min": 51.796288, "relh_max": 96.17025, "lcc": null }, "geometry": { "type": "Point", "coordinates": [ -80.64096, 27.76751 ] } },
{ "type": "Feature", "properties": { "ltg_lon": -80.6244, "ltg_lat": 27.77261, "idx": 275721, "polarity": -25583, "dttime_utc": "2026-05-12 00:16", "hrl": 43.9, "precip24h": 1.3425, "erc": 24.306849, "kbdi": 273.0, "relh_min": 52.118717, "relh_max": 96.24838, "lcc": null }, "geometry": { "type": "Point", "coordinates": [ -80.6244, 27.77261 ] } },
{ "type": "Feature", "properties": { "ltg_lon": -80.64339, "ltg_lat": 27.77771, "idx": 275719, "polarity": -29578, "dttime_utc": "2026-05-12 00:16", "hrl": 39.17, "precip24h": 1.3898, "erc": 24.436918, "kbdi": 273.0, "relh_min": 47.461437, "relh_max": 97.50242, "lcc": null }, "geometry": { "type": "Point", "coordinates": [ -80.64339, 27.77771 ] } },
{ "type": "Feature", "properties": { "ltg_lon": -80.66575, "ltg_lat": 27.77742, "idx": 275724, "polarity": -32020, "dttime_utc": "2026-05-12 00:16", "hrl": 58.18, "precip24h": 1.5354, "erc": 24.612333, "kbdi": 306.0, "relh_min": 51.469185, "relh_max": 96.089584, "lcc": null }, "geometry": { "type": "Point", "coordinates": [ -80.66575, 27.77742 ] } },
{ "type": "Feature", "properties": { "ltg_lon": -80.58819, "ltg_lat": 27.81546, "idx": 275728, "polarity": -24376, "dttime_utc": "2026-05-12 00:16", "hrl": 39.74, "precip24h": 0.8701, "erc": 23.929222, "kbdi": 279.0, "relh_min": 47.449562, "relh_max": 97.50201, "lcc": null }, "geometry": { "type": "Point", "coordinates": [ -80.58819, 27.81546 ] } },
{ "type": "Feature", "properties": { "ltg_lon": -80.57056, "ltg_lat": 27.77894, "idx": 275726, "polarity": -23609, "dttime_utc": "2026-05-12 00:16", "hrl": 34.15, "precip24h": 1.0984, "erc": 23.739983, "kbdi": 281.0, "relh_min": 53.663723, "relh_max": 96.637276, "lcc": null }, "geometry": { "type": "Point", "coordinates": [ -80.57056, 27.77894 ] } },
{ "type": "Feature", "properties": { "ltg_lon": -80.59769, "ltg_lat": 27.72405, "idx": 275747, "polarity": -25423, "dttime_utc": "2026-05-12 00:16", "hrl": 91.3, "precip24h": 2.4449, "erc": 24.470144, "kbdi": 175.0, "relh_min": 47.464577, "relh_max": 97.50313, "lcc": null }, "geometry": { "type": "Point", "coordinates": [ -80.59769, 27.72405 ] } },
{ "type": "Feature", "properties": { "ltg_lon": -80.56912, "ltg_lat": 27.77211, "idx": 275748, "polarity": 24942, "dttime_utc": "2026-05-12 00:16", "hrl": 38.79, "precip24h": 1.185, "erc": 23.770027, "kbdi": 288.0, "relh_min": 53.566113, "relh_max": 96.61291, "lcc": null }, "geometry": { "type": "Point", "coordinates": [ -80.56912, 27.77211 ] } },
{ "type": "Feature", "properties": { "ltg_lon": -80.60363, "ltg_lat": 27.77506, "idx": 275751, "polarity": 16591, "dttime_utc": "2026-05-12 00:17", "hrl": 37.84, "precip24h": 1.126, "erc": 24.131983, "kbdi": 290.0, "relh_min": 52.592377, "relh_max": 96.36604, "lcc": null }, "geometry": { "type": "Point", "coordinates": [ -80.60363, 27.77506 ] } },
{ "type": "Feature", "properties": { "ltg_lon": -80.59129, "ltg_lat": 27.81887, "idx": 275752, "polarity": -15988, "dttime_utc": "2026-05-12 00:17", "hrl": 43.14, "precip24h": 0.9882, "erc": 23.981754, "kbdi": 277.0, "relh_min": 47.449364, "relh_max": 97.50196, "lcc": null }, "geometry": { "type": "Point", "coordinates": [ -80.59129, 27.81887 ] } },
{ "type": "Feature", "properties": { "ltg_lon": -80.65095, "ltg_lat": 27.79651, "idx": 275753, "polarity": -15914, "dttime_utc": "2026-05-12 00:17", "hrl": 42.48, "precip24h": 1.4016, "erc": 24.502274, "kbdi": 263.0, "relh_min": 47.459393, "relh_max": 97.50217, "lcc": null }, "geometry": { "type": "Point", "coordinates": [ -80.65095, 27.79651 ] } },
{ "type": "Feature", "properties": { "ltg_lon": -80.82676, "ltg_lat": 27.84665, "idx": 275761, "polarity": -7770, "dttime_utc": "2026-05-12 00:17", "hrl": 33.87, "precip24h": 0.5433, "erc": 25.214233, "kbdi": 314.0, "relh_min": 47.47215, "relh_max": 97.50141, "lcc": null }, "geometry": { "type": "Point", "coordinates": [ -80.82676, 27.84665 ] } },
{ "type": "Feature", "properties": { "ltg_lon": -80.52085, "ltg_lat": 27.85311, "idx": 275767, "polarity": -44549, "dttime_utc": "2026-05-12 00:17", "hrl": 16.93, "precip24h": 0.5276, "erc": 23.131308, "kbdi": 305.0, "relh_min": 47.436447, "relh_max": 97.50168, "lcc": null }, "geometry": { "type": "Point", "coordinates": [ -80.52085, 27.85311 ] } },
{ "type": "Feature", "properties": { "ltg_lon": -80.55423, "ltg_lat": 27.74652, "idx": 275775, "polarity": 17361, "dttime_utc": "2026-05-12 00:17", "hrl": 90.16, "precip24h": 2.1811, "erc": 24.046566, "kbdi": 197.0, "relh_min": 47.79067, "relh_max": 97.50291, "lcc": null }, "geometry": { "type": "Point", "coordinates": [ -80.55423, 27.74652 ] } },
{ "type": "Feature", "properties": { "ltg_lon": -80.60993, "ltg_lat": 27.71997, "idx": 275783, "polarity": -19709, "dttime_utc": "2026-05-12 00:18", "hrl": 93.66, "precip24h": 2.4764, "erc": 24.543045, "kbdi": 144.0, "relh_min": 47.466507, "relh_max": 97.50317, "lcc": null }, "geometry": { "type": "Point", "coordinates": [ -80.60993, 27.71997 ] } },
{ "type": "Feature", "properties": { "ltg_lon": -80.57071, "ltg_lat": 27.73821, "idx": 275784, "polarity": -5918, "dttime_utc": "2026-05-12 00:18", "hrl": 91.86, "precip24h": 2.4173, "erc": 24.23964, "kbdi": 189.0, "relh_min": 47.793602, "relh_max": 97.50298, "lcc": null }, "geometry": { "type": "Point", "coordinates": [ -80.57071, 27.73821 ] } },
{ "type": "Feature", "properties": { "ltg_lon": -80.60927, "ltg_lat": 27.77768, "idx": 275785, "polarity": -15760, "dttime_utc": "2026-05-12 00:18", "hrl": 37.75, "precip24h": 1.126, "erc": 24.178286, "kbdi": 290.0, "relh_min": 47.79099, "relh_max": 97.50246, "lcc": null }, "geometry": { "type": "Point", "coordinates": [ -80.60927, 27.77768 ] } },
{ "type": "Feature", "properties": { "ltg_lon": -80.5599, "ltg_lat": 27.77115, "idx": 275792, "polarity": 14174, "dttime_utc": "2026-05-12 00:18", "hrl": 28.86, "precip24h": 1.3189, "erc": 23.658054, "kbdi": 299.0, "relh_min": 47.453392, "relh_max": 97.5026, "lcc": null }, "geometry": { "type": "Point", "coordinates": [ -80.5599, 27.77115 ] } },
{ "type": "Feature", "properties": { "ltg_lon": -80.62996, "ltg_lat": 27.76415, "idx": 275800, "polarity": -19883, "dttime_utc": "2026-05-12 00:19", "hrl": 46.74, "precip24h": 1.3583, "erc": 24.352785, "kbdi": 276.0, "relh_min": 47.79526, "relh_max": 97.5026, "lcc": null }, "geometry": { "type": "Point", "coordinates": [ -80.62996, 27.76415 ] } },
{ "type": "Feature", "properties": { "ltg_lon": -80.5719, "ltg_lat": 27.77967, "idx": 275801, "polarity": -17417, "dttime_utc": "2026-05-12 00:19", "hrl": 34.06, "precip24h": 1.0984, "erc": 23.753954, "kbdi": 281.0, "relh_min": 47.786987, "relh_max": 97.50248, "lcc": null }, "geometry": { "type": "Point", "coordinates": [ -80.5719, 27.77967 ] } },
{ "type": "Feature", "properties": { "ltg_lon": -80.59983, "ltg_lat": 27.77716, "idx": 275798, "polarity": -26120, "dttime_utc": "2026-05-12 00:19", "hrl": 16.46, "precip24h": 1.0039, "erc": 24.091026, "kbdi": 297.0, "relh_min": 47.79014, "relh_max": 97.50247, "lcc": null }, "geometry": { "type": "Point", "coordinates": [ -80.59983, 27.77716 ] } },
{ "type": "Feature", "properties": { "ltg_lon": -80.62754, "ltg_lat": 27.76245, "idx": 275799, "polarity": -33664, "dttime_utc": "2026-05-12 00:19", "hrl": 46.83, "precip24h": 1.3583, "erc": 24.338478, "kbdi": 276.0, "relh_min": 47.79529, "relh_max": 97.502625, "lcc": null }, "geometry": { "type": "Point", "coordinates": [ -80.62754, 27.76245 ] } },
{ "type": "Feature", "properties": { "ltg_lon": -80.56267, "ltg_lat": 27.76788, "idx": 275823, "polarity": 18018, "dttime_utc": "2026-05-12 00:19", "hrl": 55.16, "precip24h": 1.5551, "erc": 23.725693, "kbdi": 255.0, "relh_min": 47.45419, "relh_max": 97.50264, "lcc": null }, "geometry": { "type": "Point", "coordinates": [ -80.56267, 27.76788 ] } },
{ "type": "Feature", "properties": { "ltg_lon": -80.70723, "ltg_lat": 27.67369, "idx": 275829, "polarity": -20860, "dttime_utc": "2026-05-12 00:20", "hrl": 97.92, "precip24h": 1.4567, "erc": 24.948957, "kbdi": 183.0, "relh_min": 47.817513, "relh_max": 97.503716, "lcc": null }, "geometry": { "type": "Point", "coordinates": [ -80.70723, 27.67369 ] } },
{ "type": "Feature", "properties": { "ltg_lon": -80.87709, "ltg_lat": 27.87226, "idx": 275830, "polarity": -21453, "dttime_utc": "2026-05-12 00:20", "hrl": 20.53, "precip24h": 0.0787, "erc": 25.3492, "kbdi": 304.0, "relh_min": 47.80419, "relh_max": 97.50105, "lcc": null }, "geometry": { "type": "Point", "coordinates": [ -80.87709, 27.87226 ] } },
{ "type": "Feature", "properties": { "ltg_lon": -80.6009, "ltg_lat": 27.69959, "idx": 275844, "polarity": -31771, "dttime_utc": "2026-05-12 00:20", "hrl": 99.91, "precip24h": 2.2205, "erc": 24.558079, "kbdi": 109.0, "relh_min": 47.468567, "relh_max": 97.50342, "lcc": null }, "geometry": { "type": "Point", "coordinates": [ -80.6009, 27.69959 ] } },
{ "type": "Feature", "properties": { "ltg_lon": -80.64289, "ltg_lat": 27.69881, "idx": 275845, "polarity": 17332, "dttime_utc": "2026-05-12 00:20", "hrl": 99.05, "precip24h": 1.5748, "erc": 24.711308, "kbdi": 139.0, "relh_min": 47.807007, "relh_max": 97.5034, "lcc": null }, "geometry": { "type": "Point", "coordinates": [ -80.64289, 27.69881 ] } },
{ "type": "Feature", "properties": { "ltg_lon": -80.55647, "ltg_lat": 27.77266, "idx": 275848, "polarity": 7100, "dttime_utc": "2026-05-12 00:21", "hrl": 83.54, "precip24h": 1.2008, "erc": 23.594309, "kbdi": 299.0, "relh_min": 47.786636, "relh_max": 97.502594, "lcc": null }, "geometry": { "type": "Point", "coordinates": [ -80.55647, 27.77266 ] } },
{ "type": "Feature", "properties": { "ltg_lon": -80.50929, "ltg_lat": 27.85533, "idx": 275852, "polarity": 23406, "dttime_utc": "2026-05-12 00:21", "hrl": 63.1, "precip24h": 0.378, "erc": 23.063389, "kbdi": 299.0, "relh_min": 47.768375, "relh_max": 97.501686, "lcc": null }, "geometry": { "type": "Point", "coordinates": [ -80.50929, 27.85533 ] } },
{ "type": "Feature", "properties": { "ltg_lon": -80.33478, "ltg_lat": 26.96455, "idx": 275871, "polarity": -21936, "dttime_utc": "2026-05-12 00:21", "hrl": 66.23, "precip24h": 0.6969, "erc": 23.645336, "kbdi": 425.0, "relh_min": 47.5373, "relh_max": 97.510086, "lcc": null }, "geometry": { "type": "Point", "coordinates": [ -80.33478, 26.96455 ] } },
{ "type": "Feature", "properties": { "ltg_lon": -80.58799, "ltg_lat": 27.76642, "idx": 275879, "polarity": -27080, "dttime_utc": "2026-05-12 00:22", "hrl": 90.63, "precip24h": 1.2126, "erc": 24.012352, "kbdi": 274.0, "relh_min": 47.45712, "relh_max": 97.502625, "lcc": null }, "geometry": { "type": "Point", "coordinates": [ -80.58799, 27.76642 ] } },
{ "type": "Feature", "properties": { "ltg_lon": -80.5928, "ltg_lat": 27.77217, "idx": 275883, "polarity": -31299, "dttime_utc": "2026-05-12 00:22", "hrl": 84.01, "precip24h": 0.9449, "erc": 24.036285, "kbdi": 297.0, "relh_min": 47.456757, "relh_max": 97.50254, "lcc": null }, "geometry": { "type": "Point", "coordinates": [ -80.5928, 27.77217 ] } },
{ "type": "Feature", "properties": { "ltg_lon": -80.5717, "ltg_lat": 27.78142, "idx": 275875, "polarity": -29898, "dttime_utc": "2026-05-12 00:22", "hrl": 74.27, "precip24h": 0.8386, "erc": 23.740221, "kbdi": 282.0, "relh_min": 47.453068, "relh_max": 97.50246, "lcc": null }, "geometry": { "type": "Point", "coordinates": [ -80.5717, 27.78142 ] } },
{ "type": "Feature", "properties": { "ltg_lon": -80.53751, "ltg_lat": 27.80765, "idx": 275878, "polarity": -20235, "dttime_utc": "2026-05-12 00:22", "hrl": 70.39, "precip24h": 0.8071, "erc": 22.736444, "kbdi": 291.0, "relh_min": 47.445374, "relh_max": 97.5022, "lcc": null }, "geometry": { "type": "Point", "coordinates": [ -80.53751, 27.80765 ] } },
{ "type": "Feature", "properties": { "ltg_lon": -80.61257, "ltg_lat": 27.77231, "idx": 275880, "polarity": -30279, "dttime_utc": "2026-05-12 00:22", "hrl": 89.12, "precip24h": 1.1929, "erc": 24.215029, "kbdi": 278.0, "relh_min": 47.792194, "relh_max": 97.50252, "lcc": null }, "geometry": { "type": "Point", "coordinates": [ -80.61257, 27.77231 ] } },
{ "type": "Feature", "properties": { "ltg_lon": -80.51827, "ltg_lat": 27.76036, "idx": 275882, "polarity": 17610, "dttime_utc": "2026-05-12 00:22", "hrl": 88.93, "precip24h": 1.5236, "erc": 23.350414, "kbdi": 373.0, "relh_min": 47.450676, "relh_max": 97.50281, "lcc": null }, "geometry": { "type": "Point", "coordinates": [ -80.51827, 27.76036 ] } },
{ "type": "Feature", "properties": { "ltg_lon": -80.57859, "ltg_lat": 27.72668, "idx": 275901, "polarity": -24680, "dttime_utc": "2026-05-12 00:22", "hrl": 98.77, "precip24h": 1.9961, "erc": 24.358376, "kbdi": 167.0, "relh_min": 47.796215, "relh_max": 97.50311, "lcc": null }, "geometry": { "type": "Point", "coordinates": [ -80.57859, 27.72668 ] } },
{ "type": "Feature", "properties": { "ltg_lon": -80.552, "ltg_lat": 27.7266, "idx": 275899, "polarity": -27322, "dttime_utc": "2026-05-12 00:22", "hrl": 98.11, "precip24h": 1.9488, "erc": 24.225267, "kbdi": 163.0, "relh_min": 47.79366, "relh_max": 97.50315, "lcc": null }, "geometry": { "type": "Point", "coordinates": [ -80.552, 27.7266 ] } },
{ "type": "Feature", "properties": { "ltg_lon": -80.29244, "ltg_lat": 26.9988, "idx": 275908, "polarity": -25565, "dttime_utc": "2026-05-12 00:23", "hrl": 51.09, "precip24h": 0.3622, "erc": 23.481342, "kbdi": 372.0, "relh_min": 47.529728, "relh_max": 97.50981, "lcc": null }, "geometry": { "type": "Point", "coordinates": [ -80.29244, 26.9988 ] } },
{ "type": "Feature", "properties": { "ltg_lon": -80.29837, "ltg_lat": 26.9696, "idx": 275907, "polarity": -23523, "dttime_utc": "2026-05-12 00:23", "hrl": 54.59, "precip24h": 0.3425, "erc": 23.478003, "kbdi": 332.0, "relh_min": 47.533546, "relh_max": 97.51001, "lcc": null }, "geometry": { "type": "Point", "coordinates": [ -80.29837, 26.9696 ] } },
{ "type": "Feature", "properties": { "ltg_lon": -80.56763, "ltg_lat": 27.73025, "idx": 275910, "polarity": -21679, "dttime_utc": "2026-05-12 00:23", "hrl": 98.2, "precip24h": 1.9134, "erc": 24.276665, "kbdi": 180.0, "relh_min": 47.46043, "relh_max": 97.50308, "lcc": null }, "geometry": { "type": "Point", "coordinates": [ -80.56763, 27.73025 ] } },
{ "type": "Feature", "properties": { "ltg_lon": -80.59558, "ltg_lat": 27.71808, "idx": 275914, "polarity": -46439, "dttime_utc": "2026-05-12 00:23", "hrl": 99.34, "precip24h": 2.0433, "erc": 24.48094, "kbdi": 129.0, "relh_min": 47.465244, "relh_max": 97.503204, "lcc": null }, "geometry": { "type": "Point", "coordinates": [ -80.59558, 27.71808 ] } },
{ "type": "Feature", "properties": { "ltg_lon": -80.31655, "ltg_lat": 26.97633, "idx": 275941, "polarity": -20189, "dttime_utc": "2026-05-12 00:24", "hrl": 65.66, "precip24h": 0.6457, "erc": 23.490685, "kbdi": 387.0, "relh_min": 47.534378, "relh_max": 97.50999, "lcc": null }, "geometry": { "type": "Point", "coordinates": [ -80.31655, 26.97633 ] } },
{ "type": "Feature", "properties": { "ltg_lon": -80.55541, "ltg_lat": 27.73902, "idx": 275943, "polarity": -28808, "dttime_utc": "2026-05-12 00:24", "hrl": 98.68, "precip24h": 2.0039, "erc": 24.131088, "kbdi": 178.0, "relh_min": 47.791992, "relh_max": 97.503, "lcc": null }, "geometry": { "type": "Point", "coordinates": [ -80.55541, 27.73902 ] } },
{ "type": "Feature", "properties": { "ltg_lon": -80.5476, "ltg_lat": 27.71614, "idx": 275944, "polarity": -25673, "dttime_utc": "2026-05-12 00:24", "hrl": 98.01, "precip24h": 1.9173, "erc": 24.293686, "kbdi": 169.0, "relh_min": 47.460438, "relh_max": 97.50328, "lcc": null }, "geometry": { "type": "Point", "coordinates": [ -80.5476, 27.71614 ] } },
{ "type": "Feature", "properties": { "ltg_lon": -80.54933, "ltg_lat": 27.70186, "idx": 275947, "polarity": -26725, "dttime_utc": "2026-05-12 00:24", "hrl": 97.63, "precip24h": 1.937, "erc": 24.394426, "kbdi": 156.0, "relh_min": 47.462753, "relh_max": 97.50344, "lcc": null }, "geometry": { "type": "Point", "coordinates": [ -80.54933, 27.70186 ] } },
{ "type": "Feature", "properties": { "ltg_lon": -80.56097, "ltg_lat": 27.73736, "idx": 275976, "polarity": -26921, "dttime_utc": "2026-05-12 00:25", "hrl": 98.3, "precip24h": 1.9134, "erc": 24.182178, "kbdi": 180.0, "relh_min": 47.458652, "relh_max": 97.503006, "lcc": null }, "geometry": { "type": "Point", "coordinates": [ -80.56097, 27.73736 ] } },
{ "type": "Feature", "properties": { "ltg_lon": -80.55824, "ltg_lat": 27.74587, "idx": 275978, "polarity": -6980, "dttime_utc": "2026-05-12 00:25", "hrl": 97.26, "precip24h": 1.8425, "erc": 24.084976, "kbdi": 197.0, "relh_min": 47.457073, "relh_max": 97.502914, "lcc": null }, "geometry": { "type": "Point", "coordinates": [ -80.55824, 27.74587 ] } },
{ "type": "Feature", "properties": { "ltg_lon": -80.3275, "ltg_lat": 26.96797, "idx": 275984, "polarity": -22079, "dttime_utc": "2026-05-12 00:25", "hrl": 67.36, "precip24h": 0.7008, "erc": 23.637012, "kbdi": 399.0, "relh_min": 47.87893, "relh_max": 97.510056, "lcc": null }, "geometry": { "type": "Point", "coordinates": [ -80.3275, 26.96797 ] } },
{ "type": "Feature", "properties": { "ltg_lon": -80.26511, "ltg_lat": 26.98772, "idx": 275982, "polarity": -25922, "dttime_utc": "2026-05-12 00:25", "hrl": 44.09, "precip24h": 0.2756, "erc": 23.479439, "kbdi": 364.0, "relh_min": 47.528625, "relh_max": 97.509865, "lcc": null }, "geometry": { "type": "Point", "coordinates": [ -80.26511, 26.98772 ] } },
{ "type": "Feature", "properties": { "ltg_lon": -80.60979, "ltg_lat": 27.79221, "idx": 275993, "polarity": -18069, "dttime_utc": "2026-05-12 00:26", "hrl": 83.35, "precip24h": 0.8228, "erc": 24.169847, "kbdi": 271.0, "relh_min": 47.788662, "relh_max": 97.50227, "lcc": null }, "geometry": { "type": "Point", "coordinates": [ -80.60979, 27.79221 ] } },
{ "type": "Feature", "properties": { "ltg_lon": -80.51736, "ltg_lat": 27.75254, "idx": 275997, "polarity": -41904, "dttime_utc": "2026-05-12 00:27", "hrl": 96.12, "precip24h": 1.7362, "erc": 23.682974, "kbdi": 336.0, "relh_min": 47.45178, "relh_max": 97.5029, "lcc": null }, "geometry": { "type": "Point", "coordinates": [ -80.51736, 27.75254 ] } },
{ "type": "Feature", "properties": { "ltg_lon": -80.6899, "ltg_lat": 27.49823, "idx": 276002, "polarity": 17273, "dttime_utc": "2026-05-12 00:27", "hrl": 51.75, "precip24h": 0.6969, "erc": 24.52289, "kbdi": 455.0, "relh_min": 47.50667, "relh_max": 97.50577, "lcc": null }, "geometry": { "type": "Point", "coordinates": [ -80.6899, 27.49823 ] } },
{ "type": "Feature", "properties": { "ltg_lon": -80.55221, "ltg_lat": 27.84205, "idx": 276003, "polarity": -18916, "dttime_utc": "2026-05-12 00:27", "hrl": 77.2, "precip24h": 0.9055, "erc": 23.48172, "kbdi": 313.0, "relh_min": 47.441517, "relh_max": 97.50175, "lcc": null }, "geometry": { "type": "Point", "coordinates": [ -80.55221, 27.84205 ] } },
{ "type": "Feature", "properties": { "ltg_lon": -80.30396, "ltg_lat": 26.98365, "idx": 276008, "polarity": -19841, "dttime_utc": "2026-05-12 00:28", "hrl": 59.51, "precip24h": 0.5, "erc": 23.481564, "kbdi": 370.0, "relh_min": 47.53245, "relh_max": 97.509926, "lcc": null }, "geometry": { "type": "Point", "coordinates": [ -80.30396, 26.98365 ] } },
{ "type": "Feature", "properties": { "ltg_lon": -80.28801, "ltg_lat": 26.98889, "idx": 276007, "polarity": -22758, "dttime_utc": "2026-05-12 00:28", "hrl": 57.9, "precip24h": 0.4291, "erc": 23.483902, "kbdi": 348.0, "relh_min": 47.873264, "relh_max": 97.50987, "lcc": null }, "geometry": { "type": "Point", "coordinates": [ -80.28801, 26.98889 ] } },
{ "type": "Feature", "properties": { "ltg_lon": -80.52554, "ltg_lat": 27.76927, "idx": 276009, "polarity": -16533, "dttime_utc": "2026-05-12 00:28", "hrl": 87.51, "precip24h": 1.4843, "erc": 23.204294, "kbdi": 361.0, "relh_min": 47.450066, "relh_max": 97.502686, "lcc": null }, "geometry": { "type": "Point", "coordinates": [ -80.52554, 27.76927 ] } },
{ "type": "Feature", "properties": { "ltg_lon": -80.55961, "ltg_lat": 27.73555, "idx": 276014, "polarity": -16329, "dttime_utc": "2026-05-12 00:28", "hrl": 99.24, "precip24h": 2.0039, "erc": 24.189045, "kbdi": 178.0, "relh_min": 47.792953, "relh_max": 97.50303, "lcc": 119.002 }, "geometry": { "type": "Point", "coordinates": [ -80.55961, 27.73555 ] } },
{ "type": "Feature", "properties": { "ltg_lon": -80.51556, "ltg_lat": 27.76876, "idx": 276025, "polarity": -29932, "dttime_utc": "2026-05-12 00:29", "hrl": 91.67, "precip24h": 1.5236, "erc": 23.101742, "kbdi": 373.0, "relh_min": 47.783375, "relh_max": 97.50271, "lcc": null }, "geometry": { "type": "Point", "coordinates": [ -80.51556, 27.76876 ] } },
{ "type": "Feature", "properties": { "ltg_lon": -80.54854, "ltg_lat": 27.75769, "idx": 276023, "polarity": -18086, "dttime_utc": "2026-05-12 00:29", "hrl": 93.09, "precip24h": 1.6339, "erc": 23.681566, "kbdi": 253.0, "relh_min": 47.78831, "relh_max": 97.502785, "lcc": null }, "geometry": { "type": "Point", "coordinates": [ -80.54854, 27.75769 ] } },
{ "type": "Feature", "properties": { "ltg_lon": -80.51862, "ltg_lat": 27.78899, "idx": 276022, "polarity": -30578, "dttime_utc": "2026-05-12 00:29", "hrl": 87.23, "precip24h": 1.3189, "erc": 22.43386, "kbdi": 323.0, "relh_min": 47.4463, "relh_max": 97.502464, "lcc": null }, "geometry": { "type": "Point", "coordinates": [ -80.51862, 27.78899 ] } },
{ "type": "Feature", "properties": { "ltg_lon": -80.74756, "ltg_lat": 27.54444, "idx": 276034, "polarity": 18855, "dttime_utc": "2026-05-12 00:29", "hrl": 86.19, "precip24h": 1.4646, "erc": 24.963957, "kbdi": 385.0, "relh_min": 47.84118, "relh_max": 97.50531, "lcc": null }, "geometry": { "type": "Point", "coordinates": [ -80.74756, 27.54444 ] } },
{ "type": "Feature", "properties": { "ltg_lon": -80.51991, "ltg_lat": 27.76794, "idx": 276039, "polarity": -23862, "dttime_utc": "2026-05-12 00:29", "hrl": 91.77, "precip24h": 1.5236, "erc": 23.171082, "kbdi": 373.0, "relh_min": 47.449684, "relh_max": 97.50271, "lcc": null }, "geometry": { "type": "Point", "coordinates": [ -80.51991, 27.76794 ] } },
{ "type": "Feature", "properties": { "ltg_lon": -80.53713, "ltg_lat": 27.75606, "idx": 276040, "polarity": -26766, "dttime_utc": "2026-05-12 00:29", "hrl": 95.08, "precip24h": 1.5354, "erc": 23.59608, "kbdi": 286.0, "relh_min": 47.4533, "relh_max": 97.50282, "lcc": null }, "geometry": { "type": "Point", "coordinates": [ -80.53713, 27.75606 ] } },
{ "type": "Feature", "properties": { "ltg_lon": -80.54984, "ltg_lat": 27.81027, "idx": 276050, "polarity": -18363, "dttime_utc": "2026-05-12 00:30", "hrl": 68.5, "precip24h": 0.8425, "erc": 23.14266, "kbdi": 274.0, "relh_min": 47.7798, "relh_max": 97.502144, "lcc": 391.407 }, "geometry": { "type": "Point", "coordinates": [ -80.54984, 27.81027 ] } },
{ "type": "Feature", "properties": { "ltg_lon": -80.52605, "ltg_lat": 27.80775, "idx": 276051, "polarity": -27499, "dttime_utc": "2026-05-12 00:30", "hrl": 70.77, "precip24h": 0.815, "erc": 22.216803, "kbdi": 293.0, "relh_min": 47.777946, "relh_max": 97.50222, "lcc": null }, "geometry": { "type": "Point", "coordinates": [ -80.52605, 27.80775 ] } },
{ "type": "Feature", "properties": { "ltg_lon": -80.65435, "ltg_lat": 27.636, "idx": 276054, "polarity": -13992, "dttime_utc": "2026-05-12 00:30", "hrl": 92.05, "precip24h": 1.4488, "erc": 24.773832, "kbdi": 361.0, "relh_min": 47.81792, "relh_max": 97.50416, "lcc": null }, "geometry": { "type": "Point", "coordinates": [ -80.65435, 27.636 ] } },
{ "type": "Feature", "properties": { "ltg_lon": -80.61344, "ltg_lat": 27.66438, "idx": 276060, "polarity": -26566, "dttime_utc": "2026-05-12 00:31", "hrl": 96.97, "precip24h": 1.4606, "erc": 24.651644, "kbdi": 286.0, "relh_min": 47.475094, "relh_max": 97.50383, "lcc": null }, "geometry": { "type": "Point", "coordinates": [ -80.61344, 27.66438 ] } },
{ "type": "Feature", "properties": { "ltg_lon": -80.61116, "ltg_lat": 27.65658, "idx": 276061, "polarity": -24175, "dttime_utc": "2026-05-12 00:31", "hrl": 89.97, "precip24h": 1.2362, "erc": 24.652294, "kbdi": 337.0, "relh_min": 47.810448, "relh_max": 97.50392, "lcc": null }, "geometry": { "type": "Point", "coordinates": [ -80.61116, 27.65658 ] } },
{ "type": "Feature", "properties": { "ltg_lon": -80.54919, "ltg_lat": 27.02673, "idx": 276073, "polarity": -16220, "dttime_utc": "2026-05-12 00:31", "hrl": 88.27, "precip24h": 1.1102, "erc": 23.87839, "kbdi": 484.0, "relh_min": 47.89068, "relh_max": 97.50997, "lcc": null }, "geometry": { "type": "Point", "coordinates": [ -80.54919, 27.02673 ] } },
{ "type": "Feature", "properties": { "ltg_lon": -80.5562, "ltg_lat": 27.74569, "idx": 276074, "polarity": -17069, "dttime_utc": "2026-05-12 00:32", "hrl": 97.45, "precip24h": 1.8425, "erc": 24.070755, "kbdi": 197.0, "relh_min": 47.456886, "relh_max": 97.502914, "lcc": null }, "geometry": { "type": "Point", "coordinates": [ -80.5562, 27.74569 ] } },
{ "type": "Feature", "properties": { "ltg_lon": -80.57191, "ltg_lat": 27.70182, "idx": 276075, "polarity": -31663, "dttime_utc": "2026-05-12 00:32", "hrl": 99.81, "precip24h": 2.2244, "erc": 24.453396, "kbdi": 111.0, "relh_min": 47.46514, "relh_max": 97.50342, "lcc": null }, "geometry": { "type": "Point", "coordinates": [ -80.57191, 27.70182 ] } },
{ "type": "Feature", "properties": { "ltg_lon": -80.51155, "ltg_lat": 27.80845, "idx": 276076, "polarity": -17805, "dttime_utc": "2026-05-12 00:32", "hrl": 79.56, "precip24h": 1.0394, "erc": 21.218222, "kbdi": 288.0, "relh_min": 47.442535, "relh_max": 97.50225, "lcc": null }, "geometry": { "type": "Point", "coordinates": [ -80.51155, 27.80845 ] } },
{ "type": "Feature", "properties": { "ltg_lon": -80.51079, "ltg_lat": 27.82574, "idx": 276078, "polarity": -15709, "dttime_utc": "2026-05-12 00:32", "hrl": 80.04, "precip24h": 1.0472, "erc": 21.60804, "kbdi": 275.0, "relh_min": 47.43974, "relh_max": 97.50204, "lcc": null }, "geometry": { "type": "Point", "coordinates": [ -80.51079, 27.82574 ] } },
{ "type": "Feature", "properties": { "ltg_lon": -80.54241, "ltg_lat": 27.74462, "idx": 276081, "polarity": 22316, "dttime_utc": "2026-05-12 00:32", "hrl": 98.39, "precip24h": 1.8661, "erc": 23.980236, "kbdi": 205.0, "relh_min": 47.78984, "relh_max": 97.50295, "lcc": null }, "geometry": { "type": "Point", "coordinates": [ -80.54241, 27.74462 ] } },
{ "type": "Feature", "properties": { "ltg_lon": -80.58094, "ltg_lat": 27.72322, "idx": 276082, "polarity": -14503, "dttime_utc": "2026-05-12 00:32", "hrl": 99.15, "precip24h": 2.122, "erc": 24.388506, "kbdi": 168.0, "relh_min": 47.796997, "relh_max": 97.50315, "lcc": null }, "geometry": { "type": "Point", "coordinates": [ -80.58094, 27.72322 ] } },
{ "type": "Feature", "properties": { "ltg_lon": -80.53369, "ltg_lat": 27.76844, "idx": 276083, "polarity": -20450, "dttime_utc": "2026-05-12 00:32", "hrl": 89.21, "precip24h": 1.4685, "erc": 23.332346, "kbdi": 325.0, "relh_min": 47.451046, "relh_max": 97.50268, "lcc": null }, "geometry": { "type": "Point", "coordinates": [ -80.53369, 27.76844 ] } },
{ "type": "Feature", "properties": { "ltg_lon": -80.60753, "ltg_lat": 27.66003, "idx": 276086, "polarity": -49259, "dttime_utc": "2026-05-12 00:33", "hrl": 94.99, "precip24h": 1.5157, "erc": 24.641634, "kbdi": 292.0, "relh_min": 47.475094, "relh_max": 97.50388, "lcc": null }, "geometry": { "type": "Point", "coordinates": [ -80.60753, 27.66003 ] } },
{ "type": "Feature", "properties": { "ltg_lon": -80.55667, "ltg_lat": 27.71814, "idx": 276091, "polarity": -22147, "dttime_utc": "2026-05-12 00:33", "hrl": 98.86, "precip24h": 2.0079, "erc": 24.3104, "kbdi": 143.0, "relh_min": 47.79546, "relh_max": 97.50324, "lcc": null }, "geometry": { "type": "Point", "coordinates": [ -80.55667, 27.71814 ] } },
{ "type": "Feature", "properties": { "ltg_lon": -80.56789, "ltg_lat": 27.7012, "idx": 276093, "polarity": -31579, "dttime_utc": "2026-05-12 00:33", "hrl": 99.53, "precip24h": 2.1575, "erc": 24.444195, "kbdi": 126.0, "relh_min": 47.799236, "relh_max": 97.503426, "lcc": null }, "geometry": { "type": "Point", "coordinates": [ -80.56789, 27.7012 ] } },
{ "type": "Feature", "properties": { "ltg_lon": -80.55989, "ltg_lat": 27.71687, "idx": 276092, "polarity": -18023, "dttime_utc": "2026-05-12 00:33", "hrl": 98.96, "precip24h": 2.0079, "erc": 24.331316, "kbdi": 143.0, "relh_min": 47.795975, "relh_max": 97.50325, "lcc": null }, "geometry": { "type": "Point", "coordinates": [ -80.55989, 27.71687 ] } },
{ "type": "Feature", "properties": { "ltg_lon": -80.54338, "ltg_lat": 27.69833, "idx": 276090, "polarity": 11971, "dttime_utc": "2026-05-12 00:33", "hrl": 96.5, "precip24h": 1.7677, "erc": 24.404629, "kbdi": 184.0, "relh_min": 47.797337, "relh_max": 97.50349, "lcc": null }, "geometry": { "type": "Point", "coordinates": [ -80.54338, 27.69833 ] } },
{ "type": "Feature", "properties": { "ltg_lon": -80.51827, "ltg_lat": 27.76324, "idx": 276098, "polarity": -26090, "dttime_utc": "2026-05-12 00:34", "hrl": 89.03, "precip24h": 1.5236, "erc": 23.279226, "kbdi": 373.0, "relh_min": 47.78453, "relh_max": 97.50277, "lcc": null }, "geometry": { "type": "Point", "coordinates": [ -80.51827, 27.76324 ] } },
{ "type": "Feature", "properties": { "ltg_lon": -80.55114, "ltg_lat": 27.63136, "idx": 276104, "polarity": 20122, "dttime_utc": "2026-05-12 00:34", "hrl": 86.85, "precip24h": 1.3071, "erc": 24.60798, "kbdi": 391.0, "relh_min": 47.80853, "relh_max": 97.50424, "lcc": null }, "geometry": { "type": "Point", "coordinates": [ -80.55114, 27.63136 ] } },
{ "type": "Feature", "properties": { "ltg_lon": -80.56454, "ltg_lat": 27.70785, "idx": 276106, "polarity": -19175, "dttime_utc": "2026-05-12 00:35", "hrl": 99.43, "precip24h": 2.1575, "erc": 24.401184, "kbdi": 126.0, "relh_min": 47.463463, "relh_max": 97.50336, "lcc": null }, "geometry": { "type": "Point", "coordinates": [ -80.56454, 27.70785 ] } },
{ "type": "Feature", "properties": { "ltg_lon": -80.54783, "ltg_lat": 27.72426, "idx": 276107, "polarity": -19306, "dttime_utc": "2026-05-12 00:35", "hrl": 97.73, "precip24h": 1.9843, "erc": 24.22771, "kbdi": 177.0, "relh_min": 47.459244, "relh_max": 97.50318, "lcc": null }, "geometry": { "type": "Point", "coordinates": [ -80.54783, 27.72426 ] } },
{ "type": "Feature", "properties": { "ltg_lon": -80.57238, "ltg_lat": 27.67585, "idx": 276108, "polarity": -24138, "dttime_utc": "2026-05-12 00:35", "hrl": 96.03, "precip24h": 1.5394, "erc": 24.543242, "kbdi": 251.0, "relh_min": 47.80366, "relh_max": 97.50372, "lcc": null }, "geometry": { "type": "Point", "coordinates": [ -80.57238, 27.67585 ] } },
{ "type": "Feature", "properties": { "ltg_lon": -80.53022, "ltg_lat": 27.72705, "idx": 276116, "polarity": -16487, "dttime_utc": "2026-05-12 00:35", "hrl": 97.07, "precip24h": 1.7953, "erc": 24.137487, "kbdi": 188.0, "relh_min": 47.45698, "relh_max": 97.503174, "lcc": null }, "geometry": { "type": "Point", "coordinates": [ -80.53022, 27.72705 ] } },
{ "type": "Feature", "properties": { "ltg_lon": -80.54615, "ltg_lat": 27.74006, "idx": 276117, "polarity": -30147, "dttime_utc": "2026-05-12 00:35", "hrl": 97.16, "precip24h": 1.8661, "erc": 24.060509, "kbdi": 205.0, "relh_min": 47.45668, "relh_max": 97.503, "lcc": null }, "geometry": { "type": "Point", "coordinates": [ -80.54615, 27.74006 ] } },
{ "type": "Feature", "properties": { "ltg_lon": -80.51184, "ltg_lat": 27.7247, "idx": 276124, "polarity": -19511, "dttime_utc": "2026-05-12 00:35", "hrl": 94.13, "precip24h": 1.5394, "erc": 24.089636, "kbdi": 197.0, "relh_min": 47.790154, "relh_max": 97.50323, "lcc": null }, "geometry": { "type": "Point", "coordinates": [ -80.51184, 27.7247 ] } },
{ "type": "Feature", "properties": { "ltg_lon": -80.58524, "ltg_lat": 27.83112, "idx": 276125, "polarity": 33626, "dttime_utc": "2026-05-12 00:36", "hrl": 80.13, "precip24h": 1.0472, "erc": 23.950039, "kbdi": 289.0, "relh_min": 47.446785, "relh_max": 97.501816, "lcc": 101.801 }, "geometry": { "type": "Point", "coordinates": [ -80.58524, 27.83112 ] } },
{ "type": "Feature", "properties": { "ltg_lon": -80.50362, "ltg_lat": 27.77223, "idx": 276132, "polarity": -17140, "dttime_utc": "2026-05-12 00:36", "hrl": 91.2, "precip24h": 1.4094, "erc": 22.837711, "kbdi": 348.0, "relh_min": 47.44734, "relh_max": 97.50269, "lcc": null }, "geometry": { "type": "Point", "coordinates": [ -80.50362, 27.77223 ] } },
{ "type": "Feature", "properties": { "ltg_lon": -80.53942, "ltg_lat": 27.72832, "idx": 276134, "polarity": -24933, "dttime_utc": "2026-05-12 00:36", "hrl": 96.69, "precip24h": 1.7953, "erc": 24.155268, "kbdi": 188.0, "relh_min": 47.792183, "relh_max": 97.50314, "lcc": null }, "geometry": { "type": "Point", "coordinates": [ -80.53942, 27.72832 ] } },
{ "type": "Feature", "properties": { "ltg_lon": -80.55739, "ltg_lat": 27.67091, "idx": 276133, "polarity": -18323, "dttime_utc": "2026-05-12 00:36", "hrl": 91.49, "precip24h": 1.3386, "erc": 24.534328, "kbdi": 277.0, "relh_min": 47.80299, "relh_max": 97.50379, "lcc": null }, "geometry": { "type": "Point", "coordinates": [ -80.55739, 27.67091 ] } },
{ "type": "Feature", "properties": { "ltg_lon": -80.55833, "ltg_lat": 27.78314, "idx": 276137, "polarity": -47431, "dttime_utc": "2026-05-12 00:36", "hrl": 76.35, "precip24h": 1.0118, "erc": 23.514591, "kbdi": 302.0, "relh_min": 47.7851, "relh_max": 97.502464, "lcc": null }, "geometry": { "type": "Point", "coordinates": [ -80.55833, 27.78314 ] } },
{ "type": "Feature", "properties": { "ltg_lon": -80.54435, "ltg_lat": 27.74227, "idx": 276158, "polarity": -27699, "dttime_utc": "2026-05-12 00:37", "hrl": 98.49, "precip24h": 1.8661, "erc": 24.022888, "kbdi": 205.0, "relh_min": 47.456158, "relh_max": 97.502975, "lcc": null }, "geometry": { "type": "Point", "coordinates": [ -80.54435, 27.74227 ] } },
{ "type": "Feature", "properties": { "ltg_lon": -80.47917, "ltg_lat": 27.72295, "idx": 276157, "polarity": -36355, "dttime_utc": "2026-05-12 00:37", "hrl": 95.55, "precip24h": 1.6102, "erc": 24.169546, "kbdi": 164.0, "relh_min": 47.452354, "relh_max": 97.50331, "lcc": null }, "geometry": { "type": "Point", "coordinates": [ -80.47917, 27.72295 ] } },
{ "type": "Feature", "properties": { "ltg_lon": -80.41383, "ltg_lat": 27.72744, "idx": 276153, "polarity": 25593, "dttime_utc": "2026-05-12 00:37", "hrl": 87.04, "precip24h": 1.5787, "erc": 24.4331, "kbdi": 177.0, "relh_min": 47.93697, "relh_max": 97.640114, "lcc": null }, "geometry": { "type": "Point", "coordinates": [ -80.41383, 27.72744 ] } },
{ "type": "Feature", "properties": { "ltg_lon": -80.50129, "ltg_lat": 27.76728, "idx": 276168, "polarity": 23875, "dttime_utc": "2026-05-12 00:38", "hrl": 92.15, "precip24h": 1.5118, "erc": 23.00697, "kbdi": 359.0, "relh_min": 47.93802, "relh_max": 97.63953, "lcc": null }, "geometry": { "type": "Point", "coordinates": [ -80.50129, 27.76728 ] } },
{ "type": "Feature", "properties": { "ltg_lon": -80.52287, "ltg_lat": 27.77164, "idx": 276178, "polarity": -24684, "dttime_utc": "2026-05-12 00:39", "hrl": 90.82, "precip24h": 1.437, "erc": 23.106205, "kbdi": 358.0, "relh_min": 47.939266, "relh_max": 97.63944, "lcc": null }, "geometry": { "type": "Point", "coordinates": [ -80.52287, 27.77164 ] } },
{ "type": "Feature", "properties": { "ltg_lon": -80.48667, "ltg_lat": 27.80949, "idx": 276188, "polarity": -39195, "dttime_utc": "2026-05-12 00:39", "hrl": 94.42, "precip24h": 1.3937, "erc": 20.512978, "kbdi": 214.0, "relh_min": 47.9294, "relh_max": 97.63913, "lcc": null }, "geometry": { "type": "Point", "coordinates": [ -80.48667, 27.80949 ] } },
{ "type": "Feature", "properties": { "ltg_lon": -80.61463, "ltg_lat": 27.62105, "idx": 276194, "polarity": -24795, "dttime_utc": "2026-05-12 00:39", "hrl": 94.04, "precip24h": 1.4843, "erc": 24.689508, "kbdi": 359.0, "relh_min": 47.972935, "relh_max": 97.640884, "lcc": null }, "geometry": { "type": "Point", "coordinates": [ -80.61463, 27.62105 ] } },
{ "type": "Feature", "properties": { "ltg_lon": -80.56421, "ltg_lat": 27.59852, "idx": 276195, "polarity": 12432, "dttime_utc": "2026-05-12 00:39", "hrl": 87.98, "precip24h": 1.5748, "erc": 24.6029, "kbdi": 503.0, "relh_min": 47.9717, "relh_max": 97.64113, "lcc": null }, "geometry": { "type": "Point", "coordinates": [ -80.56421, 27.59852 ] } },
{ "type": "Feature", "properties": { "ltg_lon": -80.47456, "ltg_lat": 27.82052, "idx": 276262, "polarity": -17633, "dttime_utc": "2026-05-12 00:40", "hrl": 82.5, "precip24h": 0.9606, "erc": 21.70244, "kbdi": 200.0, "relh_min": 58.109165, "relh_max": 98.63744, "lcc": null }, "geometry": { "type": "Point", "coordinates": [ -80.47456, 27.82052 ] } },
{ "type": "Feature", "properties": { "ltg_lon": -80.54515, "ltg_lat": 27.5934, "idx": 276218, "polarity": 16218, "dttime_utc": "2026-05-12 00:40", "hrl": 69.63, "precip24h": 1.252, "erc": 24.532469, "kbdi": 489.0, "relh_min": 47.813755, "relh_max": 97.50467, "lcc": null }, "geometry": { "type": "Point", "coordinates": [ -80.54515, 27.5934 ] } },
{ "type": "Feature", "properties": { "ltg_lon": -80.47926, "ltg_lat": 27.807, "idx": 276219, "polarity": -24760, "dttime_utc": "2026-05-12 00:41", "hrl": 94.7, "precip24h": 1.4606, "erc": 21.301838, "kbdi": 206.0, "relh_min": 47.773685, "relh_max": 97.50234, "lcc": null }, "geometry": { "type": "Point", "coordinates": [ -80.47926, 27.807 ] } },
{ "type": "Feature", "properties": { "ltg_lon": -80.48639, "ltg_lat": 27.80543, "idx": 276220, "polarity": -27579, "dttime_utc": "2026-05-12 00:41", "hrl": 94.32, "precip24h": 1.3937, "erc": 20.8056, "kbdi": 214.0, "relh_min": 47.77461, "relh_max": 97.50234, "lcc": null }, "geometry": { "type": "Point", "coordinates": [ -80.48639, 27.80543 ] } },
{ "type": "Feature", "properties": { "ltg_lon": -80.56377, "ltg_lat": 27.63785, "idx": 276225, "polarity": -26056, "dttime_utc": "2026-05-12 00:41", "hrl": 85.15, "precip24h": 1.3425, "erc": 24.614697, "kbdi": 389.0, "relh_min": 47.96536, "relh_max": 97.64074, "lcc": null }, "geometry": { "type": "Point", "coordinates": [ -80.56377, 27.63785 ] } },
{ "type": "Feature", "properties": { "ltg_lon": -80.55522, "ltg_lat": 27.66086, "idx": 276222, "polarity": -21643, "dttime_utc": "2026-05-12 00:41", "hrl": 87.89, "precip24h": 1.1417, "erc": 24.580189, "kbdi": 309.0, "relh_min": 47.960815, "relh_max": 97.64052, "lcc": null }, "geometry": { "type": "Point", "coordinates": [ -80.55522, 27.66086 ] } },
{ "type": "Feature", "properties": { "ltg_lon": -80.56747, "ltg_lat": 27.62831, "idx": 276232, "polarity": -33401, "dttime_utc": "2026-05-12 00:41", "hrl": 88.08, "precip24h": 1.5197, "erc": 24.62105, "kbdi": 426.0, "relh_min": 47.81056, "relh_max": 97.50427, "lcc": null }, "geometry": { "type": "Point", "coordinates": [ -80.56747, 27.62831 ] } },
{ "type": "Feature", "properties": { "ltg_lon": -80.47371, "ltg_lat": 27.81017, "idx": 276241, "polarity": -19178, "dttime_utc": "2026-05-12 00:41", "hrl": 91.96, "precip24h": 1.2205, "erc": 21.650246, "kbdi": 218.0, "relh_min": 47.928104, "relh_max": 97.63916, "lcc": null }, "geometry": { "type": "Point", "coordinates": [ -80.47371, 27.81017 ] } },
{ "type": "Feature", "properties": { "ltg_lon": -80.54866, "ltg_lat": 27.59249, "idx": 276258, "polarity": 18184, "dttime_utc": "2026-05-12 00:42", "hrl": 69.54, "precip24h": 1.252, "erc": 24.53465, "kbdi": 489.0, "relh_min": 47.814228, "relh_max": 97.50468, "lcc": null }, "geometry": { "type": "Point", "coordinates": [ -80.54866, 27.59249 ] } },
{ "type": "Feature", "properties": { "ltg_lon": -80.44608, "ltg_lat": 27.77709, "idx": 276261, "polarity": -16518, "dttime_utc": "2026-05-12 00:42", "hrl": 92.62, "precip24h": 1.3583, "erc": 23.492146, "kbdi": 249.0, "relh_min": 47.775597, "relh_max": 97.50277, "lcc": null }, "geometry": { "type": "Point", "coordinates": [ -80.44608, 27.77709 ] } },
{ "type": "Feature", "properties": { "ltg_lon": -80.44909, "ltg_lat": 27.7758, "idx": 276259, "polarity": -18871, "dttime_utc": "2026-05-12 00:42", "hrl": 92.53, "precip24h": 1.3583, "erc": 23.461666, "kbdi": 249.0, "relh_min": 47.77608, "relh_max": 97.50278, "lcc": null }, "geometry": { "type": "Point", "coordinates": [ -80.44909, 27.7758 ] } },
{ "type": "Feature", "properties": { "ltg_lon": -80.47476, "ltg_lat": 27.70013, "idx": 276267, "polarity": 16266, "dttime_utc": "2026-05-12 00:42", "hrl": 89.4, "precip24h": 1.5354, "erc": 24.453072, "kbdi": 248.0, "relh_min": 47.946926, "relh_max": 97.64024, "lcc": null }, "geometry": { "type": "Point", "coordinates": [ -80.47476, 27.70013 ] } },
{ "type": "Feature", "properties": { "ltg_lon": -80.48354, "ltg_lat": 27.79616, "idx": 276270, "polarity": -29321, "dttime_utc": "2026-05-12 00:43", "hrl": 96.59, "precip24h": 1.6102, "erc": 21.655825, "kbdi": 217.0, "relh_min": 47.77588, "relh_max": 97.50246, "lcc": null }, "geometry": { "type": "Point", "coordinates": [ -80.48354, 27.79616 ] } },
{ "type": "Feature", "properties": { "ltg_lon": -80.52165, "ltg_lat": 27.61273, "idx": 276273, "polarity": 25400, "dttime_utc": "2026-05-12 00:43", "hrl": 66.04, "precip24h": 0.9213, "erc": 24.553001, "kbdi": 465.0, "relh_min": 47.965466, "relh_max": 97.64102, "lcc": null }, "geometry": { "type": "Point", "coordinates": [ -80.52165, 27.61273 ] } },
{ "type": "Feature", "properties": { "ltg_lon": -80.47922, "ltg_lat": 27.80411, "idx": 276279, "polarity": -19611, "dttime_utc": "2026-05-12 00:44", "hrl": 94.8, "precip24h": 1.4606, "erc": 21.420809, "kbdi": 206.0, "relh_min": 47.774162, "relh_max": 97.50237, "lcc": null }, "geometry": { "type": "Point", "coordinates": [ -80.47922, 27.80411 ] } },
{ "type": "Feature", "properties": { "ltg_lon": -80.46918, "ltg_lat": 27.80518, "idx": 276280, "polarity": -33375, "dttime_utc": "2026-05-12 00:44", "hrl": 95.93, "precip24h": 1.4724, "erc": 22.013222, "kbdi": 170.0, "relh_min": 47.928566, "relh_max": 97.63922, "lcc": null }, "geometry": { "type": "Point", "coordinates": [ -80.46918, 27.80518 ] } },
{ "type": "Feature", "properties": { "ltg_lon": -80.46643, "ltg_lat": 27.80846, "idx": 276305, "polarity": 23904, "dttime_utc": "2026-05-12 00:45", "hrl": 95.84, "precip24h": 1.4724, "erc": 22.11437, "kbdi": 170.0, "relh_min": 47.772263, "relh_max": 97.50236, "lcc": null }, "geometry": { "type": "Point", "coordinates": [ -80.46643, 27.80846 ] } },
{ "type": "Feature", "properties": { "ltg_lon": -80.48087, "ltg_lat": 27.80911, "idx": 276314, "polarity": -28342, "dttime_utc": "2026-05-12 00:45", "hrl": 94.23, "precip24h": 1.3937, "erc": 21.102184, "kbdi": 214.0, "relh_min": 47.92894, "relh_max": 97.63915, "lcc": null }, "geometry": { "type": "Point", "coordinates": [ -80.48087, 27.80911 ] } },
{ "type": "Feature", "properties": { "ltg_lon": -80.48959, "ltg_lat": 27.78878, "idx": 276312, "polarity": -20364, "dttime_utc": "2026-05-12 00:45", "hrl": 93.85, "precip24h": 1.4843, "erc": 22.003305, "kbdi": 276.0, "relh_min": 47.77766, "relh_max": 97.50253, "lcc": null }, "geometry": { "type": "Point", "coordinates": [ -80.48959, 27.78878 ] } },
{ "type": "Feature", "properties": { "ltg_lon": -80.58202, "ltg_lat": 27.60322, "idx": 276309, "polarity": -21687, "dttime_utc": "2026-05-12 00:45", "hrl": 92.34, "precip24h": 1.685, "erc": 24.62999, "kbdi": 430.0, "relh_min": 47.815792, "relh_max": 97.50455, "lcc": null }, "geometry": { "type": "Point", "coordinates": [ -80.58202, 27.60322 ] } },
{ "type": "Feature", "properties": { "ltg_lon": -80.57808, "ltg_lat": 27.62212, "idx": 276311, "polarity": -17635, "dttime_utc": "2026-05-12 00:45", "hrl": 88.74, "precip24h": 1.4488, "erc": 24.633015, "kbdi": 424.0, "relh_min": 47.969246, "relh_max": 97.64089, "lcc": null }, "geometry": { "type": "Point", "coordinates": [ -80.57808, 27.62212 ] } },
{ "type": "Feature", "properties": { "ltg_lon": -80.56663, "ltg_lat": 27.50284, "idx": 276324, "polarity": 19004, "dttime_utc": "2026-05-12 00:46", "hrl": 56.58, "precip24h": 0.8858, "erc": 24.326382, "kbdi": 439.0, "relh_min": 47.98683, "relh_max": 97.64204, "lcc": null }, "geometry": { "type": "Point", "coordinates": [ -80.56663, 27.50284 ] } },
{ "type": "Feature", "properties": { "ltg_lon": -80.47596, "ltg_lat": 27.76179, "idx": 276325, "polarity": -24396, "dttime_utc": "2026-05-12 00:46", "hrl": 93.19, "precip24h": 1.2795, "erc": 23.42641, "kbdi": 251.0, "relh_min": 47.93665, "relh_max": 97.63964, "lcc": null }, "geometry": { "type": "Point", "coordinates": [ -80.47596, 27.76179 ] } },
{ "type": "Feature", "properties": { "ltg_lon": -80.45248, "ltg_lat": 27.75909, "idx": 276327, "polarity": -6832, "dttime_utc": "2026-05-12 00:46", "hrl": 96.88, "precip24h": 1.5394, "erc": 23.733084, "kbdi": 151.0, "relh_min": 47.935005, "relh_max": 97.63972, "lcc": null }, "geometry": { "type": "Point", "coordinates": [ -80.45248, 27.75909 ] } },
{ "type": "Feature", "properties": { "ltg_lon": -80.4981, "ltg_lat": 27.79028, "idx": 276326, "polarity": -24556, "dttime_utc": "2026-05-12 00:46", "hrl": 95.36, "precip24h": 1.5315, "erc": 21.858866, "kbdi": 223.0, "relh_min": 47.933773, "relh_max": 97.6393, "lcc": null }, "geometry": { "type": "Point", "coordinates": [ -80.4981, 27.79028 ] } },
{ "type": "Feature", "properties": { "ltg_lon": -80.50723, "ltg_lat": 27.10497, "idx": 276335, "polarity": -25094, "dttime_utc": "2026-05-12 00:46", "hrl": 11.45, "precip24h": 0.3386, "erc": 23.756966, "kbdi": 543.0, "relh_min": 47.877377, "relh_max": 97.50927, "lcc": null }, "geometry": { "type": "Point", "coordinates": [ -80.50723, 27.10497 ] } },
{ "type": "Feature", "properties": { "ltg_lon": -80.47418, "ltg_lat": 27.80708, "idx": 276357, "polarity": -12839, "dttime_utc": "2026-05-12 00:47", "hrl": 94.61, "precip24h": 1.4606, "erc": 21.668533, "kbdi": 206.0, "relh_min": 47.773205, "relh_max": 97.50235, "lcc": null }, "geometry": { "type": "Point", "coordinates": [ -80.47418, 27.80708 ] } },
{ "type": "Feature", "properties": { "ltg_lon": -80.49582, "ltg_lat": 27.58541, "idx": 276363, "polarity": 15629, "dttime_utc": "2026-05-12 00:47", "hrl": 42.01, "precip24h": 0.9724, "erc": 24.363558, "kbdi": 431.0, "relh_min": 50.39846, "relh_max": 97.33887, "lcc": null }, "geometry": { "type": "Point", "coordinates": [ -80.49582, 27.58541 ] } },
{ "type": "Feature", "properties": { "ltg_lon": -80.49844, "ltg_lat": 27.52389, "idx": 276375, "polarity": 30076, "dttime_utc": "2026-05-12 00:48", "hrl": 47.97, "precip24h": 1.1772, "erc": 24.152918, "kbdi": 341.0, "relh_min": 47.977318, "relh_max": 97.64185, "lcc": null }, "geometry": { "type": "Point", "coordinates": [ -80.49844, 27.52389 ] } },
{ "type": "Feature", "properties": { "ltg_lon": -80.45955, "ltg_lat": 27.76909, "idx": 276397, "polarity": 19695, "dttime_utc": "2026-05-12 00:49", "hrl": 96.22, "precip24h": 1.4882, "erc": 23.432995, "kbdi": 195.0, "relh_min": 54.079597, "relh_max": 97.90904, "lcc": null }, "geometry": { "type": "Point", "coordinates": [ -80.45955, 27.76909 ] } },
{ "type": "Feature", "properties": { "ltg_lon": -80.53523, "ltg_lat": 27.61453, "idx": 276405, "polarity": -35615, "dttime_utc": "2026-05-12 00:49", "hrl": 73.51, "precip24h": 1.0472, "erc": 24.554777, "kbdi": 467.0, "relh_min": 50.61918, "relh_max": 97.33924, "lcc": null }, "geometry": { "type": "Point", "coordinates": [ -80.53523, 27.61453 ] } },
{ "type": "Feature", "properties": { "ltg_lon": -80.54704, "ltg_lat": 27.61683, "idx": 276404, "polarity": -22464, "dttime_utc": "2026-05-12 00:49", "hrl": 83.44, "precip24h": 1.2874, "erc": 24.56052, "kbdi": 448.0, "relh_min": 50.580364, "relh_max": 97.37643, "lcc": null }, "geometry": { "type": "Point", "coordinates": [ -80.54704, 27.61683 ] } },
{ "type": "Feature", "properties": { "ltg_lon": -80.51412, "ltg_lat": 27.60243, "idx": 276401, "polarity": -33265, "dttime_utc": "2026-05-12 00:49", "hrl": 58.37, "precip24h": 0.874, "erc": 24.53318, "kbdi": 456.0, "relh_min": 47.96642, "relh_max": 97.64112, "lcc": null }, "geometry": { "type": "Point", "coordinates": [ -80.51412, 27.60243 ] } },
{ "type": "Feature", "properties": { "ltg_lon": -80.54979, "ltg_lat": 27.48692, "idx": 276421, "polarity": 20458, "dttime_utc": "2026-05-12 00:49", "hrl": 10.88, "precip24h": 0.4291, "erc": 24.127197, "kbdi": 410.0, "relh_min": 50.027985, "relh_max": 97.24079, "lcc": null }, "geometry": { "type": "Point", "coordinates": [ -80.54979, 27.48692 ] } },
{ "type": "Feature", "properties": { "ltg_lon": -80.4843, "ltg_lat": 27.59564, "idx": 276428, "polarity": 23751, "dttime_utc": "2026-05-12 00:50", "hrl": 29.61, "precip24h": 0.9094, "erc": 24.411228, "kbdi": 418.0, "relh_min": 50.51445, "relh_max": 97.31223, "lcc": null }, "geometry": { "type": "Point", "coordinates": [ -80.4843, 27.59564 ] } },
{ "type": "Feature", "properties": { "ltg_lon": -80.47721, "ltg_lat": 27.64264, "idx": 276476, "polarity": -86765, "dttime_utc": "2026-05-12 00:52", "hrl": 47.68, "precip24h": 0.5748, "erc": 24.716736, "kbdi": 394.0, "relh_min": 47.956593, "relh_max": 97.640785, "lcc": null }, "geometry": { "type": "Point", "coordinates": [ -80.47721, 27.64264 ] } },
{ "type": "Feature", "properties": { "ltg_lon": -80.52815, "ltg_lat": 27.67996, "idx": 276477, "polarity": -92341, "dttime_utc": "2026-05-12 00:52", "hrl": 79.0, "precip24h": 1.2559, "erc": 24.450583, "kbdi": 337.0, "relh_min": 51.307682, "relh_max": 97.55436, "lcc": null }, "geometry": { "type": "Point", "coordinates": [ -80.52815, 27.67996 ] } },
{ "type": "Feature", "properties": { "ltg_lon": -80.4729, "ltg_lat": 27.51069, "idx": 276510, "polarity": 21854, "dttime_utc": "2026-05-12 00:53", "hrl": 27.06, "precip24h": 0.8819, "erc": 23.851639, "kbdi": 313.0, "relh_min": 47.97706, "relh_max": 97.64198, "lcc": null }, "geometry": { "type": "Point", "coordinates": [ -80.4729, 27.51069 ] } },
{ "type": "Feature", "properties": { "ltg_lon": -80.42399, "ltg_lat": 27.69389, "idx": 276521, "polarity": 23763, "dttime_utc": "2026-05-12 00:54", "hrl": 75.21, "precip24h": 1.2717, "erc": 24.82012, "kbdi": 249.0, "relh_min": 47.943462, "relh_max": 97.6404, "lcc": null }, "geometry": { "type": "Point", "coordinates": [ -80.42399, 27.69389 ] } },
{ "type": "Feature", "properties": { "ltg_lon": -80.49355, "ltg_lat": 27.52441, "idx": 276551, "polarity": 20788, "dttime_utc": "2026-05-12 00:55", "hrl": 48.06, "precip24h": 1.1772, "erc": 24.132315, "kbdi": 341.0, "relh_min": 50.153767, "relh_max": 97.24805, "lcc": null }, "geometry": { "type": "Point", "coordinates": [ -80.49355, 27.52441 ] } },
{ "type": "Feature", "properties": { "ltg_lon": -80.47634, "ltg_lat": 27.70458, "idx": 276557, "polarity": -50114, "dttime_utc": "2026-05-12 00:55", "hrl": 92.43, "precip24h": 1.5354, "erc": 24.40063, "kbdi": 248.0, "relh_min": 47.946327, "relh_max": 97.6402, "lcc": null }, "geometry": { "type": "Point", "coordinates": [ -80.47634, 27.70458 ] } },
{ "type": "Feature", "properties": { "ltg_lon": -80.44941, "ltg_lat": 27.69815, "idx": 276553, "polarity": 22153, "dttime_utc": "2026-05-12 00:55", "hrl": 84.39, "precip24h": 1.3976, "erc": 24.616337, "kbdi": 276.0, "relh_min": 51.624477, "relh_max": 97.49852, "lcc": null }, "geometry": { "type": "Point", "coordinates": [ -80.44941, 27.69815 ] } },
{ "type": "Feature", "properties": { "ltg_lon": -80.50245, "ltg_lat": 27.68294, "idx": 276578, "polarity": -39041, "dttime_utc": "2026-05-12 00:57", "hrl": 79.47, "precip24h": 1.2874, "erc": 24.500843, "kbdi": 314.0, "relh_min": 47.95229, "relh_max": 97.640366, "lcc": null }, "geometry": { "type": "Point", "coordinates": [ -80.50245, 27.68294 ] } },
{ "type": "Feature", "properties": { "ltg_lon": -80.50983, "ltg_lat": 27.6937, "idx": 276579, "polarity": -32597, "dttime_utc": "2026-05-12 00:57", "hrl": 87.8, "precip24h": 1.315, "erc": 24.39278, "kbdi": 263.0, "relh_min": 51.6001, "relh_max": 97.53924, "lcc": null }, "geometry": { "type": "Point", "coordinates": [ -80.50983, 27.6937 ] } },
{ "type": "Feature", "properties": { "ltg_lon": -80.47481, "ltg_lat": 27.68117, "idx": 276601, "polarity": 14952, "dttime_utc": "2026-05-12 00:58", "hrl": 77.58, "precip24h": 1.3583, "erc": 24.631897, "kbdi": 336.0, "relh_min": 51.37499, "relh_max": 97.498886, "lcc": null }, "geometry": { "type": "Point", "coordinates": [ -80.47481, 27.68117 ] } },
{ "type": "Feature", "properties": { "ltg_lon": -80.44129, "ltg_lat": 27.05348, "idx": 276633, "polarity": -30175, "dttime_utc": "2026-05-12 01:01", "hrl": 55.63, "precip24h": 0.7756, "erc": 23.633345, "kbdi": 406.0, "relh_min": 48.10497, "relh_max": 97.70947, "lcc": null }, "geometry": { "type": "Point", "coordinates": [ -80.44129, 27.05348 ] } },
{ "type": "Feature", "properties": { "ltg_lon": -80.45579, "ltg_lat": 27.72106, "idx": 276636, "polarity": -16685, "dttime_utc": "2026-05-12 01:01", "hrl": 95.74, "precip24h": 1.6417, "erc": 24.30242, "kbdi": 153.0, "relh_min": 52.237778, "relh_max": 97.64299, "lcc": null }, "geometry": { "type": "Point", "coordinates": [ -80.45579, 27.72106 ] } },
{ "type": "Feature", "properties": { "ltg_lon": -80.46714, "ltg_lat": 27.70517, "idx": 276637, "polarity": -30070, "dttime_utc": "2026-05-12 01:01", "hrl": 93.28, "precip24h": 1.4606, "erc": 24.437778, "kbdi": 238.0, "relh_min": 48.018578, "relh_max": 97.70847, "lcc": null }, "geometry": { "type": "Point", "coordinates": [ -80.46714, 27.70517 ] } },
{ "type": "Feature", "properties": { "ltg_lon": -80.47923, "ltg_lat": 27.6896, "idx": 276642, "polarity": -18029, "dttime_utc": "2026-05-12 01:01", "hrl": 77.48, "precip24h": 1.3583, "erc": 24.525043, "kbdi": 336.0, "relh_min": 48.021965, "relh_max": 97.70854, "lcc": null }, "geometry": { "type": "Point", "coordinates": [ -80.47923, 27.6896 ] } },
{ "type": "Feature", "properties": { "ltg_lon": -80.48349, "ltg_lat": 27.65003, "idx": 276646, "polarity": -8075, "dttime_utc": "2026-05-12 01:01", "hrl": 44.28, "precip24h": 0.7047, "erc": 24.685106, "kbdi": 398.0, "relh_min": 47.95596, "relh_max": 97.64071, "lcc": null }, "geometry": { "type": "Point", "coordinates": [ -80.48349, 27.65003 ] } },
{ "type": "Feature", "properties": { "ltg_lon": -80.43236, "ltg_lat": 27.64102, "idx": 276644, "polarity": -43259, "dttime_utc": "2026-05-12 01:01", "hrl": 34.34, "precip24h": 0.4606, "erc": 25.18826, "kbdi": 346.0, "relh_min": 48.02553, "relh_max": 97.70855, "lcc": null }, "geometry": { "type": "Point", "coordinates": [ -80.43236, 27.64102 ] } },
{ "type": "Feature", "properties": { "ltg_lon": -80.44333, "ltg_lat": 27.05981, "idx": 276659, "polarity": -23805, "dttime_utc": "2026-05-12 01:02", "hrl": 55.82, "precip24h": 0.7756, "erc": 23.625181, "kbdi": 406.0, "relh_min": 51.074924, "relh_max": 96.613464, "lcc": null }, "geometry": { "type": "Point", "coordinates": [ -80.44333, 27.05981 ] } },
{ "type": "Feature", "properties": { "ltg_lon": -80.47116, "ltg_lat": 27.51251, "idx": 276661, "polarity": -17321, "dttime_utc": "2026-05-12 01:02", "hrl": 45.79, "precip24h": 0.8819, "erc": 23.845888, "kbdi": 313.0, "relh_min": 50.19031, "relh_max": 97.295746, "lcc": null }, "geometry": { "type": "Point", "coordinates": [ -80.47116, 27.51251 ] } },
{ "type": "Feature", "properties": { "ltg_lon": -80.45039, "ltg_lat": 27.69748, "idx": 276691, "polarity": -31201, "dttime_utc": "2026-05-12 01:04", "hrl": 87.7, "precip24h": 1.5157, "erc": 24.618332, "kbdi": 278.0, "relh_min": 54.9022, "relh_max": 97.01136, "lcc": null }, "geometry": { "type": "Point", "coordinates": [ -80.45039, 27.69748 ] } },
{ "type": "Feature", "properties": { "ltg_lon": -80.64921, "ltg_lat": 28.59918, "idx": 276693, "polarity": -25215, "dttime_utc": "2026-05-12 01:04", "hrl": 54.4, "precip24h": 0.7126, "erc": 24.376575, "kbdi": 463.0, "relh_min": 47.78029, "relh_max": 97.62778, "lcc": null }, "geometry": { "type": "Point", "coordinates": [ -80.64921, 28.59918 ] } },
{ "type": "Feature", "properties": { "ltg_lon": -80.46852, "ltg_lat": 27.49057, "idx": 276752, "polarity": 23448, "dttime_utc": "2026-05-12 01:06", "hrl": 33.49, "precip24h": 0.3976, "erc": 23.77455, "kbdi": 311.0, "relh_min": 47.97975, "relh_max": 97.642166, "lcc": null }, "geometry": { "type": "Point", "coordinates": [ -80.46852, 27.49057 ] } },
{ "type": "Feature", "properties": { "ltg_lon": -80.46362, "ltg_lat": 27.51395, "idx": 276758, "polarity": -31772, "dttime_utc": "2026-05-12 01:07", "hrl": 22.33, "precip24h": 0.8661, "erc": 23.795723, "kbdi": 303.0, "relh_min": 47.975735, "relh_max": 97.64196, "lcc": null }, "geometry": { "type": "Point", "coordinates": [ -80.46362, 27.51395 ] } },
{ "type": "Feature", "properties": { "ltg_lon": -80.45881, "ltg_lat": 27.53489, "idx": 276761, "polarity": -29452, "dttime_utc": "2026-05-12 01:07", "hrl": 40.59, "precip24h": 1.2047, "erc": 23.983276, "kbdi": 284.0, "relh_min": 47.972065, "relh_max": 97.641785, "lcc": null }, "geometry": { "type": "Point", "coordinates": [ -80.45881, 27.53489 ] } },
{ "type": "Feature", "properties": { "ltg_lon": -80.4954, "ltg_lat": 27.53037, "idx": 276760, "polarity": -15721, "dttime_utc": "2026-05-12 01:07", "hrl": 59.32, "precip24h": 1.185, "erc": 24.160885, "kbdi": 335.0, "relh_min": 50.25932, "relh_max": 97.31504, "lcc": null }, "geometry": { "type": "Point", "coordinates": [ -80.4954, 27.53037 ] } },
{ "type": "Feature", "properties": { "ltg_lon": -80.46426, "ltg_lat": 27.50674, "idx": 276795, "polarity": -29631, "dttime_utc": "2026-05-12 01:08", "hrl": 37.46, "precip24h": 0.5984, "erc": 23.774364, "kbdi": 301.0, "relh_min": 50.16865, "relh_max": 97.289665, "lcc": null }, "geometry": { "type": "Point", "coordinates": [ -80.46426, 27.50674 ] } },
{ "type": "Feature", "properties": { "ltg_lon": -80.45534, "ltg_lat": 27.49639, "idx": 276794, "polarity": -8636, "dttime_utc": "2026-05-12 01:08", "hrl": 29.33, "precip24h": 0.3504, "erc": 23.667818, "kbdi": 320.0, "relh_min": 50.14711, "relh_max": 97.27981, "lcc": null }, "geometry": { "type": "Point", "coordinates": [ -80.45534, 27.49639 ] } },
{ "type": "Feature", "properties": { "ltg_lon": -80.47367, "ltg_lat": 27.51712, "idx": 276805, "polarity": -25204, "dttime_utc": "2026-05-12 01:08", "hrl": 30.46, "precip24h": 0.8819, "erc": 23.87988, "kbdi": 313.0, "relh_min": 50.221912, "relh_max": 97.29973, "lcc": null }, "geometry": { "type": "Point", "coordinates": [ -80.47367, 27.51712 ] } },
{ "type": "Feature", "properties": { "ltg_lon": -80.4926, "ltg_lat": 27.51634, "idx": 276803, "polarity": -21796, "dttime_utc": "2026-05-12 01:08", "hrl": 28.0, "precip24h": 0.9252, "erc": 23.982374, "kbdi": 339.0, "relh_min": 52.212906, "relh_max": 96.873436, "lcc": null }, "geometry": { "type": "Point", "coordinates": [ -80.4926, 27.51634 ] } },
{ "type": "Feature", "properties": { "ltg_lon": -81.08524, "ltg_lat": 27.5197, "idx": 276810, "polarity": -19950, "dttime_utc": "2026-05-12 01:09", "hrl": 36.23, "precip24h": 0.5748, "erc": 25.547886, "kbdi": 486.0, "relh_min": 48.105328, "relh_max": 97.71185, "lcc": null }, "geometry": { "type": "Point", "coordinates": [ -81.08524, 27.5197 ] } },
{ "type": "Feature", "properties": { "ltg_lon": -80.45774, "ltg_lat": 27.52402, "idx": 276829, "polarity": -27697, "dttime_utc": "2026-05-12 01:09", "hrl": 31.79, "precip24h": 1.0512, "erc": 23.799692, "kbdi": 287.0, "relh_min": 53.082115, "relh_max": 96.70675, "lcc": null }, "geometry": { "type": "Point", "coordinates": [ -80.45774, 27.52402 ] } },
{ "type": "Feature", "properties": { "ltg_lon": -80.46141, "ltg_lat": 27.51338, "idx": 276836, "polarity": -31028, "dttime_utc": "2026-05-12 01:10", "hrl": 46.45, "precip24h": 0.8661, "erc": 23.775616, "kbdi": 303.0, "relh_min": 48.04657, "relh_max": 97.70891, "lcc": null }, "geometry": { "type": "Point", "coordinates": [ -80.46141, 27.51338 ] } },
{ "type": "Feature", "properties": { "ltg_lon": -80.44737, "ltg_lat": 27.51544, "idx": 276835, "polarity": -9510, "dttime_utc": "2026-05-12 01:10", "hrl": 27.25, "precip24h": 0.8622, "erc": 23.65576, "kbdi": 289.0, "relh_min": 50.19067, "relh_max": 97.29064, "lcc": null }, "geometry": { "type": "Point", "coordinates": [ -80.44737, 27.51544 ] } },
{ "type": "Feature", "properties": { "ltg_lon": -80.40226, "ltg_lat": 27.74087, "idx": 276852, "polarity": -29242, "dttime_utc": "2026-05-12 01:10", "hrl": 96.31, "precip24h": 1.4764, "erc": 24.362919, "kbdi": 139.0, "relh_min": 54.183502, "relh_max": 97.12996, "lcc": null }, "geometry": { "type": "Point", "coordinates": [ -80.40226, 27.74087 ] } },
{ "type": "Feature", "properties": { "ltg_lon": -80.41028, "ltg_lat": 27.7385, "idx": 276851, "polarity": -20052, "dttime_utc": "2026-05-12 01:10", "hrl": 93.95, "precip24h": 1.5354, "erc": 24.34238, "kbdi": 183.0, "relh_min": 52.039585, "relh_max": 97.611145, "lcc": null }, "geometry": { "type": "Point", "coordinates": [ -80.41028, 27.7385 ] } },
{ "type": "Feature", "properties": { "ltg_lon": -80.43162, "ltg_lat": 27.52495, "idx": 276854, "polarity": -40863, "dttime_utc": "2026-05-12 01:10", "hrl": 39.45, "precip24h": 0.9173, "erc": 23.552898, "kbdi": 284.0, "relh_min": 52.245125, "relh_max": 96.8564, "lcc": null }, "geometry": { "type": "Point", "coordinates": [ -80.43162, 27.52495 ] } },
{ "type": "Feature", "properties": { "ltg_lon": -80.46838, "ltg_lat": 27.50978, "idx": 276856, "polarity": -17851, "dttime_utc": "2026-05-12 01:10", "hrl": 26.68, "precip24h": 0.5984, "erc": 23.816402, "kbdi": 301.0, "relh_min": 50.19502, "relh_max": 97.293015, "lcc": null }, "geometry": { "type": "Point", "coordinates": [ -80.46838, 27.50978 ] } },
{ "type": "Feature", "properties": { "ltg_lon": -80.42537, "ltg_lat": 27.52231, "idx": 276875, "polarity": -27689, "dttime_utc": "2026-05-12 01:11", "hrl": 35.38, "precip24h": 0.8937, "erc": 23.4436, "kbdi": 295.0, "relh_min": 52.228725, "relh_max": 96.85258, "lcc": null }, "geometry": { "type": "Point", "coordinates": [ -80.42537, 27.52231 ] } },
{ "type": "Feature", "properties": { "ltg_lon": -80.36107, "ltg_lat": 27.63454, "idx": 276877, "polarity": 20712, "dttime_utc": "2026-05-12 01:11", "hrl": 70.58, "precip24h": 0.6339, "erc": 24.62154, "kbdi": 293.0, "relh_min": 50.624023, "relh_max": 97.3667, "lcc": null }, "geometry": { "type": "Point", "coordinates": [ -80.36107, 27.63454 ] } },
{ "type": "Feature", "properties": { "ltg_lon": -80.492, "ltg_lat": 27.51902, "idx": 276878, "polarity": -21637, "dttime_utc": "2026-05-12 01:11", "hrl": 27.91, "precip24h": 0.9252, "erc": 24.107641, "kbdi": 339.0, "relh_min": 50.231705, "relh_max": 97.306076, "lcc": null }, "geometry": { "type": "Point", "coordinates": [ -80.492, 27.51902 ] } },
{ "type": "Feature", "properties": { "ltg_lon": -80.40987, "ltg_lat": 27.71754, "idx": 276883, "polarity": -38497, "dttime_utc": "2026-05-12 01:11", "hrl": 85.53, "precip24h": 1.6772, "erc": 24.547443, "kbdi": 168.0, "relh_min": 53.91476, "relh_max": 97.08922, "lcc": null }, "geometry": { "type": "Point", "coordinates": [ -80.40987, 27.71754 ] } },
{ "type": "Feature", "properties": { "ltg_lon": -80.4104, "ltg_lat": 27.71392, "idx": 276884, "polarity": -31479, "dttime_utc": "2026-05-12 01:11", "hrl": 87.32, "precip24h": 1.626, "erc": 24.58402, "kbdi": 171.0, "relh_min": 51.66423, "relh_max": 97.54622, "lcc": null }, "geometry": { "type": "Point", "coordinates": [ -80.4104, 27.71392 ] } },
{ "type": "Feature", "properties": { "ltg_lon": -80.43767, "ltg_lat": 27.51071, "idx": 276892, "polarity": -37726, "dttime_utc": "2026-05-12 01:11", "hrl": 25.92, "precip24h": 0.8071, "erc": 23.51371, "kbdi": 286.0, "relh_min": 52.17957, "relh_max": 96.85131, "lcc": null }, "geometry": { "type": "Point", "coordinates": [ -80.43767, 27.51071 ] } },
{ "type": "Feature", "properties": { "ltg_lon": -80.44176, "ltg_lat": 27.51072, "idx": 276894, "polarity": -37110, "dttime_utc": "2026-05-12 01:11", "hrl": 39.83, "precip24h": 0.8622, "erc": 23.565859, "kbdi": 289.0, "relh_min": 52.181194, "relh_max": 96.85287, "lcc": null }, "geometry": { "type": "Point", "coordinates": [ -80.44176, 27.51072 ] } },
{ "type": "Feature", "properties": { "ltg_lon": -80.43569, "ltg_lat": 27.52496, "idx": 276901, "polarity": -40223, "dttime_utc": "2026-05-12 01:12", "hrl": 27.63, "precip24h": 0.9173, "erc": 23.599846, "kbdi": 284.0, "relh_min": 50.217766, "relh_max": 97.29409, "lcc": null }, "geometry": { "type": "Point", "coordinates": [ -80.43569, 27.52496 ] } },
{ "type": "Feature", "properties": { "ltg_lon": -80.47545, "ltg_lat": 27.52621, "idx": 276919, "polarity": -35840, "dttime_utc": "2026-05-12 01:12", "hrl": 34.44, "precip24h": 1.2244, "erc": 24.042736, "kbdi": 314.0, "relh_min": 52.2634, "relh_max": 96.872574, "lcc": null }, "geometry": { "type": "Point", "coordinates": [ -80.47545, 27.52621 ] } },
{ "type": "Feature", "properties": { "ltg_lon": -80.46055, "ltg_lat": 27.52082, "idx": 276918, "polarity": -31638, "dttime_utc": "2026-05-12 01:12", "hrl": 56.48, "precip24h": 1.1535, "erc": 23.80387, "kbdi": 298.0, "relh_min": 52.234882, "relh_max": 96.864784, "lcc": null }, "geometry": { "type": "Point", "coordinates": [ -80.46055, 27.52082 ] } },
{ "type": "Feature", "properties": { "ltg_lon": -80.42361, "ltg_lat": 27.5202, "idx": 276917, "polarity": -17249, "dttime_utc": "2026-05-12 01:12", "hrl": 35.76, "precip24h": 0.8937, "erc": 23.393505, "kbdi": 295.0, "relh_min": 48.042572, "relh_max": 97.708786, "lcc": null }, "geometry": { "type": "Point", "coordinates": [ -80.42361, 27.5202 ] } },
{ "type": "Feature", "properties": { "ltg_lon": -80.40671, "ltg_lat": 27.72315, "idx": 276940, "polarity": -19252, "dttime_utc": "2026-05-12 01:13", "hrl": 84.58, "precip24h": 1.5827, "erc": 24.501137, "kbdi": 149.0, "relh_min": 51.762173, "relh_max": 97.5626, "lcc": null }, "geometry": { "type": "Point", "coordinates": [ -80.40671, 27.72315 ] } },
{ "type": "Feature", "properties": { "ltg_lon": -80.45529, "ltg_lat": 27.50659, "idx": 276947, "polarity": 11349, "dttime_utc": "2026-05-12 01:13", "hrl": 36.14, "precip24h": 0.6102, "erc": 23.694569, "kbdi": 306.0, "relh_min": 48.047043, "relh_max": 97.70891, "lcc": null }, "geometry": { "type": "Point", "coordinates": [ -80.45529, 27.50659 ] } },
{ "type": "Feature", "properties": { "ltg_lon": -80.41823, "ltg_lat": 27.51521, "idx": 276955, "polarity": -50775, "dttime_utc": "2026-05-12 01:13", "hrl": 20.91, "precip24h": 0.815, "erc": 23.243498, "kbdi": 298.0, "relh_min": 50.170483, "relh_max": 97.28093, "lcc": null }, "geometry": { "type": "Point", "coordinates": [ -80.41823, 27.51521 ] } },
{ "type": "Feature", "properties": { "ltg_lon": -80.41959, "ltg_lat": 27.51216, "idx": 276952, "polarity": -29842, "dttime_utc": "2026-05-12 01:13", "hrl": 21.0, "precip24h": 0.815, "erc": 23.2346, "kbdi": 298.0, "relh_min": 50.161346, "relh_max": 97.27914, "lcc": null }, "geometry": { "type": "Point", "coordinates": [ -80.41959, 27.51216 ] } },
{ "type": "Feature", "properties": { "ltg_lon": -80.40969, "ltg_lat": 27.51677, "idx": 276949, "polarity": -23817, "dttime_utc": "2026-05-12 01:13", "hrl": 25.26, "precip24h": 0.8898, "erc": 23.097666, "kbdi": 280.0, "relh_min": 50.168606, "relh_max": 97.27916, "lcc": null }, "geometry": { "type": "Point", "coordinates": [ -80.40969, 27.51677 ] } },
{ "type": "Feature", "properties": { "ltg_lon": -80.4643, "ltg_lat": 27.53211, "idx": 276960, "polarity": -18295, "dttime_utc": "2026-05-12 01:13", "hrl": 43.05, "precip24h": 1.252, "erc": 24.00262, "kbdi": 295.0, "relh_min": 52.293022, "relh_max": 96.872025, "lcc": null }, "geometry": { "type": "Point", "coordinates": [ -80.4643, 27.53211 ] } },
{ "type": "Feature", "properties": { "ltg_lon": -80.4577, "ltg_lat": 27.52225, "idx": 276961, "polarity": -10970, "dttime_utc": "2026-05-12 01:13", "hrl": 43.99, "precip24h": 1.0512, "erc": 23.789217, "kbdi": 287.0, "relh_min": 48.045002, "relh_max": 97.708885, "lcc": null }, "geometry": { "type": "Point", "coordinates": [ -80.4577, 27.52225 ] } },
{ "type": "Feature", "properties": { "ltg_lon": -80.47833, "ltg_lat": 27.5112, "idx": 276963, "polarity": -28616, "dttime_utc": "2026-05-12 01:13", "hrl": 30.37, "precip24h": 0.8819, "erc": 23.888653, "kbdi": 313.0, "relh_min": 52.189877, "relh_max": 96.86637, "lcc": null }, "geometry": { "type": "Point", "coordinates": [ -80.47833, 27.5112 ] } },
{ "type": "Feature", "properties": { "ltg_lon": -80.47273, "ltg_lat": 27.46104, "idx": 276959, "polarity": -24239, "dttime_utc": "2026-05-12 01:13", "hrl": 8.23, "precip24h": 0.1929, "erc": 23.812595, "kbdi": 362.0, "relh_min": 52.76813, "relh_max": 96.67699, "lcc": null }, "geometry": { "type": "Point", "coordinates": [ -80.47273, 27.46104 ] } },
{ "type": "Feature", "properties": { "ltg_lon": -80.45564, "ltg_lat": 27.48738, "idx": 276964, "polarity": 18443, "dttime_utc": "2026-05-12 01:13", "hrl": 17.41, "precip24h": 0.2205, "erc": 23.66177, "kbdi": 343.0, "relh_min": 50.120483, "relh_max": 97.27396, "lcc": null }, "geometry": { "type": "Point", "coordinates": [ -80.45564, 27.48738 ] } },
{ "type": "Feature", "properties": { "ltg_lon": -80.42102, "ltg_lat": 27.52276, "idx": 276981, "polarity": -49175, "dttime_utc": "2026-05-12 01:13", "hrl": 24.31, "precip24h": 0.8937, "erc": 23.386745, "kbdi": 295.0, "relh_min": 50.213818, "relh_max": 97.287575, "lcc": null }, "geometry": { "type": "Point", "coordinates": [ -80.42102, 27.52276 ] } },
{ "type": "Feature", "properties": { "ltg_lon": -80.43349, "ltg_lat": 27.46663, "idx": 276977, "polarity": -31638, "dttime_utc": "2026-05-12 01:13", "hrl": 8.14, "precip24h": 0.4016, "erc": 23.481903, "kbdi": 378.0, "relh_min": 51.99291, "relh_max": 96.830086, "lcc": null }, "geometry": { "type": "Point", "coordinates": [ -80.43349, 27.46663 ] } },
{ "type": "Feature", "properties": { "ltg_lon": -80.43806, "ltg_lat": 27.5198, "idx": 276983, "polarity": -28456, "dttime_utc": "2026-05-12 01:14", "hrl": 25.83, "precip24h": 0.8071, "erc": 23.582298, "kbdi": 286.0, "relh_min": 50.215515, "relh_max": 97.290924, "lcc": null }, "geometry": { "type": "Point", "coordinates": [ -80.43806, 27.5198 ] } },
{ "type": "Feature", "properties": { "ltg_lon": -80.39647, "ltg_lat": 27.73221, "idx": 277003, "polarity": -37975, "dttime_utc": "2026-05-12 01:14", "hrl": 88.55, "precip24h": 1.5709, "erc": 24.456915, "kbdi": 107.0, "relh_min": 51.767067, "relh_max": 97.56345, "lcc": null }, "geometry": { "type": "Point", "coordinates": [ -80.39647, 27.73221 ] } },
{ "type": "Feature", "properties": { "ltg_lon": -80.39771, "ltg_lat": 27.72586, "idx": 277004, "polarity": -31584, "dttime_utc": "2026-05-12 01:14", "hrl": 82.78, "precip24h": 1.6339, "erc": 24.503967, "kbdi": 139.0, "relh_min": 51.696938, "relh_max": 97.55166, "lcc": null }, "geometry": { "type": "Point", "coordinates": [ -80.39771, 27.72586 ] } },
{ "type": "Feature", "properties": { "ltg_lon": -80.40795, "ltg_lat": 27.72543, "idx": 277006, "polarity": -33235, "dttime_utc": "2026-05-12 01:14", "hrl": 84.48, "precip24h": 1.5827, "erc": 24.475273, "kbdi": 149.0, "relh_min": 51.797356, "relh_max": 97.57078, "lcc": null }, "geometry": { "type": "Point", "coordinates": [ -80.40795, 27.72543 ] } },
{ "type": "Feature", "properties": { "ltg_lon": -80.41043, "ltg_lat": 27.52557, "idx": 277042, "polarity": -23452, "dttime_utc": "2026-05-12 01:15", "hrl": 47.87, "precip24h": 0.9252, "erc": 23.27047, "kbdi": 300.0, "relh_min": 50.214703, "relh_max": 97.28612, "lcc": null }, "geometry": { "type": "Point", "coordinates": [ -80.41043, 27.52557 ] } },
{ "type": "Feature", "properties": { "ltg_lon": -80.42678, "ltg_lat": 27.51149, "idx": 277022, "polarity": -32424, "dttime_utc": "2026-05-12 01:15", "hrl": 21.48, "precip24h": 0.7756, "erc": 23.3571, "kbdi": 296.0, "relh_min": 48.044067, "relh_max": 97.70882, "lcc": null }, "geometry": { "type": "Point", "coordinates": [ -80.42678, 27.51149 ] } },
{ "type": "Feature", "properties": { "ltg_lon": -80.43277, "ltg_lat": 27.50265, "idx": 277021, "polarity": -34893, "dttime_utc": "2026-05-12 01:15", "hrl": 20.15, "precip24h": 0.5787, "erc": 23.402351, "kbdi": 318.0, "relh_min": 50.13975, "relh_max": 97.27672, "lcc": null }, "geometry": { "type": "Point", "coordinates": [ -80.43277, 27.50265 ] } },
{ "type": "Feature", "properties": { "ltg_lon": -80.38819, "ltg_lat": 27.48053, "idx": 277033, "polarity": -30170, "dttime_utc": "2026-05-12 01:15", "hrl": 13.91, "precip24h": 0.5787, "erc": 22.480696, "kbdi": 333.0, "relh_min": 50.042637, "relh_max": 97.24582, "lcc": null }, "geometry": { "type": "Point", "coordinates": [ -80.38819, 27.48053 ] } },
{ "type": "Feature", "properties": { "ltg_lon": -80.38413, "ltg_lat": 27.48037, "idx": 277032, "polarity": -21696, "dttime_utc": "2026-05-12 01:15", "hrl": 9.93, "precip24h": 0.5787, "erc": 22.415808, "kbdi": 333.0, "relh_min": 52.01945, "relh_max": 96.815315, "lcc": null }, "geometry": { "type": "Point", "coordinates": [ -80.38413, 27.48037 ] } },
{ "type": "Feature", "properties": { "ltg_lon": -80.38942, "ltg_lat": 27.4972, "idx": 277043, "polarity": 16380, "dttime_utc": "2026-05-12 01:15", "hrl": 16.65, "precip24h": 0.622, "erc": 22.044464, "kbdi": 305.0, "relh_min": 52.091106, "relh_max": 96.82541, "lcc": null }, "geometry": { "type": "Point", "coordinates": [ -80.38942, 27.4972 ] } },
{ "type": "Feature", "properties": { "ltg_lon": -80.38953, "ltg_lat": 27.49149, "idx": 277061, "polarity": -32168, "dttime_utc": "2026-05-12 01:16", "hrl": 12.68, "precip24h": 0.622, "erc": 22.154604, "kbdi": 305.0, "relh_min": 52.06762, "relh_max": 96.82272, "lcc": null }, "geometry": { "type": "Point", "coordinates": [ -80.38953, 27.49149 ] } },
{ "type": "Feature", "properties": { "ltg_lon": -80.40038, "ltg_lat": 27.43413, "idx": 277072, "polarity": -26003, "dttime_utc": "2026-05-12 01:16", "hrl": 11.92, "precip24h": 0.4803, "erc": 23.270208, "kbdi": 309.0, "relh_min": 49.95947, "relh_max": 97.22022, "lcc": null }, "geometry": { "type": "Point", "coordinates": [ -80.40038, 27.43413 ] } },
{ "type": "Feature", "properties": { "ltg_lon": -80.41251, "ltg_lat": 27.52588, "idx": 277085, "polarity": -21259, "dttime_utc": "2026-05-12 01:16", "hrl": 47.78, "precip24h": 0.9252, "erc": 23.30736, "kbdi": 300.0, "relh_min": 52.237736, "relh_max": 96.84948, "lcc": null }, "geometry": { "type": "Point", "coordinates": [ -80.41251, 27.52588 ] } },
{ "type": "Feature", "properties": { "ltg_lon": -80.38672, "ltg_lat": 27.49891, "idx": 277092, "polarity": 27168, "dttime_utc": "2026-05-12 01:17", "hrl": 12.58, "precip24h": 0.622, "erc": 21.875376, "kbdi": 305.0, "relh_min": 52.096165, "relh_max": 96.82512, "lcc": null }, "geometry": { "type": "Point", "coordinates": [ -80.38672, 27.49891 ] } },
{ "type": "Feature", "properties": { "ltg_lon": -80.40267, "ltg_lat": 27.48873, "idx": 277111, "polarity": -34474, "dttime_utc": "2026-05-12 01:17", "hrl": 19.11, "precip24h": 0.5039, "erc": 22.717531, "kbdi": 344.0, "relh_min": 50.091743, "relh_max": 97.25662, "lcc": null }, "geometry": { "type": "Point", "coordinates": [ -80.40267, 27.48873 ] } },
{ "type": "Feature", "properties": { "ltg_lon": -80.33063, "ltg_lat": 27.56187, "idx": 277117, "polarity": -48318, "dttime_utc": "2026-05-12 01:17", "hrl": 64.05, "precip24h": 1.3268, "erc": 23.748451, "kbdi": 250.0, "relh_min": 50.218044, "relh_max": 97.28374, "lcc": null }, "geometry": { "type": "Point", "coordinates": [ -80.33063, 27.56187 ] } },
{ "type": "Feature", "properties": { "ltg_lon": -80.40863, "ltg_lat": 27.53287, "idx": 277130, "polarity": -22549, "dttime_utc": "2026-05-12 01:18", "hrl": 47.49, "precip24h": 1.0118, "erc": 23.38387, "kbdi": 304.0, "relh_min": 50.239594, "relh_max": 97.291214, "lcc": null }, "geometry": { "type": "Point", "coordinates": [ -80.40863, 27.53287 ] } },
{ "type": "Feature", "properties": { "ltg_lon": -80.37946, "ltg_lat": 27.49916, "idx": 277134, "polarity": 20554, "dttime_utc": "2026-05-12 01:18", "hrl": 17.31, "precip24h": 0.6614, "erc": 21.310833, "kbdi": 299.0, "relh_min": 50.085613, "relh_max": 97.255585, "lcc": null }, "geometry": { "type": "Point", "coordinates": [ -80.37946, 27.49916 ] } },
{ "type": "Feature", "properties": { "ltg_lon": -80.37115, "ltg_lat": 27.50473, "idx": 277135, "polarity": 10348, "dttime_utc": "2026-05-12 01:18", "hrl": 13.53, "precip24h": 0.7598, "erc": 21.826263, "kbdi": 302.0, "relh_min": 50.10824, "relh_max": 97.25653, "lcc": null }, "geometry": { "type": "Point", "coordinates": [ -80.37115, 27.50473 ] } },
{ "type": "Feature", "properties": { "ltg_lon": -81.0797, "ltg_lat": 27.70795, "idx": 277143, "polarity": -36437, "dttime_utc": "2026-05-12 01:18", "hrl": 67.55, "precip24h": 1.4134, "erc": 26.026535, "kbdi": 533.0, "relh_min": 48.078087, "relh_max": 97.71098, "lcc": null }, "geometry": { "type": "Point", "coordinates": [ -81.0797, 27.70795 ] } },
{ "type": "Feature", "properties": { "ltg_lon": -81.04524, "ltg_lat": 27.68413, "idx": 277144, "polarity": -13960, "dttime_utc": "2026-05-12 01:18", "hrl": 91.39, "precip24h": 2.248, "erc": 25.880033, "kbdi": 502.0, "relh_min": 49.228855, "relh_max": 97.249176, "lcc": null }, "geometry": { "type": "Point", "coordinates": [ -81.04524, 27.68413 ] } },
{ "type": "Feature", "properties": { "ltg_lon": -80.40883, "ltg_lat": 27.48926, "idx": 277165, "polarity": -21708, "dttime_utc": "2026-05-12 01:19", "hrl": 18.73, "precip24h": 0.5039, "erc": 22.892595, "kbdi": 344.0, "relh_min": 50.09801, "relh_max": 97.25916, "lcc": 230.003 }, "geometry": { "type": "Point", "coordinates": [ -80.40883, 27.48926 ] } },
{ "type": "Feature", "properties": { "ltg_lon": -80.41287, "ltg_lat": 27.47834, "idx": 277162, "polarity": -34022, "dttime_utc": "2026-05-12 01:19", "hrl": 8.51, "precip24h": 0.4094, "erc": 23.09374, "kbdi": 364.0, "relh_min": 52.029346, "relh_max": 96.82637, "lcc": null }, "geometry": { "type": "Point", "coordinates": [ -80.41287, 27.47834 ] } },
{ "type": "Feature", "properties": { "ltg_lon": -80.39767, "ltg_lat": 27.5254, "idx": 277163, "polarity": -26721, "dttime_utc": "2026-05-12 01:19", "hrl": 50.9, "precip24h": 0.9409, "erc": 23.06976, "kbdi": 295.0, "relh_min": 50.20169, "relh_max": 97.28149, "lcc": null }, "geometry": { "type": "Point", "coordinates": [ -80.39767, 27.5254 ] } },
{ "type": "Feature", "properties": { "ltg_lon": -81.07479, "ltg_lat": 27.70757, "idx": 277176, "polarity": -21962, "dttime_utc": "2026-05-12 01:19", "hrl": 67.46, "precip24h": 1.4134, "erc": 26.056461, "kbdi": 533.0, "relh_min": 51.141678, "relh_max": 96.79365, "lcc": null }, "geometry": { "type": "Point", "coordinates": [ -81.07479, 27.70757 ] } },
{ "type": "Feature", "properties": { "ltg_lon": -80.38947, "ltg_lat": 27.4581, "idx": 277185, "polarity": -29074, "dttime_utc": "2026-05-12 01:19", "hrl": 11.64, "precip24h": 0.5394, "erc": 22.92081, "kbdi": 311.0, "relh_min": 48.048687, "relh_max": 97.70881, "lcc": null }, "geometry": { "type": "Point", "coordinates": [ -80.38947, 27.4581 ] } },
{ "type": "Feature", "properties": { "ltg_lon": -80.39007, "ltg_lat": 27.49651, "idx": 277192, "polarity": -30482, "dttime_utc": "2026-05-12 01:20", "hrl": 54.87, "precip24h": 0.5787, "erc": 22.086403, "kbdi": 311.0, "relh_min": 50.088055, "relh_max": 97.257545, "lcc": null }, "geometry": { "type": "Point", "coordinates": [ -80.39007, 27.49651 ] } },
{ "type": "Feature", "properties": { "ltg_lon": -80.36927, "ltg_lat": 27.5284, "idx": 277193, "polarity": -19131, "dttime_utc": "2026-05-12 01:20", "hrl": 75.12, "precip24h": 0.9882, "erc": 23.000889, "kbdi": 308.0, "relh_min": 52.20924, "relh_max": 96.83295, "lcc": null }, "geometry": { "type": "Point", "coordinates": [ -80.36927, 27.5284 ] } },
{ "type": "Feature", "properties": { "ltg_lon": -80.4177, "ltg_lat": 27.5045, "idx": 277210, "polarity": 22746, "dttime_utc": "2026-05-12 01:20", "hrl": 56.01, "precip24h": 0.6929, "erc": 23.128082, "kbdi": 333.0, "relh_min": 52.957134, "relh_max": 96.673965, "lcc": null }, "geometry": { "type": "Point", "coordinates": [ -80.4177, 27.5045 ] } },
{ "type": "Feature", "properties": { "ltg_lon": -80.39748, "ltg_lat": 27.42296, "idx": 277216, "polarity": -23791, "dttime_utc": "2026-05-12 01:20", "hrl": 51.18, "precip24h": 0.5039, "erc": 23.354212, "kbdi": 304.0, "relh_min": 49.935417, "relh_max": 97.21214, "lcc": null }, "geometry": { "type": "Point", "coordinates": [ -80.39748, 27.42296 ] } },
{ "type": "Feature", "properties": { "ltg_lon": -80.46681, "ltg_lat": 27.03895, "idx": 277217, "polarity": -52784, "dttime_utc": "2026-05-12 01:20", "hrl": 79.19, "precip24h": 1.9409, "erc": 23.813412, "kbdi": 369.0, "relh_min": 51.048203, "relh_max": 96.607925, "lcc": null }, "geometry": { "type": "Point", "coordinates": [ -80.46681, 27.03895 ] } },
{ "type": "Feature", "properties": { "ltg_lon": -80.389, "ltg_lat": 27.51538, "idx": 277224, "polarity": -22259, "dttime_utc": "2026-05-12 01:21", "hrl": 73.04, "precip24h": 0.8858, "erc": 22.581532, "kbdi": 285.0, "relh_min": 52.990677, "relh_max": 96.66674, "lcc": null }, "geometry": { "type": "Point", "coordinates": [ -80.389, 27.51538 ] } },
{ "type": "Feature", "properties": { "ltg_lon": -80.37545, "ltg_lat": 27.53158, "idx": 277225, "polarity": 24302, "dttime_utc": "2026-05-12 01:21", "hrl": 85.43, "precip24h": 1.0709, "erc": 23.088417, "kbdi": 300.0, "relh_min": 50.197758, "relh_max": 97.2781, "lcc": null }, "geometry": { "type": "Point", "coordinates": [ -80.37545, 27.53158 ] } },
{ "type": "Feature", "properties": { "ltg_lon": -80.36962, "ltg_lat": 27.46323, "idx": 277227, "polarity": -35923, "dttime_utc": "2026-05-12 01:21", "hrl": 68.97, "precip24h": 0.6417, "erc": 22.789234, "kbdi": 308.0, "relh_min": 49.99942, "relh_max": 97.22745, "lcc": null }, "geometry": { "type": "Point", "coordinates": [ -80.36962, 27.46323 ] } },
{ "type": "Feature", "properties": { "ltg_lon": -80.41245, "ltg_lat": 27.48783, "idx": 277231, "polarity": -32286, "dttime_utc": "2026-05-12 01:21", "hrl": 38.6, "precip24h": 0.5236, "erc": 22.995687, "kbdi": 355.0, "relh_min": 52.067364, "relh_max": 96.83045, "lcc": null }, "geometry": { "type": "Point", "coordinates": [ -80.41245, 27.48783 ] } },
{ "type": "Feature", "properties": { "ltg_lon": -80.40919, "ltg_lat": 27.48565, "idx": 277232, "polarity": -25690, "dttime_utc": "2026-05-12 01:21", "hrl": 42.76, "precip24h": 0.5118, "erc": 22.934187, "kbdi": 344.0, "relh_min": 52.05663, "relh_max": 96.82812, "lcc": null }, "geometry": { "type": "Point", "coordinates": [ -80.40919, 27.48565 ] } },
{ "type": "Feature", "properties": { "ltg_lon": -80.38095, "ltg_lat": 27.53122, "idx": 277253, "polarity": -29061, "dttime_utc": "2026-05-12 01:22", "hrl": 83.73, "precip24h": 1.0472, "erc": 23.086325, "kbdi": 300.0, "relh_min": 52.23521, "relh_max": 96.83946, "lcc": null }, "geometry": { "type": "Point", "coordinates": [ -80.38095, 27.53122 ] } },
{ "type": "Feature", "properties": { "ltg_lon": -80.39891, "ltg_lat": 27.51538, "idx": 277266, "polarity": -30433, "dttime_utc": "2026-05-12 01:22", "hrl": 73.79, "precip24h": 0.9016, "erc": 22.8212, "kbdi": 278.0, "relh_min": 50.154137, "relh_max": 97.274345, "lcc": null }, "geometry": { "type": "Point", "coordinates": [ -80.39891, 27.51538 ] } },
{ "type": "Feature", "properties": { "ltg_lon": -80.36251, "ltg_lat": 27.45976, "idx": 277286, "polarity": -21560, "dttime_utc": "2026-05-12 01:23", "hrl": 75.97, "precip24h": 0.8228, "erc": 22.893692, "kbdi": 307.0, "relh_min": 51.92741, "relh_max": 96.79696, "lcc": null }, "geometry": { "type": "Point", "coordinates": [ -80.36251, 27.45976 ] } },
{ "type": "Feature", "properties": { "ltg_lon": -80.37617, "ltg_lat": 27.5254, "idx": 277291, "polarity": -19691, "dttime_utc": "2026-05-12 01:23", "hrl": 83.25, "precip24h": 0.9764, "erc": 22.87471, "kbdi": 302.0, "relh_min": 52.20294, "relh_max": 96.83427, "lcc": null }, "geometry": { "type": "Point", "coordinates": [ -80.37617, 27.5254 ] } },
{ "type": "Feature", "properties": { "ltg_lon": -80.33951, "ltg_lat": 27.3948, "idx": 277304, "polarity": -23971, "dttime_utc": "2026-05-12 01:23", "hrl": 68.87, "precip24h": 0.9921, "erc": 23.37769, "kbdi": 334.0, "relh_min": 49.829193, "relh_max": 97.17161, "lcc": null }, "geometry": { "type": "Point", "coordinates": [ -80.33951, 27.3948 ] } },
{ "type": "Feature", "properties": { "ltg_lon": -80.35372, "ltg_lat": 27.52373, "idx": 277314, "polarity": -25075, "dttime_utc": "2026-05-12 01:24", "hrl": 72.09, "precip24h": 0.9449, "erc": 22.867584, "kbdi": 313.0, "relh_min": 50.144474, "relh_max": 97.26389, "lcc": null }, "geometry": { "type": "Point", "coordinates": [ -80.35372, 27.52373 ] } },
{ "type": "Feature", "properties": { "ltg_lon": -80.40906, "ltg_lat": 27.50638, "idx": 277316, "polarity": -37420, "dttime_utc": "2026-05-12 01:24", "hrl": 64.14, "precip24h": 0.7402, "erc": 22.928896, "kbdi": 299.0, "relh_min": 50.14925, "relh_max": 97.2713, "lcc": null }, "geometry": { "type": "Point", "coordinates": [ -80.40906, 27.50638 ] } },
{ "type": "Feature", "properties": { "ltg_lon": -80.3536, "ltg_lat": 27.52847, "idx": 277315, "polarity": -31007, "dttime_utc": "2026-05-12 01:24", "hrl": 81.17, "precip24h": 0.9449, "erc": 23.149572, "kbdi": 313.0, "relh_min": 50.15909, "relh_max": 97.26738, "lcc": null }, "geometry": { "type": "Point", "coordinates": [ -80.3536, 27.52847 ] } },
{ "type": "Feature", "properties": { "ltg_lon": -80.37179, "ltg_lat": 27.44649, "idx": 277331, "polarity": -18991, "dttime_utc": "2026-05-12 01:24", "hrl": 73.89, "precip24h": 0.7598, "erc": 23.082895, "kbdi": 308.0, "relh_min": 49.949085, "relh_max": 97.21728, "lcc": null }, "geometry": { "type": "Point", "coordinates": [ -80.37179, 27.44649 ] } },
{ "type": "Feature", "properties": { "ltg_lon": -81.05746, "ltg_lat": 27.67488, "idx": 277360, "polarity": -16852, "dttime_utc": "2026-05-12 01:25", "hrl": 97.54, "precip24h": 2.689, "erc": 25.902374, "kbdi": 528.0, "relh_min": 49.199226, "relh_max": 97.249916, "lcc": null }, "geometry": { "type": "Point", "coordinates": [ -81.05746, 27.67488 ] } },
{ "type": "Feature", "properties": { "ltg_lon": -81.04785, "ltg_lat": 27.68913, "idx": 277362, "polarity": -19756, "dttime_utc": "2026-05-12 01:25", "hrl": 96.4, "precip24h": 2.3386, "erc": 25.986076, "kbdi": 502.0, "relh_min": 51.934536, "relh_max": 96.60678, "lcc": null }, "geometry": { "type": "Point", "coordinates": [ -81.04785, 27.68913 ] } },
{ "type": "Feature", "properties": { "ltg_lon": -80.3881, "ltg_lat": 27.53111, "idx": 277368, "polarity": -30862, "dttime_utc": "2026-05-12 01:25", "hrl": 83.82, "precip24h": 1.0472, "erc": 23.124, "kbdi": 300.0, "relh_min": 52.242035, "relh_max": 96.842415, "lcc": null }, "geometry": { "type": "Point", "coordinates": [ -80.3881, 27.53111 ] } },
{ "type": "Feature", "properties": { "ltg_lon": -80.37734, "ltg_lat": 27.50888, "idx": 277364, "polarity": -25435, "dttime_utc": "2026-05-12 01:25", "hrl": 61.21, "precip24h": 0.7323, "erc": 22.021427, "kbdi": 302.0, "relh_min": 50.111984, "relh_max": 97.26179, "lcc": null }, "geometry": { "type": "Point", "coordinates": [ -80.37734, 27.50888 ] } },
{ "type": "Feature", "properties": { "ltg_lon": -80.38508, "ltg_lat": 27.53712, "idx": 277367, "polarity": -18237, "dttime_utc": "2026-05-12 01:25", "hrl": 83.92, "precip24h": 1.0472, "erc": 23.351915, "kbdi": 300.0, "relh_min": 50.21418, "relh_max": 97.286064, "lcc": null }, "geometry": { "type": "Point", "coordinates": [ -80.38508, 27.53712 ] } },
{ "type": "Feature", "properties": { "ltg_lon": -80.355, "ltg_lat": 27.44586, "idx": 277381, "polarity": -19724, "dttime_utc": "2026-05-12 01:25", "hrl": 82.97, "precip24h": 1.0787, "erc": 23.077225, "kbdi": 310.0, "relh_min": 52.646618, "relh_max": 96.60405, "lcc": null }, "geometry": { "type": "Point", "coordinates": [ -80.355, 27.44586 ] } },
{ "type": "Feature", "properties": { "ltg_lon": -80.33438, "ltg_lat": 27.43793, "idx": 277379, "polarity": -6040, "dttime_utc": "2026-05-12 01:25", "hrl": 82.88, "precip24h": 1.1929, "erc": 23.246157, "kbdi": 315.0, "relh_min": 49.900093, "relh_max": 97.19781, "lcc": null }, "geometry": { "type": "Point", "coordinates": [ -80.33438, 27.43793 ] } },
{ "type": "Feature", "properties": { "ltg_lon": -80.3535, "ltg_lat": 27.00309, "idx": 277396, "polarity": 19639, "dttime_utc": "2026-05-12 01:26", "hrl": 11.35, "precip24h": 0.2205, "erc": 23.650745, "kbdi": 358.0, "relh_min": 49.573517, "relh_max": 96.89475, "lcc": null }, "geometry": { "type": "Point", "coordinates": [ -80.3535, 27.00309 ] } },
{ "type": "Feature", "properties": { "ltg_lon": -80.38595, "ltg_lat": 27.44333, "idx": 277420, "polarity": -22092, "dttime_utc": "2026-05-12 01:27", "hrl": 54.97, "precip24h": 0.6417, "erc": 23.133274, "kbdi": 307.0, "relh_min": 52.659763, "relh_max": 96.619545, "lcc": null }, "geometry": { "type": "Point", "coordinates": [ -80.38595, 27.44333 ] } },
{ "type": "Feature", "properties": { "ltg_lon": -81.06389, "ltg_lat": 27.66234, "idx": 277422, "polarity": -21104, "dttime_utc": "2026-05-12 01:27", "hrl": 96.78, "precip24h": 2.5236, "erc": 25.888193, "kbdi": 534.0, "relh_min": 49.153847, "relh_max": 97.2534, "lcc": null }, "geometry": { "type": "Point", "coordinates": [ -81.06389, 27.66234 ] } },
{ "type": "Feature", "properties": { "ltg_lon": -81.06652, "ltg_lat": 27.65553, "idx": 277423, "polarity": -28854, "dttime_utc": "2026-05-12 01:27", "hrl": 93.0, "precip24h": 2.1614, "erc": 25.9165, "kbdi": 542.0, "relh_min": 49.139275, "relh_max": 97.25561, "lcc": null }, "geometry": { "type": "Point", "coordinates": [ -81.06652, 27.65553 ] } },
{ "type": "Feature", "properties": { "ltg_lon": -81.03607, "ltg_lat": 27.65184, "idx": 277424, "polarity": -21660, "dttime_utc": "2026-05-12 01:27", "hrl": 84.3, "precip24h": 1.5236, "erc": 25.694912, "kbdi": 535.0, "relh_min": 51.150734, "relh_max": 96.83522, "lcc": null }, "geometry": { "type": "Point", "coordinates": [ -81.03607, 27.65184 ] } },
{ "type": "Feature", "properties": { "ltg_lon": -80.30239, "ltg_lat": 27.47541, "idx": 277440, "polarity": -19720, "dttime_utc": "2026-05-12 01:27", "hrl": 66.89, "precip24h": 1.2441, "erc": 23.282867, "kbdi": 246.0, "relh_min": 49.958614, "relh_max": 97.21107, "lcc": null }, "geometry": { "type": "Point", "coordinates": [ -80.30239, 27.47541 ] } },
{ "type": "Feature", "properties": { "ltg_lon": -80.36928, "ltg_lat": 27.58036, "idx": 277453, "polarity": -17613, "dttime_utc": "2026-05-12 01:28", "hrl": 98.58, "precip24h": 2.2165, "erc": 24.111025, "kbdi": 246.0, "relh_min": 50.379787, "relh_max": 97.31652, "lcc": null }, "geometry": { "type": "Point", "coordinates": [ -80.36928, 27.58036 ] } },
{ "type": "Feature", "properties": { "ltg_lon": -80.33872, "ltg_lat": 27.58447, "idx": 277505, "polarity": 19144, "dttime_utc": "2026-05-12 01:30", "hrl": 97.82, "precip24h": 2.1654, "erc": 24.150307, "kbdi": 238.0, "relh_min": 52.44012, "relh_max": 96.85144, "lcc": null }, "geometry": { "type": "Point", "coordinates": [ -80.33872, 27.58447 ] } },
{ "type": "Feature", "properties": { "ltg_lon": -80.34472, "ltg_lat": 27.49209, "idx": 277513, "polarity": -23111, "dttime_utc": "2026-05-12 01:30", "hrl": 79.94, "precip24h": 0.8189, "erc": 22.603912, "kbdi": 268.0, "relh_min": 50.029903, "relh_max": 97.23789, "lcc": null }, "geometry": { "type": "Point", "coordinates": [ -80.34472, 27.49209 ] } },
{ "type": "Feature", "properties": { "ltg_lon": -80.34665, "ltg_lat": 27.51665, "idx": 277512, "polarity": -41002, "dttime_utc": "2026-05-12 01:30", "hrl": 66.6, "precip24h": 0.7835, "erc": 22.83908, "kbdi": 300.0, "relh_min": 52.13146, "relh_max": 96.81717, "lcc": null }, "geometry": { "type": "Point", "coordinates": [ -80.34665, 27.51665 ] } },
{ "type": "Feature", "properties": { "ltg_lon": -80.34472, "ltg_lat": 27.49568, "idx": 277510, "polarity": -40413, "dttime_utc": "2026-05-12 01:30", "hrl": 79.85, "precip24h": 0.8189, "erc": 22.594437, "kbdi": 268.0, "relh_min": 50.039127, "relh_max": 97.24039, "lcc": null }, "geometry": { "type": "Point", "coordinates": [ -80.34472, 27.49568 ] } },
{ "type": "Feature", "properties": { "ltg_lon": -80.33649, "ltg_lat": 27.38089, "idx": 277534, "polarity": -22733, "dttime_utc": "2026-05-12 01:31", "hrl": 65.85, "precip24h": 1.0118, "erc": 23.390146, "kbdi": 342.0, "relh_min": 52.402016, "relh_max": 96.55521, "lcc": null }, "geometry": { "type": "Point", "coordinates": [ -80.33649, 27.38089 ] } },
{ "type": "Feature", "properties": { "ltg_lon": -85.33026, "ltg_lat": 30.9432, "idx": 277553, "polarity": 30222, "dttime_utc": "2026-05-12 01:31", "hrl": 84.77, "precip24h": 0.5354, "erc": 13.5146475, "kbdi": 33.0, "relh_min": 49.946968, "relh_max": 98.22588, "lcc": null }, "geometry": { "type": "Point", "coordinates": [ -85.33026, 30.9432 ] } },
{ "type": "Feature", "properties": { "ltg_lon": -80.37812, "ltg_lat": 27.43479, "idx": 277583, "polarity": -31946, "dttime_utc": "2026-05-12 01:32", "hrl": 71.62, "precip24h": 0.7047, "erc": 23.224276, "kbdi": 304.0, "relh_min": 49.929855, "relh_max": 97.21213, "lcc": null }, "geometry": { "type": "Point", "coordinates": [ -80.37812, 27.43479 ] } },
{ "type": "Feature", "properties": { "ltg_lon": -80.42772, "ltg_lat": 27.08603, "idx": 277647, "polarity": -31960, "dttime_utc": "2026-05-12 01:34", "hrl": 33.4, "precip24h": 0.6063, "erc": 23.582392, "kbdi": 459.0, "relh_min": 51.11167, "relh_max": 96.62575, "lcc": null }, "geometry": { "type": "Point", "coordinates": [ -80.42772, 27.08603 ] } },
{ "type": "Feature", "properties": { "ltg_lon": -80.54488, "ltg_lat": 28.44621, "idx": 277705, "polarity": -29791, "dttime_utc": "2026-05-12 01:36", "hrl": 15.42, "precip24h": 0.4449, "erc": 27.673779, "kbdi": 306.0, "relh_min": 64.247345, "relh_max": 93.815895, "lcc": null }, "geometry": { "type": "Point", "coordinates": [ -80.54488, 28.44621 ] } },
{ "type": "Feature", "properties": { "ltg_lon": -80.3235, "ltg_lat": 27.39833, "idx": 277783, "polarity": -22349, "dttime_utc": "2026-05-12 01:38", "hrl": 71.81, "precip24h": 1.1457, "erc": 23.391233, "kbdi": 331.0, "relh_min": 52.44932, "relh_max": 96.55849, "lcc": null }, "geometry": { "type": "Point", "coordinates": [ -80.3235, 27.39833 ] } },
{ "type": "Feature", "properties": { "ltg_lon": -80.39909, "ltg_lat": 27.64167, "idx": 277798, "polarity": -26989, "dttime_utc": "2026-05-12 01:38", "hrl": 60.08, "precip24h": 0.4803, "erc": 25.085709, "kbdi": 345.0, "relh_min": 50.802845, "relh_max": 97.40051, "lcc": null }, "geometry": { "type": "Point", "coordinates": [ -80.39909, 27.64167 ] } },
{ "type": "Feature", "properties": { "ltg_lon": -80.3158, "ltg_lat": 27.38549, "idx": 277804, "polarity": -23726, "dttime_utc": "2026-05-12 01:39", "hrl": 67.27, "precip24h": 1.0906, "erc": 23.405106, "kbdi": 328.0, "relh_min": 51.666195, "relh_max": 96.74359, "lcc": null }, "geometry": { "type": "Point", "coordinates": [ -80.3158, 27.38549 ] } },
{ "type": "Feature", "properties": { "ltg_lon": -80.31592, "ltg_lat": 27.39288, "idx": 277838, "polarity": -21831, "dttime_utc": "2026-05-12 01:40", "hrl": 74.93, "precip24h": 1.2283, "erc": 23.38795, "kbdi": 313.0, "relh_min": 49.807865, "relh_max": 97.1614, "lcc": null }, "geometry": { "type": "Point", "coordinates": [ -80.31592, 27.39288 ] } },
{ "type": "Feature", "properties": { "ltg_lon": -80.32892, "ltg_lat": 27.39088, "idx": 277839, "polarity": -21174, "dttime_utc": "2026-05-12 01:40", "hrl": 71.71, "precip24h": 1.1457, "erc": 23.372688, "kbdi": 331.0, "relh_min": 49.814983, "relh_max": 97.164986, "lcc": null }, "geometry": { "type": "Point", "coordinates": [ -80.32892, 27.39088 ] } },
{ "type": "Feature", "properties": { "ltg_lon": -80.31592, "ltg_lat": 27.41026, "idx": 277849, "polarity": -21098, "dttime_utc": "2026-05-12 01:40", "hrl": 54.78, "precip24h": 0.9409, "erc": 23.369692, "kbdi": 304.0, "relh_min": 52.48327, "relh_max": 96.5616, "lcc": null }, "geometry": { "type": "Point", "coordinates": [ -80.31592, 27.41026 ] } },
{ "type": "Feature", "properties": { "ltg_lon": -80.30901, "ltg_lat": 27.48209, "idx": 277881, "polarity": -35880, "dttime_utc": "2026-05-12 01:41", "hrl": 63.95, "precip24h": 1.0709, "erc": 23.208195, "kbdi": 259.0, "relh_min": 49.980633, "relh_max": 97.21795, "lcc": null }, "geometry": { "type": "Point", "coordinates": [ -80.30901, 27.48209 ] } },
{ "type": "Feature", "properties": { "ltg_lon": -80.33631, "ltg_lat": 27.38532, "idx": 277916, "polarity": -24959, "dttime_utc": "2026-05-12 01:42", "hrl": 65.94, "precip24h": 1.0118, "erc": 23.378756, "kbdi": 342.0, "relh_min": 51.67949, "relh_max": 96.75245, "lcc": null }, "geometry": { "type": "Point", "coordinates": [ -80.33631, 27.38532 ] } },
{ "type": "Feature", "properties": { "ltg_lon": -80.25951, "ltg_lat": 27.36432, "idx": 277951, "polarity": -25359, "dttime_utc": "2026-05-12 01:43", "hrl": 61.31, "precip24h": 1.4213, "erc": 23.374882, "kbdi": 195.0, "relh_min": 51.57093, "relh_max": 96.71002, "lcc": null }, "geometry": { "type": "Point", "coordinates": [ -80.25951, 27.36432 ] } },
{ "type": "Feature", "properties": { "ltg_lon": -80.37562, "ltg_lat": 27.03102, "idx": 278025, "polarity": -25328, "dttime_utc": "2026-05-12 01:46", "hrl": 73.7, "precip24h": 2.0984, "erc": 23.631632, "kbdi": 389.0, "relh_min": 49.568245, "relh_max": 96.91805, "lcc": null }, "geometry": { "type": "Point", "coordinates": [ -80.37562, 27.03102 ] } },
{ "type": "Feature", "properties": { "ltg_lon": -80.37508, "ltg_lat": 27.07483, "idx": 278026, "polarity": -29784, "dttime_utc": "2026-05-12 01:46", "hrl": 29.14, "precip24h": 1.4685, "erc": 23.56624, "kbdi": 372.0, "relh_min": 51.079117, "relh_max": 96.59157, "lcc": null }, "geometry": { "type": "Point", "coordinates": [ -80.37508, 27.07483 ] } },
{ "type": "Feature", "properties": { "ltg_lon": -80.40985, "ltg_lat": 27.0394, "idx": 278029, "polarity": -22038, "dttime_utc": "2026-05-12 01:46", "hrl": 88.17, "precip24h": 2.5787, "erc": 23.639482, "kbdi": 405.0, "relh_min": 49.56931, "relh_max": 96.93693, "lcc": null }, "geometry": { "type": "Point", "coordinates": [ -80.40985, 27.0394 ] } },
{ "type": "Feature", "properties": { "ltg_lon": -80.39333, "ltg_lat": 27.03127, "idx": 278053, "polarity": -23154, "dttime_utc": "2026-05-12 01:47", "hrl": 77.39, "precip24h": 2.4843, "erc": 23.641727, "kbdi": 407.0, "relh_min": 51.02244, "relh_max": 96.570724, "lcc": null }, "geometry": { "type": "Point", "coordinates": [ -80.39333, 27.03127 ] } },
{ "type": "Feature", "properties": { "ltg_lon": -80.25303, "ltg_lat": 27.35571, "idx": 278106, "polarity": -22510, "dttime_utc": "2026-05-12 01:49", "hrl": 61.78, "precip24h": 1.4449, "erc": 23.382212, "kbdi": 204.0, "relh_min": 52.258858, "relh_max": 96.494156, "lcc": null }, "geometry": { "type": "Point", "coordinates": [ -80.25303, 27.35571 ] } },
{ "type": "Feature", "properties": { "ltg_lon": -85.37646, "ltg_lat": 30.99712, "idx": 278119, "polarity": -30466, "dttime_utc": "2026-05-12 01:49", "hrl": 81.93, "precip24h": 0.3425, "erc": 13.477665, "kbdi": 32.0, "relh_min": 50.201694, "relh_max": 98.14765, "lcc": null }, "geometry": { "type": "Point", "coordinates": [ -85.37646, 30.99712 ] } },
{ "type": "Feature", "properties": { "ltg_lon": -80.3675, "ltg_lat": 27.03464, "idx": 278155, "polarity": -19786, "dttime_utc": "2026-05-12 01:51", "hrl": 68.12, "precip24h": 1.8622, "erc": 23.621683, "kbdi": 373.0, "relh_min": 51.59056, "relh_max": 96.33423, "lcc": null }, "geometry": { "type": "Point", "coordinates": [ -80.3675, 27.03464 ] } },
{ "type": "Feature", "properties": { "ltg_lon": -80.37248, "ltg_lat": 27.03154, "idx": 278157, "polarity": -32160, "dttime_utc": "2026-05-12 01:51", "hrl": 73.6, "precip24h": 2.0984, "erc": 23.629004, "kbdi": 389.0, "relh_min": 51.586933, "relh_max": 96.33386, "lcc": null }, "geometry": { "type": "Point", "coordinates": [ -80.37248, 27.03154 ] } },
{ "type": "Feature", "properties": { "ltg_lon": -80.33568, "ltg_lat": 27.03487, "idx": 278154, "polarity": -22105, "dttime_utc": "2026-05-12 01:51", "hrl": 23.94, "precip24h": 0.8701, "erc": 23.458368, "kbdi": 364.0, "relh_min": 51.016632, "relh_max": 96.55649, "lcc": null }, "geometry": { "type": "Point", "coordinates": [ -80.33568, 27.03487 ] } },
{ "type": "Feature", "properties": { "ltg_lon": -80.34422, "ltg_lat": 27.04338, "idx": 278159, "polarity": -17133, "dttime_utc": "2026-05-12 01:51", "hrl": 36.8, "precip24h": 1.4764, "erc": 23.449852, "kbdi": 381.0, "relh_min": 51.596786, "relh_max": 96.33142, "lcc": null }, "geometry": { "type": "Point", "coordinates": [ -80.34422, 27.04338 ] } },
{ "type": "Feature", "properties": { "ltg_lon": -80.34728, "ltg_lat": 27.04483, "idx": 278206, "polarity": -30080, "dttime_utc": "2026-05-12 01:54", "hrl": 36.9, "precip24h": 1.4764, "erc": 23.44915, "kbdi": 381.0, "relh_min": 51.03118, "relh_max": 96.56395, "lcc": null }, "geometry": { "type": "Point", "coordinates": [ -80.34728, 27.04483 ] } },
{ "type": "Feature", "properties": { "ltg_lon": -80.37849, "ltg_lat": 27.04936, "idx": 278215, "polarity": -30865, "dttime_utc": "2026-05-12 01:55", "hrl": 70.86, "precip24h": 2.5039, "erc": 23.607677, "kbdi": 411.0, "relh_min": 51.04405, "relh_max": 96.57707, "lcc": null }, "geometry": { "type": "Point", "coordinates": [ -80.37849, 27.04936 ] } },
{ "type": "Feature", "properties": { "ltg_lon": -80.35884, "ltg_lat": 27.01461, "idx": 278213, "polarity": -34118, "dttime_utc": "2026-05-12 01:55", "hrl": 33.77, "precip24h": 0.5512, "erc": 23.641779, "kbdi": 344.0, "relh_min": 51.552227, "relh_max": 96.3232, "lcc": null }, "geometry": { "type": "Point", "coordinates": [ -80.35884, 27.01461 ] } },
{ "type": "Feature", "properties": { "ltg_lon": -80.37198, "ltg_lat": 27.05987, "idx": 278237, "polarity": -26085, "dttime_utc": "2026-05-12 01:55", "hrl": 63.67, "precip24h": 2.5551, "erc": 23.58756, "kbdi": 419.0, "relh_min": 51.057003, "relh_max": 96.58095, "lcc": null }, "geometry": { "type": "Point", "coordinates": [ -80.37198, 27.05987 ] } },
{ "type": "Feature", "properties": { "ltg_lon": -80.36292, "ltg_lat": 27.01541, "idx": 278235, "polarity": -33121, "dttime_utc": "2026-05-12 01:55", "hrl": 55.44, "precip24h": 0.8504, "erc": 23.643478, "kbdi": 354.0, "relh_min": 50.99801, "relh_max": 96.55466, "lcc": null }, "geometry": { "type": "Point", "coordinates": [ -80.36292, 27.01541 ] } },
{ "type": "Feature", "properties": { "ltg_lon": -80.43424, "ltg_lat": 27.01715, "idx": 278236, "polarity": -29015, "dttime_utc": "2026-05-12 01:55", "hrl": 79.38, "precip24h": 1.437, "erc": 23.827341, "kbdi": 368.0, "relh_min": 51.58401, "relh_max": 96.34194, "lcc": null }, "geometry": { "type": "Point", "coordinates": [ -80.43424, 27.01715 ] } },
{ "type": "Feature", "properties": { "ltg_lon": -80.33095, "ltg_lat": 27.03357, "idx": 278254, "polarity": -44539, "dttime_utc": "2026-05-12 01:56", "hrl": 24.69, "precip24h": 0.8701, "erc": 23.458115, "kbdi": 364.0, "relh_min": 51.574165, "relh_max": 96.32417, "lcc": null }, "geometry": { "type": "Point", "coordinates": [ -80.33095, 27.03357 ] } },
{ "type": "Feature", "properties": { "ltg_lon": -80.36198, "ltg_lat": 27.02543, "idx": 278253, "polarity": -22093, "dttime_utc": "2026-05-12 01:56", "hrl": 70.67, "precip24h": 1.3465, "erc": 23.63049, "kbdi": 360.0, "relh_min": 51.572056, "relh_max": 96.32822, "lcc": null }, "geometry": { "type": "Point", "coordinates": [ -80.36198, 27.02543 ] } },
{ "type": "Feature", "properties": { "ltg_lon": -80.34247, "ltg_lat": 27.02156, "idx": 278255, "polarity": -7971, "dttime_utc": "2026-05-12 01:56", "hrl": 38.51, "precip24h": 0.7283, "erc": 23.479033, "kbdi": 353.0, "relh_min": 51.558178, "relh_max": 96.323494, "lcc": null }, "geometry": { "type": "Point", "coordinates": [ -80.34247, 27.02156 ] } },
{ "type": "Feature", "properties": { "ltg_lon": -80.25132, "ltg_lat": 27.35887, "idx": 278317, "polarity": -29333, "dttime_utc": "2026-05-12 02:00", "hrl": 61.4, "precip24h": 1.4449, "erc": 23.384817, "kbdi": 204.0, "relh_min": 51.551636, "relh_max": 96.703995, "lcc": null }, "geometry": { "type": "Point", "coordinates": [ -80.25132, 27.35887 ] } },
{ "type": "Feature", "properties": { "ltg_lon": -80.31481, "ltg_lat": 27.14962, "idx": 278324, "polarity": -38569, "dttime_utc": "2026-05-12 02:00", "hrl": 30.94, "precip24h": 0.0512, "erc": 23.276314, "kbdi": 281.0, "relh_min": 51.172443, "relh_max": 96.608315, "lcc": null }, "geometry": { "type": "Point", "coordinates": [ -80.31481, 27.14962 ] } },
{ "type": "Feature", "properties": { "ltg_lon": -80.54853, "ltg_lat": 28.48598, "idx": 278362, "polarity": 27071, "dttime_utc": "2026-05-12 02:04", "hrl": 28.1, "precip24h": 0.6654, "erc": 27.850056, "kbdi": 310.0, "relh_min": 64.093796, "relh_max": 93.92774, "lcc": null }, "geometry": { "type": "Point", "coordinates": [ -80.54853, 28.48598 ] } },
{ "type": "Feature", "properties": { "ltg_lon": -80.55764, "ltg_lat": 28.46355, "idx": 278421, "polarity": 29155, "dttime_utc": "2026-05-12 02:09", "hrl": 19.21, "precip24h": 0.5551, "erc": 29.457567, "kbdi": 348.0, "relh_min": 67.4185, "relh_max": 92.98425, "lcc": null }, "geometry": { "type": "Point", "coordinates": [ -80.55764, 28.46355 ] } },
{ "type": "Feature", "properties": { "ltg_lon": -80.25333, "ltg_lat": 27.08997, "idx": 278537, "polarity": 22127, "dttime_utc": "2026-05-12 02:17", "hrl": 10.41, "precip24h": 0.248, "erc": 23.280766, "kbdi": 329.0, "relh_min": 49.480614, "relh_max": 97.01738, "lcc": null }, "geometry": { "type": "Point", "coordinates": [ -80.25333, 27.08997 ] } },
{ "type": "Feature", "properties": { "ltg_lon": -80.39225, "ltg_lat": 27.0645, "idx": 278670, "polarity": -43856, "dttime_utc": "2026-05-12 02:28", "hrl": 61.12, "precip24h": 2.126, "erc": 23.594006, "kbdi": 394.0, "relh_min": 50.398193, "relh_max": 96.5625, "lcc": null }, "geometry": { "type": "Point", "coordinates": [ -80.39225, 27.0645 ] } },
{ "type": "Feature", "properties": { "ltg_lon": -80.34262, "ltg_lat": 27.04986, "idx": 278680, "polarity": 28424, "dttime_utc": "2026-05-12 02:29", "hrl": 28.38, "precip24h": 1.563, "erc": 23.439034, "kbdi": 381.0, "relh_min": 50.377388, "relh_max": 96.52612, "lcc": null }, "geometry": { "type": "Point", "coordinates": [ -80.34262, 27.04986 ] } },
{ "type": "Feature", "properties": { "ltg_lon": -80.35354, "ltg_lat": 27.05642, "idx": 278706, "polarity": -23080, "dttime_utc": "2026-05-12 02:31", "hrl": 59.98, "precip24h": 2.2402, "erc": 23.434368, "kbdi": 388.0, "relh_min": 50.383755, "relh_max": 96.53573, "lcc": null }, "geometry": { "type": "Point", "coordinates": [ -80.35354, 27.05642 ] } },
{ "type": "Feature", "properties": { "ltg_lon": -80.32617, "ltg_lat": 27.06388, "idx": 278738, "polarity": -21351, "dttime_utc": "2026-05-12 02:35", "hrl": 17.12, "precip24h": 1.1693, "erc": 23.405396, "kbdi": 370.0, "relh_min": 50.38365, "relh_max": 96.52753, "lcc": null }, "geometry": { "type": "Point", "coordinates": [ -80.32617, 27.06388 ] } },
{ "type": "Feature", "properties": { "ltg_lon": -80.27913, "ltg_lat": 26.99942, "idx": 278766, "polarity": -36579, "dttime_utc": "2026-05-12 02:39", "hrl": 52.51, "precip24h": 0.3622, "erc": 23.478008, "kbdi": 362.0, "relh_min": 50.366142, "relh_max": 96.50106, "lcc": null }, "geometry": { "type": "Point", "coordinates": [ -80.27913, 26.99942 ] } },
{ "type": "Feature", "properties": { "ltg_lon": -80.30714, "ltg_lat": 27.09981, "idx": 278768, "polarity": 14434, "dttime_utc": "2026-05-12 02:39", "hrl": 22.52, "precip24h": 0.685, "erc": 23.305712, "kbdi": 324.0, "relh_min": 50.405453, "relh_max": 96.54264, "lcc": null }, "geometry": { "type": "Point", "coordinates": [ -80.30714, 27.09981 ] } },
{ "type": "Feature", "properties": { "ltg_lon": -80.34709, "ltg_lat": 27.10639, "idx": 278779, "polarity": -22154, "dttime_utc": "2026-05-12 02:42", "hrl": 26.4, "precip24h": 0.6732, "erc": 23.341156, "kbdi": 331.0, "relh_min": 50.426678, "relh_max": 96.57351, "lcc": null }, "geometry": { "type": "Point", "coordinates": [ -80.34709, 27.10639 ] } },
{ "type": "Feature", "properties": { "ltg_lon": -86.21296, "ltg_lat": 30.93505, "idx": 278797, "polarity": -9941, "dttime_utc": "2026-05-12 02:50", "hrl": 68.21, "precip24h": 0.1929, "erc": 12.587559, "kbdi": 31.0, "relh_min": 50.629494, "relh_max": 98.18529, "lcc": null }, "geometry": { "type": "Point", "coordinates": [ -86.21296, 30.93505 ] } },
{ "type": "Feature", "properties": { "ltg_lon": -86.19859, "ltg_lat": 30.96575, "idx": 278831, "polarity": -10635, "dttime_utc": "2026-05-12 03:01", "hrl": 70.1, "precip24h": 0.1575, "erc": 12.49565, "kbdi": 19.0, "relh_min": 50.354904, "relh_max": 98.23529, "lcc": null }, "geometry": { "type": "Point", "coordinates": [ -86.19859, 30.96575 ] } },
{ "type": "Feature", "properties": { "ltg_lon": -80.50704, "ltg_lat": 27.02335, "idx": 278834, "polarity": 30043, "dttime_utc": "2026-05-12 03:04", "hrl": 82.12, "precip24h": 1.5945, "erc": 23.875526, "kbdi": 372.0, "relh_min": 50.581654, "relh_max": 96.59738, "lcc": null }, "geometry": { "type": "Point", "coordinates": [ -80.50704, 27.02335 ] } },
{ "type": "Feature", "properties": { "ltg_lon": -87.37832, "ltg_lat": 30.96814, "idx": 278838, "polarity": 29306, "dttime_utc": "2026-05-12 03:04", "hrl": 68.78, "precip24h": 1.1102, "erc": 10.799894, "kbdi": 35.0, "relh_min": 51.041, "relh_max": 98.25244, "lcc": null }, "geometry": { "type": "Point", "coordinates": [ -87.37832, 30.96814 ] } },
{ "type": "Feature", "properties": { "ltg_lon": -80.54192, "ltg_lat": 27.04684, "idx": 278855, "polarity": -19659, "dttime_utc": "2026-05-12 03:12", "hrl": 75.59, "precip24h": 1.7362, "erc": 23.845724, "kbdi": 410.0, "relh_min": 48.395298, "relh_max": 97.912895, "lcc": null }, "geometry": { "type": "Point", "coordinates": [ -80.54192, 27.04684 ] } },
{ "type": "Feature", "properties": { "ltg_lon": -85.71905, "ltg_lat": 30.95843, "idx": 278888, "polarity": -13038, "dttime_utc": "2026-05-12 03:24", "hrl": 77.67, "precip24h": 0.6811, "erc": 13.0616045, "kbdi": 33.0, "relh_min": 50.141964, "relh_max": 98.28923, "lcc": null }, "geometry": { "type": "Point", "coordinates": [ -85.71905, 30.95843 ] } },
{ "type": "Feature", "properties": { "ltg_lon": -85.72903, "ltg_lat": 30.96283, "idx": 278887, "polarity": -13207, "dttime_utc": "2026-05-12 03:24", "hrl": 68.4, "precip24h": 0.7598, "erc": 13.057436, "kbdi": 33.0, "relh_min": 50.018887, "relh_max": 98.15457, "lcc": null }, "geometry": { "type": "Point", "coordinates": [ -85.72903, 30.96283 ] } },
{ "type": "Feature", "properties": { "ltg_lon": -85.73563, "ltg_lat": 30.95709, "idx": 278886, "polarity": -14064, "dttime_utc": "2026-05-12 03:24", "hrl": 66.79, "precip24h": 0.8031, "erc": 13.060495, "kbdi": 33.0, "relh_min": 50.155, "relh_max": 98.28893, "lcc": null }, "geometry": { "type": "Point", "coordinates": [ -85.73563, 30.95709 ] } },
{ "type": "Feature", "properties": { "ltg_lon": -85.02139, "ltg_lat": 30.78093, "idx": 278956, "polarity": -8046, "dttime_utc": "2026-05-12 03:35", "hrl": 78.24, "precip24h": 0.1693, "erc": 13.452498, "kbdi": 33.0, "relh_min": 49.657364, "relh_max": 98.42172, "lcc": null }, "geometry": { "type": "Point", "coordinates": [ -85.02139, 30.78093 ] } },
{ "type": "Feature", "properties": { "ltg_lon": -85.06561, "ltg_lat": 30.76561, "idx": 278957, "polarity": -18818, "dttime_utc": "2026-05-12 03:35", "hrl": 82.02, "precip24h": 0.563, "erc": 13.485771, "kbdi": 33.0, "relh_min": 49.656696, "relh_max": 98.40564, "lcc": null }, "geometry": { "type": "Point", "coordinates": [ -85.06561, 30.76561 ] } },
{ "type": "Feature", "properties": { "ltg_lon": -80.60354, "ltg_lat": 27.02078, "idx": 279273, "polarity": -16444, "dttime_utc": "2026-05-12 04:22", "hrl": 85.36, "precip24h": 0.9173, "erc": 23.886827, "kbdi": 419.0, "relh_min": 48.70112, "relh_max": 98.19768, "lcc": null }, "geometry": { "type": "Point", "coordinates": [ -80.60354, 27.02078 ] } },
{ "type": "Feature", "properties": { "ltg_lon": -80.5761, "ltg_lat": 26.72515, "idx": 279423, "polarity": -21789, "dttime_utc": "2026-05-12 04:47", "hrl": 25.94, "precip24h": 0.0512, "erc": 23.718697, "kbdi": 370.0, "relh_min": 49.768257, "relh_max": 96.65033, "lcc": null }, "geometry": { "type": "Point", "coordinates": [ -80.5761, 26.72515 ] } },
{ "type": "Feature", "properties": { "ltg_lon": -82.21976, "ltg_lat": 29.56291, "idx": 279587, "polarity": -13429, "dttime_utc": "2026-05-12 05:07", "hrl": 3.77, "precip24h": 0.8071, "erc": 20.228342, "kbdi": 622.0, "relh_min": 48.71026, "relh_max": 97.99754, "lcc": null }, "geometry": { "type": "Point", "coordinates": [ -82.21976, 29.56291 ] } },
{ "type": "Feature", "properties": { "ltg_lon": -82.22554, "ltg_lat": 29.56687, "idx": 279600, "polarity": -13352, "dttime_utc": "2026-05-12 05:08", "hrl": 2.93, "precip24h": 0.7795, "erc": 20.20967, "kbdi": 624.0, "relh_min": 48.711235, "relh_max": 97.99796, "lcc": null }, "geometry": { "type": "Point", "coordinates": [ -82.22554, 29.56687 ] } },
{ "type": "Feature", "properties": { "ltg_lon": -82.21806, "ltg_lat": 29.57391, "idx": 279608, "polarity": -13599, "dttime_utc": "2026-05-12 05:10", "hrl": 2.51, "precip24h": 0.6535, "erc": 20.166143, "kbdi": 623.0, "relh_min": 48.706177, "relh_max": 97.99798, "lcc": null }, "geometry": { "type": "Point", "coordinates": [ -82.21806, 29.57391 ] } },
{ "type": "Feature", "properties": { "ltg_lon": -82.20492, "ltg_lat": 29.57726, "idx": 279631, "polarity": -13837, "dttime_utc": "2026-05-12 05:13", "hrl": 3.35, "precip24h": 0.689, "erc": 20.013538, "kbdi": 615.0, "relh_min": 48.7001, "relh_max": 97.99759, "lcc": null }, "geometry": { "type": "Point", "coordinates": [ -82.20492, 29.57726 ] } },
{ "type": "Feature", "properties": { "ltg_lon": -82.22379, "ltg_lat": 29.58718, "idx": 279630, "polarity": -11684, "dttime_utc": "2026-05-12 05:13", "hrl": 4.6, "precip24h": 0.4724, "erc": 19.962934, "kbdi": 610.0, "relh_min": 48.52581, "relh_max": 97.97023, "lcc": null }, "geometry": { "type": "Point", "coordinates": [ -82.22379, 29.58718 ] } },
{ "type": "Feature", "properties": { "ltg_lon": -82.18803, "ltg_lat": 29.58149, "idx": 279674, "polarity": 12527, "dttime_utc": "2026-05-12 05:18", "hrl": 13.81, "precip24h": 0.6969, "erc": 19.988956, "kbdi": 587.0, "relh_min": 48.69232, "relh_max": 97.997086, "lcc": null }, "geometry": { "type": "Point", "coordinates": [ -82.18803, 29.58149 ] } },
{ "type": "Feature", "properties": { "ltg_lon": -82.19081, "ltg_lat": 29.60112, "idx": 279673, "polarity": 7615, "dttime_utc": "2026-05-12 05:18", "hrl": 38.08, "precip24h": 0.9961, "erc": 19.895882, "kbdi": 594.0, "relh_min": 48.548424, "relh_max": 97.605545, "lcc": null }, "geometry": { "type": "Point", "coordinates": [ -82.19081, 29.60112 ] } },
{ "type": "Feature", "properties": { "ltg_lon": -82.1805, "ltg_lat": 29.5843, "idx": 279700, "polarity": 13715, "dttime_utc": "2026-05-12 05:22", "hrl": 35.56, "precip24h": 0.9134, "erc": 19.974842, "kbdi": 587.0, "relh_min": 48.562847, "relh_max": 97.59688, "lcc": null }, "geometry": { "type": "Point", "coordinates": [ -82.1805, 29.5843 ] } },
{ "type": "Feature", "properties": { "ltg_lon": -82.07125, "ltg_lat": 29.6714, "idx": 279718, "polarity": 12595, "dttime_utc": "2026-05-12 05:24", "hrl": 44.35, "precip24h": 0.6654, "erc": 19.634132, "kbdi": 503.0, "relh_min": 48.61694, "relh_max": 97.996414, "lcc": null }, "geometry": { "type": "Point", "coordinates": [ -82.07125, 29.6714 ] } },
{ "type": "Feature", "properties": { "ltg_lon": -82.6994, "ltg_lat": 29.59198, "idx": 279729, "polarity": -12063, "dttime_utc": "2026-05-12 05:28", "hrl": 1.26, "precip24h": 0.5866, "erc": 20.209883, "kbdi": 638.0, "relh_min": 48.71798, "relh_max": 97.60542, "lcc": null }, "geometry": { "type": "Point", "coordinates": [ -82.6994, 29.59198 ] } },
{ "type": "Feature", "properties": { "ltg_lon": -82.27153, "ltg_lat": 29.61103, "idx": 279736, "polarity": 10130, "dttime_utc": "2026-05-12 05:29", "hrl": 36.82, "precip24h": 0.9843, "erc": 19.803928, "kbdi": 658.0, "relh_min": 48.551857, "relh_max": 97.6026, "lcc": null }, "geometry": { "type": "Point", "coordinates": [ -82.27153, 29.61103 ] } },
{ "type": "Feature", "properties": { "ltg_lon": -82.10916, "ltg_lat": 29.62923, "idx": 279748, "polarity": 5834, "dttime_utc": "2026-05-12 05:31", "hrl": 78.24, "precip24h": 1.3346, "erc": 19.728249, "kbdi": 537.0, "relh_min": 48.881496, "relh_max": 97.41752, "lcc": null }, "geometry": { "type": "Point", "coordinates": [ -82.10916, 29.62923 ] } },
{ "type": "Feature", "properties": { "ltg_lon": -82.1123, "ltg_lat": 29.64629, "idx": 279750, "polarity": 13933, "dttime_utc": "2026-05-12 05:32", "hrl": 75.73, "precip24h": 1.3583, "erc": 19.774744, "kbdi": 542.0, "relh_min": 48.8681, "relh_max": 97.44368, "lcc": null }, "geometry": { "type": "Point", "coordinates": [ -82.1123, 29.64629 ] } },
{ "type": "Feature", "properties": { "ltg_lon": -82.10957, "ltg_lat": 29.64043, "idx": 279756, "polarity": 29594, "dttime_utc": "2026-05-12 05:34", "hrl": 65.27, "precip24h": 1.2205, "erc": 19.788067, "kbdi": 520.0, "relh_min": 48.508186, "relh_max": 97.64293, "lcc": null }, "geometry": { "type": "Point", "coordinates": [ -82.10957, 29.64043 ] } },
{ "type": "Feature", "properties": { "ltg_lon": -82.11283, "ltg_lat": 29.64215, "idx": 279757, "polarity": 7338, "dttime_utc": "2026-05-12 05:34", "hrl": 82.43, "precip24h": 1.3583, "erc": 19.784159, "kbdi": 542.0, "relh_min": 48.872513, "relh_max": 97.4378, "lcc": null }, "geometry": { "type": "Point", "coordinates": [ -82.11283, 29.64215 ] } },
{ "type": "Feature", "properties": { "ltg_lon": -82.09932, "ltg_lat": 29.66003, "idx": 279775, "polarity": 12963, "dttime_utc": "2026-05-12 05:36", "hrl": 59.0, "precip24h": 1.0709, "erc": 19.746769, "kbdi": 507.0, "relh_min": 48.84338, "relh_max": 97.459366, "lcc": null }, "geometry": { "type": "Point", "coordinates": [ -82.09932, 29.66003 ] } },
{ "type": "Feature", "properties": { "ltg_lon": -82.73159, "ltg_lat": 29.59118, "idx": 279776, "polarity": 17357, "dttime_utc": "2026-05-12 05:37", "hrl": 6.69, "precip24h": 0.6535, "erc": 19.930107, "kbdi": 625.0, "relh_min": 48.978497, "relh_max": 97.350586, "lcc": null }, "geometry": { "type": "Point", "coordinates": [ -82.73159, 29.59118 ] } },
{ "type": "Feature", "properties": { "ltg_lon": -82.05142, "ltg_lat": 29.67724, "idx": 279826, "polarity": 5947, "dttime_utc": "2026-05-12 05:52", "hrl": 26.36, "precip24h": 0.5433, "erc": 19.613539, "kbdi": 483.0, "relh_min": 48.95803, "relh_max": 97.6775, "lcc": null }, "geometry": { "type": "Point", "coordinates": [ -82.05142, 29.67724 ] } },
{ "type": "Feature", "properties": { "ltg_lon": -82.06197, "ltg_lat": 29.65594, "idx": 279825, "polarity": -14925, "dttime_utc": "2026-05-12 05:52", "hrl": 41.84, "precip24h": 0.7913, "erc": 19.651491, "kbdi": 501.0, "relh_min": 49.000446, "relh_max": 97.64509, "lcc": null }, "geometry": { "type": "Point", "coordinates": [ -82.06197, 29.65594 ] } },
{ "type": "Feature", "properties": { "ltg_lon": -82.02015, "ltg_lat": 29.65205, "idx": 279824, "polarity": 61780, "dttime_utc": "2026-05-12 05:52", "hrl": 24.69, "precip24h": 0.5984, "erc": 19.611511, "kbdi": 496.0, "relh_min": 49.009052, "relh_max": 97.624, "lcc": null }, "geometry": { "type": "Point", "coordinates": [ -82.02015, 29.65205 ] } },
{ "type": "Feature", "properties": { "ltg_lon": -82.00133, "ltg_lat": 29.60699, "idx": 279858, "polarity": -11978, "dttime_utc": "2026-05-12 06:04", "hrl": 60.25, "precip24h": 0.9567, "erc": 19.75382, "kbdi": 397.0, "relh_min": 48.158295, "relh_max": 98.16148, "lcc": null }, "geometry": { "type": "Point", "coordinates": [ -82.00133, 29.60699 ] } },
{ "type": "Feature", "properties": { "ltg_lon": -81.97942, "ltg_lat": 29.63074, "idx": 279870, "polarity": -17131, "dttime_utc": "2026-05-12 06:13", "hrl": 36.4, "precip24h": 0.811, "erc": 19.664036, "kbdi": 515.0, "relh_min": 49.603867, "relh_max": 98.42375, "lcc": null }, "geometry": { "type": "Point", "coordinates": [ -81.97942, 29.63074 ] } },
{ "type": "Feature", "properties": { "ltg_lon": -81.99917, "ltg_lat": 29.63946, "idx": 279869, "polarity": -5745, "dttime_utc": "2026-05-12 06:13", "hrl": 15.06, "precip24h": 0.8189, "erc": 19.596693, "kbdi": 510.0, "relh_min": 49.596104, "relh_max": 98.44758, "lcc": null }, "geometry": { "type": "Point", "coordinates": [ -81.99917, 29.63946 ] } },
{ "type": "Feature", "properties": { "ltg_lon": -81.97092, "ltg_lat": 29.63047, "idx": 279875, "polarity": -12699, "dttime_utc": "2026-05-12 06:15", "hrl": 37.24, "precip24h": 0.811, "erc": 19.646156, "kbdi": 515.0, "relh_min": 49.60516, "relh_max": 98.41824, "lcc": null }, "geometry": { "type": "Point", "coordinates": [ -81.97092, 29.63047 ] } },
{ "type": "Feature", "properties": { "ltg_lon": -81.8992, "ltg_lat": 29.66098, "idx": 279881, "polarity": -31070, "dttime_utc": "2026-05-12 06:15", "hrl": 8.79, "precip24h": 0.5315, "erc": 19.394323, "kbdi": 450.0, "relh_min": 48.106743, "relh_max": 98.16095, "lcc": null }, "geometry": { "type": "Point", "coordinates": [ -81.8992, 29.66098 ] } },
{ "type": "Feature", "properties": { "ltg_lon": -81.87136, "ltg_lat": 29.64112, "idx": 279885, "polarity": -20575, "dttime_utc": "2026-05-12 06:16", "hrl": 17.15, "precip24h": 0.4882, "erc": 19.29956, "kbdi": 419.0, "relh_min": 49.7463, "relh_max": 98.400955, "lcc": null }, "geometry": { "type": "Point", "coordinates": [ -81.87136, 29.64112 ] } },
{ "type": "Feature", "properties": { "ltg_lon": -81.87791, "ltg_lat": 29.63417, "idx": 279886, "polarity": -14831, "dttime_utc": "2026-05-12 06:16", "hrl": 40.59, "precip24h": 0.3819, "erc": 19.341167, "kbdi": 408.0, "relh_min": 49.732048, "relh_max": 98.39334, "lcc": null }, "geometry": { "type": "Point", "coordinates": [ -81.87791, 29.63417 ] } },
{ "type": "Feature", "properties": { "ltg_lon": -81.8745, "ltg_lat": 29.65643, "idx": 279897, "polarity": -15602, "dttime_utc": "2026-05-12 06:19", "hrl": 32.22, "precip24h": 0.622, "erc": 19.295143, "kbdi": 453.0, "relh_min": 48.10083, "relh_max": 98.16021, "lcc": null }, "geometry": { "type": "Point", "coordinates": [ -81.8745, 29.65643 ] } },
{ "type": "Feature", "properties": { "ltg_lon": -81.89438, "ltg_lat": 29.65028, "idx": 279893, "polarity": -14413, "dttime_utc": "2026-05-12 06:19", "hrl": 31.38, "precip24h": 0.6299, "erc": 19.387209, "kbdi": 456.0, "relh_min": 48.109196, "relh_max": 98.160446, "lcc": null }, "geometry": { "type": "Point", "coordinates": [ -81.89438, 29.65028 ] } },
{ "type": "Feature", "properties": { "ltg_lon": -81.86025, "ltg_lat": 29.65886, "idx": 279895, "polarity": -17670, "dttime_utc": "2026-05-12 06:19", "hrl": 32.64, "precip24h": 0.5472, "erc": 19.222399, "kbdi": 453.0, "relh_min": 48.095604, "relh_max": 98.15997, "lcc": null }, "geometry": { "type": "Point", "coordinates": [ -81.86025, 29.65886 ] } },
{ "type": "Feature", "properties": { "ltg_lon": -81.87597, "ltg_lat": 29.66057, "idx": 279901, "polarity": -13139, "dttime_utc": "2026-05-12 06:21", "hrl": 70.71, "precip24h": 0.6693, "erc": 19.298096, "kbdi": 456.0, "relh_min": 49.709053, "relh_max": 98.41821, "lcc": null }, "geometry": { "type": "Point", "coordinates": [ -81.87597, 29.66057 ] } },
{ "type": "Feature", "properties": { "ltg_lon": -81.88457, "ltg_lat": 29.66013, "idx": 279907, "polarity": -18721, "dttime_utc": "2026-05-12 06:21", "hrl": 64.44, "precip24h": 0.6417, "erc": 19.336445, "kbdi": 456.0, "relh_min": 49.684402, "relh_max": 98.41784, "lcc": null }, "geometry": { "type": "Point", "coordinates": [ -81.88457, 29.66013 ] } },
{ "type": "Feature", "properties": { "ltg_lon": -81.8723, "ltg_lat": 29.66592, "idx": 279910, "polarity": -28675, "dttime_utc": "2026-05-12 06:22", "hrl": 71.13, "precip24h": 0.6693, "erc": 19.277023, "kbdi": 456.0, "relh_min": 49.71239, "relh_max": 98.42286, "lcc": null }, "geometry": { "type": "Point", "coordinates": [ -81.8723, 29.66592 ] } },
{ "type": "Feature", "properties": { "ltg_lon": -81.83807, "ltg_lat": 29.67355, "idx": 279915, "polarity": -12012, "dttime_utc": "2026-05-12 06:23", "hrl": 46.44, "precip24h": 0.5787, "erc": 19.08718, "kbdi": 400.0, "relh_min": 49.03405, "relh_max": 97.88796, "lcc": null }, "geometry": { "type": "Point", "coordinates": [ -81.83807, 29.67355 ] } },
{ "type": "Feature", "properties": { "ltg_lon": -82.28183, "ltg_lat": 29.80116, "idx": 279918, "polarity": 25948, "dttime_utc": "2026-05-12 06:25", "hrl": 37.66, "precip24h": 0.4488, "erc": 19.405308, "kbdi": 577.0, "relh_min": 49.15469, "relh_max": 98.11052, "lcc": null }, "geometry": { "type": "Point", "coordinates": [ -82.28183, 29.80116 ] } },
{ "type": "Feature", "properties": { "ltg_lon": -81.843, "ltg_lat": 29.68292, "idx": 279930, "polarity": 14331, "dttime_utc": "2026-05-12 06:30", "hrl": 55.23, "precip24h": 0.6811, "erc": 19.119324, "kbdi": 404.0, "relh_min": 49.794956, "relh_max": 98.441345, "lcc": null }, "geometry": { "type": "Point", "coordinates": [ -81.843, 29.68292 ] } },
{ "type": "Feature", "properties": { "ltg_lon": -82.29819, "ltg_lat": 29.77005, "idx": 279931, "polarity": 15546, "dttime_utc": "2026-05-12 06:30", "hrl": 40.17, "precip24h": 0.7441, "erc": 19.344961, "kbdi": 547.0, "relh_min": 50.238297, "relh_max": 98.82517, "lcc": null }, "geometry": { "type": "Point", "coordinates": [ -82.29819, 29.77005 ] } },
{ "type": "Feature", "properties": { "ltg_lon": -81.83536, "ltg_lat": 29.67902, "idx": 279951, "polarity": -11461, "dttime_utc": "2026-05-12 06:34", "hrl": 46.03, "precip24h": 0.5787, "erc": 19.070908, "kbdi": 400.0, "relh_min": 49.03444, "relh_max": 97.89105, "lcc": 283.005 }, "geometry": { "type": "Point", "coordinates": [ -81.83536, 29.67902 ] } },
{ "type": "Feature", "properties": { "ltg_lon": -81.83662, "ltg_lat": 29.68187, "idx": 279952, "polarity": -14427, "dttime_utc": "2026-05-12 06:34", "hrl": 53.14, "precip24h": 0.6535, "erc": 19.0801, "kbdi": 387.0, "relh_min": 49.330555, "relh_max": 97.620415, "lcc": null }, "geometry": { "type": "Point", "coordinates": [ -81.83662, 29.68187 ] } },
{ "type": "Feature", "properties": { "ltg_lon": -82.34915, "ltg_lat": 29.82531, "idx": 279959, "polarity": 13637, "dttime_utc": "2026-05-12 06:34", "hrl": 0.0, "precip24h": 0.1339, "erc": 19.340414, "kbdi": 618.0, "relh_min": 48.971855, "relh_max": 98.0177, "lcc": null }, "geometry": { "type": "Point", "coordinates": [ -82.34915, 29.82531 ] } },
{ "type": "Feature", "properties": { "ltg_lon": -82.23453, "ltg_lat": 29.68289, "idx": 279958, "polarity": 6553, "dttime_utc": "2026-05-12 06:34", "hrl": 27.62, "precip24h": 0.6142, "erc": 19.179766, "kbdi": 590.0, "relh_min": 50.500664, "relh_max": 98.40216, "lcc": null }, "geometry": { "type": "Point", "coordinates": [ -82.23453, 29.68289 ] } },
{ "type": "Feature", "properties": { "ltg_lon": -82.22656, "ltg_lat": 29.69636, "idx": 279965, "polarity": 24843, "dttime_utc": "2026-05-12 06:36", "hrl": 19.67, "precip24h": 0.4409, "erc": 19.235668, "kbdi": 586.0, "relh_min": 50.08965, "relh_max": 98.47781, "lcc": null }, "geometry": { "type": "Point", "coordinates": [ -82.22656, 29.69636 ] } },
{ "type": "Feature", "properties": { "ltg_lon": -82.2121, "ltg_lat": 29.71119, "idx": 279978, "polarity": 29129, "dttime_utc": "2026-05-12 06:38", "hrl": 23.01, "precip24h": 0.4409, "erc": 19.352465, "kbdi": 587.0, "relh_min": 49.743195, "relh_max": 98.33656, "lcc": null }, "geometry": { "type": "Point", "coordinates": [ -82.2121, 29.71119 ] } },
{ "type": "Feature", "properties": { "ltg_lon": -81.84896, "ltg_lat": 29.71738, "idx": 279985, "polarity": -40638, "dttime_utc": "2026-05-12 06:39", "hrl": 78.66, "precip24h": 0.9961, "erc": 18.993446, "kbdi": 429.0, "relh_min": 49.21696, "relh_max": 97.63748, "lcc": null }, "geometry": { "type": "Point", "coordinates": [ -81.84896, 29.71738 ] } },
{ "type": "Feature", "properties": { "ltg_lon": -82.28126, "ltg_lat": 29.67109, "idx": 279990, "polarity": -17748, "dttime_utc": "2026-05-12 06:41", "hrl": 54.39, "precip24h": 1.0827, "erc": 18.912214, "kbdi": 603.0, "relh_min": 50.98624, "relh_max": 98.86702, "lcc": null }, "geometry": { "type": "Point", "coordinates": [ -82.28126, 29.67109 ] } },
{ "type": "Feature", "properties": { "ltg_lon": -81.79296, "ltg_lat": 29.72391, "idx": 279997, "polarity": -4062, "dttime_utc": "2026-05-12 06:43", "hrl": 84.1, "precip24h": 0.9055, "erc": 18.695581, "kbdi": 303.0, "relh_min": 49.373215, "relh_max": 97.66085, "lcc": null }, "geometry": { "type": "Point", "coordinates": [ -81.79296, 29.72391 ] } },
{ "type": "Feature", "properties": { "ltg_lon": -81.79598, "ltg_lat": 29.74645, "idx": 279998, "polarity": 12687, "dttime_utc": "2026-05-12 06:43", "hrl": 68.62, "precip24h": 0.6024, "erc": 18.811893, "kbdi": 312.0, "relh_min": 48.966732, "relh_max": 97.89785, "lcc": null }, "geometry": { "type": "Point", "coordinates": [ -81.79598, 29.74645 ] } },
{ "type": "Feature", "properties": { "ltg_lon": -81.80536, "ltg_lat": 29.74709, "idx": 279999, "polarity": 20750, "dttime_utc": "2026-05-12 06:43", "hrl": 64.85, "precip24h": 0.5748, "erc": 18.859993, "kbdi": 320.0, "relh_min": 48.94219, "relh_max": 97.896126, "lcc": null }, "geometry": { "type": "Point", "coordinates": [ -81.80536, 29.74709 ] } },
{ "type": "Feature", "properties": { "ltg_lon": -82.29631, "ltg_lat": 29.70802, "idx": 280004, "polarity": 29165, "dttime_utc": "2026-05-12 06:45", "hrl": 48.54, "precip24h": 0.9331, "erc": 18.939953, "kbdi": 557.0, "relh_min": 51.003563, "relh_max": 98.685524, "lcc": null }, "geometry": { "type": "Point", "coordinates": [ -82.29631, 29.70802 ] } },
{ "type": "Feature", "properties": { "ltg_lon": -81.82224, "ltg_lat": 29.72699, "idx": 280016, "polarity": 12539, "dttime_utc": "2026-05-12 06:47", "hrl": 79.92, "precip24h": 0.8622, "erc": 18.880583, "kbdi": 363.0, "relh_min": 49.261482, "relh_max": 97.64598, "lcc": null }, "geometry": { "type": "Point", "coordinates": [ -81.82224, 29.72699 ] } },
{ "type": "Feature", "properties": { "ltg_lon": -82.67961, "ltg_lat": 29.72675, "idx": 280021, "polarity": -22947, "dttime_utc": "2026-05-12 06:48", "hrl": 42.68, "precip24h": 0.3701, "erc": 19.62256, "kbdi": 524.0, "relh_min": 48.839024, "relh_max": 97.82986, "lcc": null }, "geometry": { "type": "Point", "coordinates": [ -82.67961, 29.72675 ] } },
{ "type": "Feature", "properties": { "ltg_lon": -82.19526, "ltg_lat": 29.72622, "idx": 280034, "polarity": 35524, "dttime_utc": "2026-05-12 06:49", "hrl": 15.48, "precip24h": 0.3701, "erc": 19.440603, "kbdi": 609.0, "relh_min": 49.456093, "relh_max": 98.22903, "lcc": null }, "geometry": { "type": "Point", "coordinates": [ -82.19526, 29.72622 ] } },
{ "type": "Feature", "properties": { "ltg_lon": -82.66214, "ltg_lat": 29.74563, "idx": 280044, "polarity": -16290, "dttime_utc": "2026-05-12 06:50", "hrl": 49.37, "precip24h": 0.4331, "erc": 19.626312, "kbdi": 504.0, "relh_min": 48.822525, "relh_max": 97.83732, "lcc": 220.403 }, "geometry": { "type": "Point", "coordinates": [ -82.66214, 29.74563 ] } },
{ "type": "Feature", "properties": { "ltg_lon": -81.61969, "ltg_lat": 29.80422, "idx": 280047, "polarity": 36125, "dttime_utc": "2026-05-12 06:50", "hrl": 33.05, "precip24h": 0.6063, "erc": 18.78744, "kbdi": 391.0, "relh_min": 48.80247, "relh_max": 97.796394, "lcc": null }, "geometry": { "type": "Point", "coordinates": [ -81.61969, 29.80422 ] } },
{ "type": "Feature", "properties": { "ltg_lon": -81.78005, "ltg_lat": 29.69906, "idx": 280054, "polarity": 69861, "dttime_utc": "2026-05-12 06:51", "hrl": 56.07, "precip24h": 0.7126, "erc": 18.568329, "kbdi": 381.0, "relh_min": 49.74612, "relh_max": 97.9033, "lcc": null }, "geometry": { "type": "Point", "coordinates": [ -81.78005, 29.69906 ] } },
{ "type": "Feature", "properties": { "ltg_lon": -82.1561, "ltg_lat": 29.74585, "idx": 280056, "polarity": 25560, "dttime_utc": "2026-05-12 06:51", "hrl": 6.28, "precip24h": 0.2874, "erc": 19.532759, "kbdi": 619.0, "relh_min": 49.244095, "relh_max": 98.05499, "lcc": null }, "geometry": { "type": "Point", "coordinates": [ -82.1561, 29.74585 ] } },
{ "type": "Feature", "properties": { "ltg_lon": -81.72924, "ltg_lat": 29.75601, "idx": 280068, "polarity": 10250, "dttime_utc": "2026-05-12 06:53", "hrl": 66.11, "precip24h": 0.7795, "erc": 18.561872, "kbdi": 357.0, "relh_min": 49.583755, "relh_max": 97.87595, "lcc": null }, "geometry": { "type": "Point", "coordinates": [ -81.72924, 29.75601 ] } },
{ "type": "Feature", "properties": { "ltg_lon": -82.1996, "ltg_lat": 29.76101, "idx": 280075, "polarity": 12063, "dttime_utc": "2026-05-12 06:55", "hrl": 29.71, "precip24h": 0.7835, "erc": 19.476444, "kbdi": 562.0, "relh_min": 49.37768, "relh_max": 98.10026, "lcc": null }, "geometry": { "type": "Point", "coordinates": [ -82.1996, 29.76101 ] } },
{ "type": "Feature", "properties": { "ltg_lon": -82.27152, "ltg_lat": 29.73083, "idx": 280097, "polarity": 14698, "dttime_utc": "2026-05-12 06:58", "hrl": 76.99, "precip24h": 0.9134, "erc": 19.159632, "kbdi": 503.0, "relh_min": 50.39663, "relh_max": 98.38349, "lcc": null }, "geometry": { "type": "Point", "coordinates": [ -82.27152, 29.73083 ] } },
{ "type": "Feature", "properties": { "ltg_lon": -81.75333, "ltg_lat": 29.65953, "idx": 280110, "polarity": 17146, "dttime_utc": "2026-05-12 06:59", "hrl": 12.97, "precip24h": 0.1969, "erc": 18.171986, "kbdi": 472.0, "relh_min": 49.98377, "relh_max": 97.7918, "lcc": null }, "geometry": { "type": "Point", "coordinates": [ -81.75333, 29.65953 ] } },
{ "type": "Feature", "properties": { "ltg_lon": -81.70917, "ltg_lat": 29.6694, "idx": 280111, "polarity": -43583, "dttime_utc": "2026-05-12 06:59", "hrl": 26.78, "precip24h": 0.252, "erc": 16.61647, "kbdi": 375.0, "relh_min": 51.287872, "relh_max": 98.29123, "lcc": null }, "geometry": { "type": "Point", "coordinates": [ -81.70917, 29.6694 ] } },
{ "type": "Feature", "properties": { "ltg_lon": -82.12229, "ltg_lat": 29.9187, "idx": 280118, "polarity": 12918, "dttime_utc": "2026-05-12 07:00", "hrl": 0.84, "precip24h": 0.3189, "erc": 19.31994, "kbdi": 579.0, "relh_min": 48.652283, "relh_max": 97.85746, "lcc": null }, "geometry": { "type": "Point", "coordinates": [ -82.12229, 29.9187 ] } },
{ "type": "Feature", "properties": { "ltg_lon": -82.14358, "ltg_lat": 29.96285, "idx": 280138, "polarity": 14475, "dttime_utc": "2026-05-12 07:02", "hrl": 1.67, "precip24h": 0.3661, "erc": 19.433323, "kbdi": 564.0, "relh_min": 47.793472, "relh_max": 98.17169, "lcc": null }, "geometry": { "type": "Point", "coordinates": [ -82.14358, 29.96285 ] } },
{ "type": "Feature", "properties": { "ltg_lon": -81.72378, "ltg_lat": 29.74389, "idx": 280137, "polarity": 13889, "dttime_utc": "2026-05-12 07:02", "hrl": 57.32, "precip24h": 0.8819, "erc": 18.427004, "kbdi": 324.0, "relh_min": 47.759415, "relh_max": 98.16218, "lcc": null }, "geometry": { "type": "Point", "coordinates": [ -81.72378, 29.74389 ] } },
{ "type": "Feature", "properties": { "ltg_lon": -82.86068, "ltg_lat": 30.13662, "idx": 280140, "polarity": -18523, "dttime_utc": "2026-05-12 07:02", "hrl": 21.34, "precip24h": 0.9173, "erc": 18.519966, "kbdi": 405.0, "relh_min": 48.0782, "relh_max": 98.19983, "lcc": null }, "geometry": { "type": "Point", "coordinates": [ -82.86068, 30.13662 ] } },
{ "type": "Feature", "properties": { "ltg_lon": -82.88332, "ltg_lat": 30.13618, "idx": 280139, "polarity": -12391, "dttime_utc": "2026-05-12 07:02", "hrl": 38.91, "precip24h": 0.8661, "erc": 18.49643, "kbdi": 378.0, "relh_min": 48.406143, "relh_max": 97.713776, "lcc": null }, "geometry": { "type": "Point", "coordinates": [ -82.88332, 30.13618 ] } },
{ "type": "Feature", "properties": { "ltg_lon": -82.12076, "ltg_lat": 29.91642, "idx": 280155, "polarity": 12047, "dttime_utc": "2026-05-12 07:04", "hrl": 0.42, "precip24h": 0.3189, "erc": 19.322962, "kbdi": 579.0, "relh_min": 48.54742, "relh_max": 98.71844, "lcc": null }, "geometry": { "type": "Point", "coordinates": [ -82.12076, 29.91642 ] } },
{ "type": "Feature", "properties": { "ltg_lon": -81.64782, "ltg_lat": 29.81463, "idx": 280165, "polarity": -39445, "dttime_utc": "2026-05-12 07:06", "hrl": 30.96, "precip24h": 0.4134, "erc": 18.831257, "kbdi": 366.0, "relh_min": 49.39605, "relh_max": 98.514305, "lcc": null }, "geometry": { "type": "Point", "coordinates": [ -81.64782, 29.81463 ] } },
{ "type": "Feature", "properties": { "ltg_lon": -81.63523, "ltg_lat": 29.81873, "idx": 280166, "polarity": 7692, "dttime_utc": "2026-05-12 07:06", "hrl": 33.47, "precip24h": 0.4449, "erc": 18.846033, "kbdi": 353.0, "relh_min": 47.701714, "relh_max": 98.16357, "lcc": null }, "geometry": { "type": "Point", "coordinates": [ -81.63523, 29.81873 ] } },
{ "type": "Feature", "properties": { "ltg_lon": -82.2036, "ltg_lat": 29.81966, "idx": 280175, "polarity": 12155, "dttime_utc": "2026-05-12 07:08", "hrl": 22.18, "precip24h": 0.7008, "erc": 19.439028, "kbdi": 533.0, "relh_min": 47.879494, "relh_max": 98.1704, "lcc": null }, "geometry": { "type": "Point", "coordinates": [ -82.2036, 29.81966 ] } },
{ "type": "Feature", "properties": { "ltg_lon": -82.19245, "ltg_lat": 29.82161, "idx": 280177, "polarity": 38828, "dttime_utc": "2026-05-12 07:08", "hrl": 21.76, "precip24h": 0.626, "erc": 19.448862, "kbdi": 509.0, "relh_min": 47.8745, "relh_max": 98.17022, "lcc": null }, "geometry": { "type": "Point", "coordinates": [ -82.19245, 29.82161 ] } },
{ "type": "Feature", "properties": { "ltg_lon": -81.63147, "ltg_lat": 29.57404, "idx": 280185, "polarity": -9793, "dttime_utc": "2026-05-12 07:09", "hrl": 18.83, "precip24h": 0.3031, "erc": 19.195738, "kbdi": 442.0, "relh_min": 50.015278, "relh_max": 98.51186, "lcc": null }, "geometry": { "type": "Point", "coordinates": [ -81.63147, 29.57404 ] } },
{ "type": "Feature", "properties": { "ltg_lon": -82.66341, "ltg_lat": 29.89941, "idx": 280205, "polarity": -23896, "dttime_utc": "2026-05-12 07:12", "hrl": 15.9, "precip24h": 0.5394, "erc": 19.108175, "kbdi": 454.0, "relh_min": 48.04787, "relh_max": 98.185295, "lcc": null }, "geometry": { "type": "Point", "coordinates": [ -82.66341, 29.89941 ] } },
{ "type": "Feature", "properties": { "ltg_lon": -82.15313, "ltg_lat": 29.7921, "idx": 280206, "polarity": 14580, "dttime_utc": "2026-05-12 07:12", "hrl": 20.5, "precip24h": 0.5984, "erc": 19.558285, "kbdi": 532.0, "relh_min": 48.945656, "relh_max": 98.73555, "lcc": null }, "geometry": { "type": "Point", "coordinates": [ -82.15313, 29.7921 ] } },
{ "type": "Feature", "properties": { "ltg_lon": -82.13698, "ltg_lat": 29.79197, "idx": 280207, "polarity": 7443, "dttime_utc": "2026-05-12 07:12", "hrl": 20.08, "precip24h": 0.4724, "erc": 19.57235, "kbdi": 511.0, "relh_min": 48.87223, "relh_max": 98.750175, "lcc": null }, "geometry": { "type": "Point", "coordinates": [ -82.13698, 29.79197 ] } },
{ "type": "Feature", "properties": { "ltg_lon": -81.46934, "ltg_lat": 29.68922, "idx": 280208, "polarity": 52819, "dttime_utc": "2026-05-12 07:12", "hrl": 34.73, "precip24h": 0.2559, "erc": 19.334812, "kbdi": 319.0, "relh_min": 47.726723, "relh_max": 98.15812, "lcc": null }, "geometry": { "type": "Point", "coordinates": [ -81.46934, 29.68922 ] } },
{ "type": "Feature", "properties": { "ltg_lon": -82.09292, "ltg_lat": 29.88504, "idx": 280218, "polarity": 14186, "dttime_utc": "2026-05-12 07:15", "hrl": 2.09, "precip24h": 0.8425, "erc": 19.553358, "kbdi": 597.0, "relh_min": 48.366478, "relh_max": 98.85095, "lcc": null }, "geometry": { "type": "Point", "coordinates": [ -82.09292, 29.88504 ] } },
{ "type": "Feature", "properties": { "ltg_lon": -82.09623, "ltg_lat": 29.87781, "idx": 280232, "polarity": 5795, "dttime_utc": "2026-05-12 07:18", "hrl": 5.44, "precip24h": 0.8701, "erc": 19.55965, "kbdi": 604.0, "relh_min": 47.814644, "relh_max": 98.16956, "lcc": null }, "geometry": { "type": "Point", "coordinates": [ -82.09623, 29.87781 ] } },
{ "type": "Feature", "properties": { "ltg_lon": -82.09944, "ltg_lat": 29.86741, "idx": 280230, "polarity": 5144, "dttime_utc": "2026-05-12 07:18", "hrl": 23.85, "precip24h": 0.9173, "erc": 19.56766, "kbdi": 608.0, "relh_min": 48.342327, "relh_max": 98.88605, "lcc": null }, "geometry": { "type": "Point", "coordinates": [ -82.09944, 29.86741 ] } },
{ "type": "Feature", "properties": { "ltg_lon": -82.10675, "ltg_lat": 29.83955, "idx": 280234, "polarity": 15921, "dttime_utc": "2026-05-12 07:18", "hrl": 7.11, "precip24h": 0.4134, "erc": 19.562233, "kbdi": 558.0, "relh_min": 48.418552, "relh_max": 98.88233, "lcc": null }, "geometry": { "type": "Point", "coordinates": [ -82.10675, 29.83955 ] } },
{ "type": "Feature", "properties": { "ltg_lon": -82.76569, "ltg_lat": 30.14679, "idx": 280236, "polarity": 13316, "dttime_utc": "2026-05-12 07:18", "hrl": 30.13, "precip24h": 0.6929, "erc": 18.485104, "kbdi": 433.0, "relh_min": 48.02495, "relh_max": 98.58657, "lcc": null }, "geometry": { "type": "Point", "coordinates": [ -82.76569, 30.14679 ] } },
{ "type": "Feature", "properties": { "ltg_lon": -82.195, "ltg_lat": 30.06563, "idx": 280237, "polarity": -18434, "dttime_utc": "2026-05-12 07:19", "hrl": 9.62, "precip24h": 0.6811, "erc": 19.450752, "kbdi": 599.0, "relh_min": 47.76456, "relh_max": 98.173805, "lcc": null }, "geometry": { "type": "Point", "coordinates": [ -82.195, 30.06563 ] } },
{ "type": "Feature", "properties": { "ltg_lon": -81.51343, "ltg_lat": 29.78392, "idx": 280238, "polarity": 70235, "dttime_utc": "2026-05-12 07:20", "hrl": 80.75, "precip24h": 0.9567, "erc": 19.078672, "kbdi": 332.0, "relh_min": 47.69131, "relh_max": 98.161545, "lcc": null }, "geometry": { "type": "Point", "coordinates": [ -81.51343, 29.78392 ] } },
{ "type": "Feature", "properties": { "ltg_lon": -81.63508, "ltg_lat": 29.80565, "idx": 280245, "polarity": 33913, "dttime_utc": "2026-05-12 07:21", "hrl": 52.3, "precip24h": 0.5197, "erc": 18.7905, "kbdi": 347.0, "relh_min": 49.438232, "relh_max": 98.51295, "lcc": null }, "geometry": { "type": "Point", "coordinates": [ -81.63508, 29.80565 ] } },
{ "type": "Feature", "properties": { "ltg_lon": -82.09408, "ltg_lat": 29.8422, "idx": 280246, "polarity": 18847, "dttime_utc": "2026-05-12 07:22", "hrl": 29.29, "precip24h": 0.6339, "erc": 19.597235, "kbdi": 589.0, "relh_min": 48.256622, "relh_max": 98.95738, "lcc": null }, "geometry": { "type": "Point", "coordinates": [ -82.09408, 29.8422 ] } },
{ "type": "Feature", "properties": { "ltg_lon": -82.08265, "ltg_lat": 29.92226, "idx": 280249, "polarity": 23179, "dttime_utc": "2026-05-12 07:23", "hrl": 17.57, "precip24h": 0.4016, "erc": 19.341614, "kbdi": 578.0, "relh_min": 48.613037, "relh_max": 97.922585, "lcc": null }, "geometry": { "type": "Point", "coordinates": [ -82.08265, 29.92226 ] } },
{ "type": "Feature", "properties": { "ltg_lon": -81.57648, "ltg_lat": 29.7868, "idx": 280266, "polarity": -25362, "dttime_utc": "2026-05-12 07:30", "hrl": 73.22, "precip24h": 0.8189, "erc": 18.864975, "kbdi": 346.0, "relh_min": 49.344227, "relh_max": 97.52119, "lcc": null }, "geometry": { "type": "Point", "coordinates": [ -81.57648, 29.7868 ] } },
{ "type": "Feature", "properties": { "ltg_lon": -81.53438, "ltg_lat": 29.80536, "idx": 280269, "polarity": -13573, "dttime_utc": "2026-05-12 07:30", "hrl": 55.65, "precip24h": 0.6732, "erc": 19.1188, "kbdi": 359.0, "relh_min": 49.32008, "relh_max": 98.43947, "lcc": null }, "geometry": { "type": "Point", "coordinates": [ -81.53438, 29.80536 ] } },
{ "type": "Feature", "properties": { "ltg_lon": -81.56937, "ltg_lat": 29.78428, "idx": 280277, "polarity": 8748, "dttime_utc": "2026-05-12 07:31", "hrl": 82.85, "precip24h": 0.8701, "erc": 18.863483, "kbdi": 303.0, "relh_min": 49.34416, "relh_max": 97.51381, "lcc": null }, "geometry": { "type": "Point", "coordinates": [ -81.56937, 29.78428 ] } },
{ "type": "Feature", "properties": { "ltg_lon": -82.57975, "ltg_lat": 29.97019, "idx": 280280, "polarity": -40624, "dttime_utc": "2026-05-12 07:31", "hrl": 64.02, "precip24h": 0.6142, "erc": 19.155642, "kbdi": 394.0, "relh_min": 48.466373, "relh_max": 98.55631, "lcc": null }, "geometry": { "type": "Point", "coordinates": [ -82.57975, 29.97019 ] } },
{ "type": "Feature", "properties": { "ltg_lon": -82.58058, "ltg_lat": 29.97493, "idx": 280281, "polarity": 30888, "dttime_utc": "2026-05-12 07:31", "hrl": 58.58, "precip24h": 0.7598, "erc": 19.149391, "kbdi": 409.0, "relh_min": 48.449707, "relh_max": 98.5586, "lcc": null }, "geometry": { "type": "Point", "coordinates": [ -82.58058, 29.97493 ] } },
{ "type": "Feature", "properties": { "ltg_lon": -82.07086, "ltg_lat": 29.94291, "idx": 280289, "polarity": -32063, "dttime_utc": "2026-05-12 07:33", "hrl": 25.52, "precip24h": 0.2323, "erc": 19.387274, "kbdi": 588.0, "relh_min": 48.618313, "relh_max": 97.87482, "lcc": null }, "geometry": { "type": "Point", "coordinates": [ -82.07086, 29.94291 ] } },
{ "type": "Feature", "properties": { "ltg_lon": -82.01922, "ltg_lat": 29.9081, "idx": 280305, "polarity": 19115, "dttime_utc": "2026-05-12 07:36", "hrl": 99.58, "precip24h": 0.3346, "erc": 19.440395, "kbdi": 542.0, "relh_min": 48.548187, "relh_max": 97.97341, "lcc": null }, "geometry": { "type": "Point", "coordinates": [ -82.01922, 29.9081 ] } },
{ "type": "Feature", "properties": { "ltg_lon": -81.52168, "ltg_lat": 29.81537, "idx": 280312, "polarity": -54355, "dttime_utc": "2026-05-12 07:39", "hrl": 48.12, "precip24h": 0.6378, "erc": 19.1945, "kbdi": 385.0, "relh_min": 48.925293, "relh_max": 97.45462, "lcc": null }, "geometry": { "type": "Point", "coordinates": [ -81.52168, 29.81537 ] } },
{ "type": "Feature", "properties": { "ltg_lon": -81.4708, "ltg_lat": 29.80801, "idx": 280326, "polarity": 16260, "dttime_utc": "2026-05-12 07:44", "hrl": 68.2, "precip24h": 0.8307, "erc": 19.186903, "kbdi": 313.0, "relh_min": 49.18278, "relh_max": 97.42291, "lcc": null }, "geometry": { "type": "Point", "coordinates": [ -81.4708, 29.80801 ] } },
{ "type": "Feature", "properties": { "ltg_lon": -82.02167, "ltg_lat": 29.90921, "idx": 280327, "polarity": 13088, "dttime_utc": "2026-05-12 07:44", "hrl": 20.92, "precip24h": 0.3504, "erc": 19.440847, "kbdi": 541.0, "relh_min": 48.39174, "relh_max": 97.901665, "lcc": null }, "geometry": { "type": "Point", "coordinates": [ -82.02167, 29.90921 ] } },
{ "type": "Feature", "properties": { "ltg_lon": -82.03708, "ltg_lat": 29.92494, "idx": 280329, "polarity": 24773, "dttime_utc": "2026-05-12 07:44", "hrl": 24.27, "precip24h": 0.3819, "erc": 19.541567, "kbdi": 485.0, "relh_min": 48.579506, "relh_max": 97.925644, "lcc": null }, "geometry": { "type": "Point", "coordinates": [ -82.03708, 29.92494 ] } },
{ "type": "Feature", "properties": { "ltg_lon": -82.19756, "ltg_lat": 30.01762, "idx": 280331, "polarity": -15598, "dttime_utc": "2026-05-12 07:45", "hrl": 61.92, "precip24h": 1.185, "erc": 19.422606, "kbdi": 593.0, "relh_min": 48.449417, "relh_max": 97.703964, "lcc": null }, "geometry": { "type": "Point", "coordinates": [ -82.19756, 30.01762 ] } },
{ "type": "Feature", "properties": { "ltg_lon": -81.62901, "ltg_lat": 29.78559, "idx": 280332, "polarity": 13575, "dttime_utc": "2026-05-12 07:45", "hrl": 66.53, "precip24h": 0.7756, "erc": 18.694513, "kbdi": 377.0, "relh_min": 49.414845, "relh_max": 97.57953, "lcc": null }, "geometry": { "type": "Point", "coordinates": [ -81.62901, 29.78559 ] } },
{ "type": "Feature", "properties": { "ltg_lon": -81.3256, "ltg_lat": 29.87666, "idx": 280340, "polarity": 41541, "dttime_utc": "2026-05-12 07:47", "hrl": 62.76, "precip24h": 0.9567, "erc": 19.11259, "kbdi": 394.0, "relh_min": 48.748196, "relh_max": 97.360435, "lcc": null }, "geometry": { "type": "Point", "coordinates": [ -81.3256, 29.87666 ] } },
{ "type": "Feature", "properties": { "ltg_lon": -81.4677, "ltg_lat": 29.84991, "idx": 280343, "polarity": -18407, "dttime_utc": "2026-05-12 07:47", "hrl": 67.36, "precip24h": 0.9961, "erc": 19.187624, "kbdi": 412.0, "relh_min": 49.09033, "relh_max": 97.43629, "lcc": null }, "geometry": { "type": "Point", "coordinates": [ -81.4677, 29.84991 ] } },
{ "type": "Feature", "properties": { "ltg_lon": -81.65146, "ltg_lat": 29.82168, "idx": 280345, "polarity": 17577, "dttime_utc": "2026-05-12 07:48", "hrl": 33.89, "precip24h": 0.3858, "erc": 18.912836, "kbdi": 431.0, "relh_min": 48.981636, "relh_max": 97.551056, "lcc": null }, "geometry": { "type": "Point", "coordinates": [ -81.65146, 29.82168 ] } },
{ "type": "Feature", "properties": { "ltg_lon": -81.65715, "ltg_lat": 29.82694, "idx": 280347, "polarity": 9719, "dttime_utc": "2026-05-12 07:48", "hrl": 38.49, "precip24h": 0.3858, "erc": 18.936287, "kbdi": 431.0, "relh_min": 48.961506, "relh_max": 97.55297, "lcc": null }, "geometry": { "type": "Point", "coordinates": [ -81.65715, 29.82694 ] } },
{ "type": "Feature", "properties": { "ltg_lon": -81.64825, "ltg_lat": 29.81736, "idx": 280348, "polarity": 7684, "dttime_utc": "2026-05-12 07:48", "hrl": 43.1, "precip24h": 0.4134, "erc": 18.84304, "kbdi": 366.0, "relh_min": 49.27117, "relh_max": 97.57721, "lcc": null }, "geometry": { "type": "Point", "coordinates": [ -81.64825, 29.81736 ] } },
{ "type": "Feature", "properties": { "ltg_lon": -81.4619, "ltg_lat": 29.85783, "idx": 280352, "polarity": -12744, "dttime_utc": "2026-05-12 07:50", "hrl": 50.63, "precip24h": 0.8976, "erc": 19.131632, "kbdi": 426.0, "relh_min": 49.071796, "relh_max": 97.43549, "lcc": null }, "geometry": { "type": "Point", "coordinates": [ -81.4619, 29.85783 ] } },
{ "type": "Feature", "properties": { "ltg_lon": -81.38887, "ltg_lat": 29.88059, "idx": 280358, "polarity": -19616, "dttime_utc": "2026-05-12 07:52", "hrl": 59.83, "precip24h": 1.2598, "erc": 19.18559, "kbdi": 461.0, "relh_min": 48.74751, "relh_max": 97.39465, "lcc": null }, "geometry": { "type": "Point", "coordinates": [ -81.38887, 29.88059 ] } },
{ "type": "Feature", "properties": { "ltg_lon": -82.16908, "ltg_lat": 30.04999, "idx": 280362, "polarity": 18552, "dttime_utc": "2026-05-12 07:53", "hrl": 46.86, "precip24h": 0.878, "erc": 19.438814, "kbdi": 590.0, "relh_min": 48.384113, "relh_max": 97.70306, "lcc": null }, "geometry": { "type": "Point", "coordinates": [ -82.16908, 30.04999 ] } },
{ "type": "Feature", "properties": { "ltg_lon": -81.50781, "ltg_lat": 29.8317, "idx": 280377, "polarity": -12270, "dttime_utc": "2026-05-12 07:55", "hrl": 69.87, "precip24h": 0.7402, "erc": 19.228542, "kbdi": 399.0, "relh_min": 48.877502, "relh_max": 97.44789, "lcc": null }, "geometry": { "type": "Point", "coordinates": [ -81.50781, 29.8317 ] } },
{ "type": "Feature", "properties": { "ltg_lon": -81.38264, "ltg_lat": 29.85227, "idx": 280386, "polarity": -12810, "dttime_utc": "2026-05-12 07:57", "hrl": 83.68, "precip24h": 1.2165, "erc": 19.16012, "kbdi": 410.0, "relh_min": 48.794025, "relh_max": 97.37901, "lcc": null }, "geometry": { "type": "Point", "coordinates": [ -81.38264, 29.85227 ] } },
{ "type": "Feature", "properties": { "ltg_lon": -81.42378, "ltg_lat": 29.83714, "idx": 280387, "polarity": -18057, "dttime_utc": "2026-05-12 07:57", "hrl": 62.34, "precip24h": 1.2165, "erc": 19.157503, "kbdi": 345.0, "relh_min": 49.00912, "relh_max": 97.57122, "lcc": null }, "geometry": { "type": "Point", "coordinates": [ -81.42378, 29.83714 ] } },
{ "type": "Feature", "properties": { "ltg_lon": -81.43067, "ltg_lat": 29.84065, "idx": 280388, "polarity": -17957, "dttime_utc": "2026-05-12 07:57", "hrl": 76.57, "precip24h": 1.4134, "erc": 19.16405, "kbdi": 389.0, "relh_min": 49.005306, "relh_max": 97.57681, "lcc": null }, "geometry": { "type": "Point", "coordinates": [ -81.43067, 29.84065 ] } },
{ "type": "Feature", "properties": { "ltg_lon": -82.0693, "ltg_lat": 29.86807, "idx": 280389, "polarity": -28745, "dttime_utc": "2026-05-12 07:57", "hrl": 43.51, "precip24h": 0.7244, "erc": 19.64332, "kbdi": 625.0, "relh_min": 48.137215, "relh_max": 98.23599, "lcc": null }, "geometry": { "type": "Point", "coordinates": [ -82.0693, 29.86807 ] } },
{ "type": "Feature", "properties": { "ltg_lon": -82.09436, "ltg_lat": 30.06592, "idx": 280391, "polarity": 17745, "dttime_utc": "2026-05-12 07:57", "hrl": 13.39, "precip24h": 0.3465, "erc": 19.509516, "kbdi": 526.0, "relh_min": 48.4043, "relh_max": 97.90268, "lcc": null }, "geometry": { "type": "Point", "coordinates": [ -82.09436, 30.06592 ] } },
{ "type": "Feature", "properties": { "ltg_lon": -81.40973, "ltg_lat": 29.85675, "idx": 280400, "polarity": -12438, "dttime_utc": "2026-05-12 07:58", "hrl": 65.69, "precip24h": 1.3661, "erc": 19.17535, "kbdi": 415.0, "relh_min": 48.967594, "relh_max": 97.56852, "lcc": null }, "geometry": { "type": "Point", "coordinates": [ -81.40973, 29.85675 ] } },
{ "type": "Feature", "properties": { "ltg_lon": -81.42274, "ltg_lat": 29.84736, "idx": 280402, "polarity": -16571, "dttime_utc": "2026-05-12 07:58", "hrl": 79.5, "precip24h": 1.5236, "erc": 19.169807, "kbdi": 374.0, "relh_min": 48.989365, "relh_max": 97.5737, "lcc": null }, "geometry": { "type": "Point", "coordinates": [ -81.42274, 29.84736 ] } },
{ "type": "Feature", "properties": { "ltg_lon": -81.39777, "ltg_lat": 29.91338, "idx": 280403, "polarity": 15406, "dttime_utc": "2026-05-12 07:58", "hrl": 76.15, "precip24h": 0.9331, "erc": 19.035494, "kbdi": 478.0, "relh_min": 48.69249, "relh_max": 97.414246, "lcc": null }, "geometry": { "type": "Point", "coordinates": [ -81.39777, 29.91338 ] } },
{ "type": "Feature", "properties": { "ltg_lon": -81.36919, "ltg_lat": 29.92464, "idx": 280411, "polarity": -32778, "dttime_utc": "2026-05-12 08:00", "hrl": 75.31, "precip24h": 1.2205, "erc": 19.028618, "kbdi": 504.0, "relh_min": 61.19, "relh_max": 100.0, "lcc": null }, "geometry": { "type": "Point", "coordinates": [ -81.36919, 29.92464 ] } },
{ "type": "Feature", "properties": { "ltg_lon": -81.35776, "ltg_lat": 29.92794, "idx": 280412, "polarity": -63375, "dttime_utc": "2026-05-12 08:00", "hrl": 86.19, "precip24h": 1.5906, "erc": 19.024452, "kbdi": 496.0, "relh_min": 61.19, "relh_max": 100.0, "lcc": null }, "geometry": { "type": "Point", "coordinates": [ -81.35776, 29.92794 ] } },
{ "type": "Feature", "properties": { "ltg_lon": -81.38543, "ltg_lat": 29.92663, "idx": 280413, "polarity": 15877, "dttime_utc": "2026-05-12 08:00", "hrl": 50.21, "precip24h": 1.0197, "erc": 19.039614, "kbdi": 493.0, "relh_min": 47.31147, "relh_max": 98.04354, "lcc": null }, "geometry": { "type": "Point", "coordinates": [ -81.38543, 29.92663 ] } },
{ "type": "Feature", "properties": { "ltg_lon": -81.38526, "ltg_lat": 29.91881, "idx": 280415, "polarity": 5842, "dttime_utc": "2026-05-12 08:00", "hrl": 43.93, "precip24h": 1.0, "erc": 19.033321, "kbdi": 484.0, "relh_min": 47.3158, "relh_max": 98.04354, "lcc": null }, "geometry": { "type": "Point", "coordinates": [ -81.38526, 29.91881 ] } },
{ "type": "Feature", "properties": { "ltg_lon": -81.38903, "ltg_lat": 29.8965, "idx": 280417, "polarity": -17089, "dttime_utc": "2026-05-12 08:01", "hrl": 48.95, "precip24h": 1.1496, "erc": 18.98189, "kbdi": 461.0, "relh_min": 47.32858, "relh_max": 98.04354, "lcc": null }, "geometry": { "type": "Point", "coordinates": [ -81.38903, 29.8965 ] } },
{ "type": "Feature", "properties": { "ltg_lon": -81.39067, "ltg_lat": 29.92087, "idx": 280421, "polarity": 14122, "dttime_utc": "2026-05-12 08:01", "hrl": 52.72, "precip24h": 0.9843, "erc": 19.038244, "kbdi": 488.0, "relh_min": 47.3154, "relh_max": 98.04354, "lcc": null }, "geometry": { "type": "Point", "coordinates": [ -81.39067, 29.92087 ] } },
{ "type": "Feature", "properties": { "ltg_lon": -81.37147, "ltg_lat": 29.87017, "idx": 280424, "polarity": -15992, "dttime_utc": "2026-05-12 08:02", "hrl": 54.81, "precip24h": 1.2756, "erc": 19.170347, "kbdi": 427.0, "relh_min": 47.34034, "relh_max": 98.04351, "lcc": null }, "geometry": { "type": "Point", "coordinates": [ -81.37147, 29.87017 ] } },
{ "type": "Feature", "properties": { "ltg_lon": -81.34407, "ltg_lat": 29.85903, "idx": 280425, "polarity": -15369, "dttime_utc": "2026-05-12 08:02", "hrl": 70.29, "precip24h": 0.811, "erc": 19.104181, "kbdi": 369.0, "relh_min": 61.19, "relh_max": 100.0, "lcc": null }, "geometry": { "type": "Point", "coordinates": [ -81.34407, 29.85903 ] } },
{ "type": "Feature", "properties": { "ltg_lon": -81.38563, "ltg_lat": 29.93872, "idx": 280433, "polarity": 18114, "dttime_utc": "2026-05-12 08:03", "hrl": 56.49, "precip24h": 1.0315, "erc": 19.048046, "kbdi": 488.0, "relh_min": 61.19, "relh_max": 100.0, "lcc": null }, "geometry": { "type": "Point", "coordinates": [ -81.38563, 29.93872 ] } },
{ "type": "Feature", "properties": { "ltg_lon": -81.37485, "ltg_lat": 29.93781, "idx": 280436, "polarity": 35570, "dttime_utc": "2026-05-12 08:04", "hrl": 63.6, "precip24h": 1.126, "erc": 19.039354, "kbdi": 490.0, "relh_min": 47.30376, "relh_max": 98.04355, "lcc": null }, "geometry": { "type": "Point", "coordinates": [ -81.37485, 29.93781 ] } },
{ "type": "Feature", "properties": { "ltg_lon": -81.32222, "ltg_lat": 29.93075, "idx": 280443, "polarity": -109579, "dttime_utc": "2026-05-12 08:05", "hrl": 88.28, "precip24h": 1.4843, "erc": 19.013348, "kbdi": 449.0, "relh_min": 47.301144, "relh_max": 98.04357, "lcc": null }, "geometry": { "type": "Point", "coordinates": [ -81.32222, 29.93075 ] } },
{ "type": "Feature", "properties": { "ltg_lon": -81.34341, "ltg_lat": 29.91899, "idx": 280442, "polarity": -92565, "dttime_utc": "2026-05-12 08:05", "hrl": 88.7, "precip24h": 1.6378, "erc": 19.013474, "kbdi": 462.0, "relh_min": 47.31024, "relh_max": 98.04353, "lcc": null }, "geometry": { "type": "Point", "coordinates": [ -81.34341, 29.91899 ] } },
{ "type": "Feature", "properties": { "ltg_lon": -81.3772, "ltg_lat": 29.94515, "idx": 280450, "polarity": 35704, "dttime_utc": "2026-05-12 08:06", "hrl": 79.08, "precip24h": 1.2953, "erc": 19.044792, "kbdi": 493.0, "relh_min": 47.299915, "relh_max": 98.04356, "lcc": null }, "geometry": { "type": "Point", "coordinates": [ -81.3772, 29.94515 ] } },
{ "type": "Feature", "properties": { "ltg_lon": -81.39604, "ltg_lat": 29.84871, "idx": 280465, "polarity": -13916, "dttime_utc": "2026-05-12 08:07", "hrl": 56.9, "precip24h": 1.1457, "erc": 19.161615, "kbdi": 378.0, "relh_min": 47.35501, "relh_max": 98.04359, "lcc": null }, "geometry": { "type": "Point", "coordinates": [ -81.39604, 29.84871 ] } },
{ "type": "Feature", "properties": { "ltg_lon": -81.40674, "ltg_lat": 29.84171, "idx": 280466, "polarity": -7763, "dttime_utc": "2026-05-12 08:07", "hrl": 84.94, "precip24h": 1.2795, "erc": 19.157679, "kbdi": 376.0, "relh_min": 47.36018, "relh_max": 98.043625, "lcc": null }, "geometry": { "type": "Point", "coordinates": [ -81.40674, 29.84171 ] } },
{ "type": "Feature", "properties": { "ltg_lon": -81.41139, "ltg_lat": 29.85656, "idx": 280471, "polarity": -24414, "dttime_utc": "2026-05-12 08:08", "hrl": 72.38, "precip24h": 1.4409, "erc": 19.17583, "kbdi": 413.0, "relh_min": 47.353104, "relh_max": 98.04362, "lcc": null }, "geometry": { "type": "Point", "coordinates": [ -81.41139, 29.85656 ] } },
{ "type": "Feature", "properties": { "ltg_lon": -81.44156, "ltg_lat": 29.86095, "idx": 280473, "polarity": -16543, "dttime_utc": "2026-05-12 08:08", "hrl": 57.74, "precip24h": 1.2008, "erc": 19.193182, "kbdi": 454.0, "relh_min": 47.3553, "relh_max": 98.04371, "lcc": null }, "geometry": { "type": "Point", "coordinates": [ -81.44156, 29.86095 ] } },
{ "type": "Feature", "properties": { "ltg_lon": -81.36767, "ltg_lat": 29.92577, "idx": 280474, "polarity": -9449, "dttime_utc": "2026-05-12 08:08", "hrl": 45.61, "precip24h": 1.2205, "erc": 19.028475, "kbdi": 504.0, "relh_min": 48.202953, "relh_max": 97.702446, "lcc": null }, "geometry": { "type": "Point", "coordinates": [ -81.36767, 29.92577 ] } },
{ "type": "Feature", "properties": { "ltg_lon": -81.40629, "ltg_lat": 29.83703, "idx": 280477, "polarity": -36525, "dttime_utc": "2026-05-12 08:09", "hrl": 71.97, "precip24h": 1.0236, "erc": 19.152006, "kbdi": 330.0, "relh_min": 47.362537, "relh_max": 98.04363, "lcc": null }, "geometry": { "type": "Point", "coordinates": [ -81.40629, 29.83703 ] } },
{ "type": "Feature", "properties": { "ltg_lon": -81.36897, "ltg_lat": 29.83425, "idx": 280476, "polarity": -15425, "dttime_utc": "2026-05-12 08:09", "hrl": 47.7, "precip24h": 0.6102, "erc": 19.136572, "kbdi": 320.0, "relh_min": 48.29747, "relh_max": 97.70413, "lcc": null }, "geometry": { "type": "Point", "coordinates": [ -81.36897, 29.83425 ] } },
{ "type": "Feature", "properties": { "ltg_lon": -81.40587, "ltg_lat": 29.84231, "idx": 280480, "polarity": -16881, "dttime_utc": "2026-05-12 08:09", "hrl": 61.09, "precip24h": 1.2795, "erc": 19.158077, "kbdi": 376.0, "relh_min": 47.359745, "relh_max": 98.043625, "lcc": null }, "geometry": { "type": "Point", "coordinates": [ -81.40587, 29.84231 ] } },
{ "type": "Feature", "properties": { "ltg_lon": -81.40446, "ltg_lat": 29.83987, "idx": 280479, "polarity": -30170, "dttime_utc": "2026-05-12 08:09", "hrl": 51.46, "precip24h": 1.0236, "erc": 19.154772, "kbdi": 330.0, "relh_min": 47.360806, "relh_max": 98.043625, "lcc": null }, "geometry": { "type": "Point", "coordinates": [ -81.40446, 29.83987 ] } },
{ "type": "Feature", "properties": { "ltg_lon": -81.33988, "ltg_lat": 29.93583, "idx": 280487, "polarity": -15393, "dttime_utc": "2026-05-12 08:10", "hrl": 89.96, "precip24h": 1.563, "erc": 19.019217, "kbdi": 467.0, "relh_min": 48.184925, "relh_max": 97.6941, "lcc": null }, "geometry": { "type": "Point", "coordinates": [ -81.33988, 29.93583 ] } },
{ "type": "Feature", "properties": { "ltg_lon": -81.40434, "ltg_lat": 29.84136, "idx": 280493, "polarity": -37132, "dttime_utc": "2026-05-12 08:10", "hrl": 61.51, "precip24h": 1.2795, "erc": 19.156462, "kbdi": 376.0, "relh_min": 47.360016, "relh_max": 98.04362, "lcc": null }, "geometry": { "type": "Point", "coordinates": [ -81.40434, 29.84136 ] } },
{ "type": "Feature", "properties": { "ltg_lon": -81.34418, "ltg_lat": 29.9329, "idx": 280503, "polarity": -26357, "dttime_utc": "2026-05-12 08:11", "hrl": 91.21, "precip24h": 1.5866, "erc": 19.020178, "kbdi": 482.0, "relh_min": 48.188896, "relh_max": 97.69534, "lcc": null }, "geometry": { "type": "Point", "coordinates": [ -81.34418, 29.9329 ] } },
{ "type": "Feature", "properties": { "ltg_lon": -81.37788, "ltg_lat": 29.86501, "idx": 280506, "polarity": -12152, "dttime_utc": "2026-05-12 08:11", "hrl": 49.79, "precip24h": 1.1732, "erc": 19.169334, "kbdi": 425.0, "relh_min": 47.343937, "relh_max": 98.043526, "lcc": null }, "geometry": { "type": "Point", "coordinates": [ -81.37788, 29.86501 ] } },
{ "type": "Feature", "properties": { "ltg_lon": -82.07521, "ltg_lat": 30.23425, "idx": 280508, "polarity": 19758, "dttime_utc": "2026-05-12 08:11", "hrl": 16.74, "precip24h": 0.5945, "erc": 19.282055, "kbdi": 457.0, "relh_min": 47.864395, "relh_max": 97.85832, "lcc": null }, "geometry": { "type": "Point", "coordinates": [ -82.07521, 30.23425 ] } },
{ "type": "Feature", "properties": { "ltg_lon": -82.06405, "ltg_lat": 30.24198, "idx": 280516, "polarity": 14155, "dttime_utc": "2026-05-12 08:13", "hrl": 10.88, "precip24h": 0.4567, "erc": 19.242857, "kbdi": 471.0, "relh_min": 47.84628, "relh_max": 97.86307, "lcc": null }, "geometry": { "type": "Point", "coordinates": [ -82.06405, 30.24198 ] } },
{ "type": "Feature", "properties": { "ltg_lon": -81.33052, "ltg_lat": 29.87122, "idx": 280538, "polarity": -11505, "dttime_utc": "2026-05-12 08:15", "hrl": 63.18, "precip24h": 0.937, "erc": 19.11014, "kbdi": 402.0, "relh_min": 48.242107, "relh_max": 97.69095, "lcc": null }, "geometry": { "type": "Point", "coordinates": [ -81.33052, 29.87122 ] } },
{ "type": "Feature", "properties": { "ltg_lon": -81.35364, "ltg_lat": 29.94615, "idx": 280540, "polarity": 10036, "dttime_utc": "2026-05-12 08:15", "hrl": 82.01, "precip24h": 1.3976, "erc": 19.024868, "kbdi": 479.0, "relh_min": 48.63613, "relh_max": 94.11848, "lcc": 299.807 }, "geometry": { "type": "Point", "coordinates": [ -81.35364, 29.94615 ] } },
{ "type": "Feature", "properties": { "ltg_lon": -81.35606, "ltg_lat": 29.95968, "idx": 280546, "polarity": 25855, "dttime_utc": "2026-05-12 08:16", "hrl": 73.64, "precip24h": 1.1772, "erc": 19.027323, "kbdi": 450.0, "relh_min": 47.288857, "relh_max": 98.04361, "lcc": null }, "geometry": { "type": "Point", "coordinates": [ -81.35606, 29.95968 ] } },
{ "type": "Feature", "properties": { "ltg_lon": -81.34664, "ltg_lat": 29.94956, "idx": 280548, "polarity": 9841, "dttime_utc": "2026-05-12 08:16", "hrl": 92.47, "precip24h": 1.4291, "erc": 19.01819, "kbdi": 469.0, "relh_min": 48.174534, "relh_max": 97.69634, "lcc": null }, "geometry": { "type": "Point", "coordinates": [ -81.34664, 29.94956 ] } },
{ "type": "Feature", "properties": { "ltg_lon": -81.44065, "ltg_lat": 29.92403, "idx": 280549, "polarity": -19259, "dttime_utc": "2026-05-12 08:16", "hrl": 58.16, "precip24h": 1.0394, "erc": 19.074863, "kbdi": 496.0, "relh_min": 47.320923, "relh_max": 98.04358, "lcc": null }, "geometry": { "type": "Point", "coordinates": [ -81.44065, 29.92403 ] } },
{ "type": "Feature", "properties": { "ltg_lon": -82.02417, "ltg_lat": 30.22387, "idx": 280557, "polarity": 11298, "dttime_utc": "2026-05-12 08:16", "hrl": 5.02, "precip24h": 0.7677, "erc": 19.404596, "kbdi": 529.0, "relh_min": 47.288177, "relh_max": 98.04167, "lcc": null }, "geometry": { "type": "Point", "coordinates": [ -82.02417, 30.22387 ] } },
{ "type": "Feature", "properties": { "ltg_lon": -82.01986, "ltg_lat": 30.2254, "idx": 280558, "polarity": 7398, "dttime_utc": "2026-05-12 08:16", "hrl": 10.46, "precip24h": 0.752, "erc": 19.417255, "kbdi": 535.0, "relh_min": 47.285526, "relh_max": 98.04151, "lcc": null }, "geometry": { "type": "Point", "coordinates": [ -82.01986, 30.2254 ] } },
{ "type": "Feature", "properties": { "ltg_lon": -82.03129, "ltg_lat": 30.22436, "idx": 280559, "polarity": 5422, "dttime_utc": "2026-05-12 08:16", "hrl": 4.18, "precip24h": 0.748, "erc": 19.46646, "kbdi": 521.0, "relh_min": 47.672745, "relh_max": 93.57605, "lcc": 94.201 }, "geometry": { "type": "Point", "coordinates": [ -82.03129, 30.22436 ] } },
{ "type": "Feature", "properties": { "ltg_lon": -81.33767, "ltg_lat": 29.86034, "idx": 280563, "polarity": -22162, "dttime_utc": "2026-05-12 08:16", "hrl": 69.46, "precip24h": 0.8701, "erc": 19.103294, "kbdi": 375.0, "relh_min": 48.255726, "relh_max": 97.693275, "lcc": null }, "geometry": { "type": "Point", "coordinates": [ -81.33767, 29.86034 ] } },
{ "type": "Feature", "properties": { "ltg_lon": -81.32315, "ltg_lat": 29.86691, "idx": 280564, "polarity": -24036, "dttime_utc": "2026-05-12 08:16", "hrl": 74.9, "precip24h": 0.8898, "erc": 19.104576, "kbdi": 367.0, "relh_min": 47.33591, "relh_max": 98.043434, "lcc": null }, "geometry": { "type": "Point", "coordinates": [ -81.32315, 29.86691 ] } },
{ "type": "Feature", "properties": { "ltg_lon": -82.01938, "ltg_lat": 30.19981, "idx": 280582, "polarity": 7432, "dttime_utc": "2026-05-12 08:19", "hrl": 19.25, "precip24h": 0.7598, "erc": 19.416128, "kbdi": 531.0, "relh_min": 47.794323, "relh_max": 97.90979, "lcc": null }, "geometry": { "type": "Point", "coordinates": [ -82.01938, 30.19981 ] } },
{ "type": "Feature", "properties": { "ltg_lon": -81.34866, "ltg_lat": 29.97031, "idx": 280583, "polarity": 29431, "dttime_utc": "2026-05-12 08:19", "hrl": 80.33, "precip24h": 0.9961, "erc": 19.028347, "kbdi": 352.0, "relh_min": 47.281788, "relh_max": 98.04365, "lcc": null }, "geometry": { "type": "Point", "coordinates": [ -81.34866, 29.97031 ] } },
{ "type": "Feature", "properties": { "ltg_lon": -81.33355, "ltg_lat": 29.88019, "idx": 280608, "polarity": -33393, "dttime_utc": "2026-05-12 08:24", "hrl": 87.87, "precip24h": 1.2165, "erc": 19.117132, "kbdi": 416.0, "relh_min": 49.11699, "relh_max": 97.1141, "lcc": null }, "geometry": { "type": "Point", "coordinates": [ -81.33355, 29.88019 ] } },
{ "type": "Feature", "properties": { "ltg_lon": -81.29707, "ltg_lat": 29.86864, "idx": 280606, "polarity": -15794, "dttime_utc": "2026-05-12 08:24", "hrl": 87.03, "precip24h": 1.2598, "erc": 19.099333, "kbdi": 342.0, "relh_min": 47.331944, "relh_max": 98.04341, "lcc": null }, "geometry": { "type": "Point", "coordinates": [ -81.29707, 29.86864 ] } },
{ "type": "Feature", "properties": { "ltg_lon": -81.32086, "ltg_lat": 29.94279, "idx": 280610, "polarity": 25883, "dttime_utc": "2026-05-12 08:24", "hrl": 98.74, "precip24h": 1.437, "erc": 19.017359, "kbdi": 430.0, "relh_min": 47.294224, "relh_max": 98.04361, "lcc": null }, "geometry": { "type": "Point", "coordinates": [ -81.32086, 29.94279 ] } },
{ "type": "Feature", "properties": { "ltg_lon": -81.314, "ltg_lat": 29.88374, "idx": 280622, "polarity": -24241, "dttime_utc": "2026-05-12 08:26", "hrl": 87.45, "precip24h": 1.1693, "erc": 19.114109, "kbdi": 400.0, "relh_min": 48.22379, "relh_max": 97.68589, "lcc": null }, "geometry": { "type": "Point", "coordinates": [ -81.314, 29.88374 ] } },
{ "type": "Feature", "properties": { "ltg_lon": -81.30801, "ltg_lat": 29.87877, "idx": 280630, "polarity": -32252, "dttime_utc": "2026-05-12 08:27", "hrl": 90.38, "precip24h": 1.2953, "erc": 19.109648, "kbdi": 381.0, "relh_min": 49.118656, "relh_max": 97.09871, "lcc": null }, "geometry": { "type": "Point", "coordinates": [ -81.30801, 29.87877 ] } },
{ "type": "Feature", "properties": { "ltg_lon": -81.29987, "ltg_lat": 29.87306, "idx": 280629, "polarity": -19408, "dttime_utc": "2026-05-12 08:27", "hrl": 89.54, "precip24h": 1.2677, "erc": 19.103626, "kbdi": 378.0, "relh_min": 48.22818, "relh_max": 97.68165, "lcc": null }, "geometry": { "type": "Point", "coordinates": [ -81.29987, 29.87306 ] } },
{ "type": "Feature", "properties": { "ltg_lon": -81.2985, "ltg_lat": 29.86983, "idx": 280628, "polarity": -16480, "dttime_utc": "2026-05-12 08:27", "hrl": 86.61, "precip24h": 1.2598, "erc": 19.100676, "kbdi": 342.0, "relh_min": 49.129734, "relh_max": 97.089806, "lcc": null }, "geometry": { "type": "Point", "coordinates": [ -81.2985, 29.86983 ] } },
{ "type": "Feature", "properties": { "ltg_lon": -81.28225, "ltg_lat": 29.88973, "idx": 280643, "polarity": -20822, "dttime_utc": "2026-05-12 08:30", "hrl": 81.17, "precip24h": 1.1929, "erc": 19.11252, "kbdi": 384.0, "relh_min": 48.20672, "relh_max": 97.67662, "lcc": null }, "geometry": { "type": "Point", "coordinates": [ -81.28225, 29.88973 ] } },
{ "type": "Feature", "properties": { "ltg_lon": -81.94826, "ltg_lat": 30.26718, "idx": 280671, "polarity": -12121, "dttime_utc": "2026-05-12 08:32", "hrl": 81.59, "precip24h": 1.1772, "erc": 19.663334, "kbdi": 479.0, "relh_min": 47.574196, "relh_max": 97.98817, "lcc": null }, "geometry": { "type": "Point", "coordinates": [ -81.94826, 30.26718 ] } },
{ "type": "Feature", "properties": { "ltg_lon": -81.9513, "ltg_lat": 30.27271, "idx": 280672, "polarity": -4980, "dttime_utc": "2026-05-12 08:32", "hrl": 59.41, "precip24h": 0.874, "erc": 19.648853, "kbdi": 472.0, "relh_min": 47.780872, "relh_max": 97.83384, "lcc": null }, "geometry": { "type": "Point", "coordinates": [ -81.9513, 30.27271 ] } },
{ "type": "Feature", "properties": { "ltg_lon": -82.02417, "ltg_lat": 30.3952, "idx": 280681, "polarity": -32273, "dttime_utc": "2026-05-12 08:34", "hrl": 31.8, "precip24h": 0.5669, "erc": 19.128605, "kbdi": 474.0, "relh_min": 48.141956, "relh_max": 97.60084, "lcc": null }, "geometry": { "type": "Point", "coordinates": [ -82.02417, 30.3952 ] } },
{ "type": "Feature", "properties": { "ltg_lon": -81.94572, "ltg_lat": 30.40972, "idx": 280749, "polarity": -43395, "dttime_utc": "2026-05-12 08:40", "hrl": 23.43, "precip24h": 0.4646, "erc": 19.30811, "kbdi": 505.0, "relh_min": 47.980835, "relh_max": 97.68599, "lcc": null }, "geometry": { "type": "Point", "coordinates": [ -81.94572, 30.40972 ] } },
{ "type": "Feature", "properties": { "ltg_lon": -81.92177, "ltg_lat": 30.28276, "idx": 280755, "polarity": 10935, "dttime_utc": "2026-05-12 08:40", "hrl": 77.41, "precip24h": 1.0945, "erc": 19.743559, "kbdi": 465.0, "relh_min": 47.640427, "relh_max": 97.906136, "lcc": null }, "geometry": { "type": "Point", "coordinates": [ -81.92177, 30.28276 ] } },
{ "type": "Feature", "properties": { "ltg_lon": -81.58892, "ltg_lat": 29.68361, "idx": 280769, "polarity": -24191, "dttime_utc": "2026-05-12 08:41", "hrl": 69.04, "precip24h": 0.4213, "erc": 18.520481, "kbdi": 302.0, "relh_min": 49.883472, "relh_max": 97.39966, "lcc": null }, "geometry": { "type": "Point", "coordinates": [ -81.58892, 29.68361 ] } },
{ "type": "Feature", "properties": { "ltg_lon": -81.86398, "ltg_lat": 30.31087, "idx": 280787, "polarity": -16025, "dttime_utc": "2026-05-12 08:43", "hrl": 74.06, "precip24h": 0.6299, "erc": 19.879898, "kbdi": 426.0, "relh_min": 47.391563, "relh_max": 97.98671, "lcc": null }, "geometry": { "type": "Point", "coordinates": [ -81.86398, 30.31087 ] } },
{ "type": "Feature", "properties": { "ltg_lon": -81.85998, "ltg_lat": 30.28735, "idx": 280798, "polarity": -12236, "dttime_utc": "2026-05-12 08:44", "hrl": 77.82, "precip24h": 0.7165, "erc": 19.85369, "kbdi": 438.0, "relh_min": 47.51312, "relh_max": 97.9737, "lcc": null }, "geometry": { "type": "Point", "coordinates": [ -81.85998, 30.28735 ] } },
{ "type": "Feature", "properties": { "ltg_lon": -81.85314, "ltg_lat": 30.30042, "idx": 280802, "polarity": -30278, "dttime_utc": "2026-05-12 08:45", "hrl": 44.77, "precip24h": 0.6181, "erc": 19.870241, "kbdi": 417.0, "relh_min": 47.464405, "relh_max": 97.94864, "lcc": null }, "geometry": { "type": "Point", "coordinates": [ -81.85314, 30.30042 ] } },
{ "type": "Feature", "properties": { "ltg_lon": -81.86281, "ltg_lat": 30.3157, "idx": 280819, "polarity": -17381, "dttime_utc": "2026-05-12 08:47", "hrl": 72.8, "precip24h": 0.6299, "erc": 19.914042, "kbdi": 426.0, "relh_min": 47.346127, "relh_max": 98.01078, "lcc": null }, "geometry": { "type": "Point", "coordinates": [ -81.86281, 30.3157 ] } },
{ "type": "Feature", "properties": { "ltg_lon": -81.86216, "ltg_lat": 30.30008, "idx": 280826, "polarity": -31960, "dttime_utc": "2026-05-12 08:48", "hrl": 83.26, "precip24h": 0.7087, "erc": 19.872509, "kbdi": 401.0, "relh_min": 47.44983, "relh_max": 97.95706, "lcc": null }, "geometry": { "type": "Point", "coordinates": [ -81.86216, 30.30008 ] } },
{ "type": "Feature", "properties": { "ltg_lon": -81.87091, "ltg_lat": 30.32176, "idx": 280823, "polarity": -16240, "dttime_utc": "2026-05-12 08:48", "hrl": 60.67, "precip24h": 0.563, "erc": 19.928804, "kbdi": 449.0, "relh_min": 47.277824, "relh_max": 98.09522, "lcc": null }, "geometry": { "type": "Point", "coordinates": [ -81.87091, 30.32176 ] } },
{ "type": "Feature", "properties": { "ltg_lon": -81.85591, "ltg_lat": 30.29908, "idx": 280825, "polarity": -12538, "dttime_utc": "2026-05-12 08:48", "hrl": 47.28, "precip24h": 0.6299, "erc": 19.86852, "kbdi": 417.0, "relh_min": 47.51968, "relh_max": 97.96796, "lcc": null }, "geometry": { "type": "Point", "coordinates": [ -81.85591, 30.29908 ] } },
{ "type": "Feature", "properties": { "ltg_lon": -81.88361, "ltg_lat": 30.30763, "idx": 280845, "polarity": 13850, "dttime_utc": "2026-05-12 08:49", "hrl": 67.78, "precip24h": 0.8465, "erc": 19.83732, "kbdi": 400.0, "relh_min": 47.487877, "relh_max": 97.983246, "lcc": null }, "geometry": { "type": "Point", "coordinates": [ -81.88361, 30.30763 ] } },
{ "type": "Feature", "properties": { "ltg_lon": -81.86823, "ltg_lat": 30.31599, "idx": 280863, "polarity": -50296, "dttime_utc": "2026-05-12 08:50", "hrl": 74.48, "precip24h": 0.6299, "erc": 19.917458, "kbdi": 426.0, "relh_min": 47.33938, "relh_max": 98.01462, "lcc": null }, "geometry": { "type": "Point", "coordinates": [ -81.86823, 30.31599 ] } },
{ "type": "Feature", "properties": { "ltg_lon": -81.85531, "ltg_lat": 30.30695, "idx": 280862, "polarity": -35192, "dttime_utc": "2026-05-12 08:50", "hrl": 45.19, "precip24h": 0.6181, "erc": 19.89309, "kbdi": 417.0, "relh_min": 47.48634, "relh_max": 97.98454, "lcc": null }, "geometry": { "type": "Point", "coordinates": [ -81.85531, 30.30695 ] } },
{ "type": "Feature", "properties": { "ltg_lon": -81.43694, "ltg_lat": 29.77737, "idx": 280908, "polarity": 14940, "dttime_utc": "2026-05-12 08:55", "hrl": 51.88, "precip24h": 0.5906, "erc": 19.123272, "kbdi": 369.0, "relh_min": 49.293404, "relh_max": 97.14978, "lcc": null }, "geometry": { "type": "Point", "coordinates": [ -81.43694, 29.77737 ] } },
{ "type": "Feature", "properties": { "ltg_lon": -81.44499, "ltg_lat": 29.76525, "idx": 280909, "polarity": 6110, "dttime_utc": "2026-05-12 08:55", "hrl": 39.33, "precip24h": 0.4646, "erc": 19.206034, "kbdi": 367.0, "relh_min": 48.991535, "relh_max": 97.27604, "lcc": null }, "geometry": { "type": "Point", "coordinates": [ -81.44499, 29.76525 ] } },
{ "type": "Feature", "properties": { "ltg_lon": -81.543, "ltg_lat": 30.3028, "idx": 280938, "polarity": 19040, "dttime_utc": "2026-05-12 08:58", "hrl": 12.55, "precip24h": 0.3504, "erc": 19.039927, "kbdi": 435.0, "relh_min": 48.40379, "relh_max": 97.57702, "lcc": null }, "geometry": { "type": "Point", "coordinates": [ -81.543, 30.3028 ] } },
{ "type": "Feature", "properties": { "ltg_lon": -81.87066, "ltg_lat": 30.48593, "idx": 280988, "polarity": 39130, "dttime_utc": "2026-05-12 09:08", "hrl": 41.0, "precip24h": 0.4291, "erc": 19.283218, "kbdi": 428.0, "relh_min": 47.557526, "relh_max": 97.85759, "lcc": null }, "geometry": { "type": "Point", "coordinates": [ -81.87066, 30.48593 ] } },
{ "type": "Feature", "properties": { "ltg_lon": -81.95791, "ltg_lat": 30.63356, "idx": 280993, "polarity": 17698, "dttime_utc": "2026-05-12 09:08", "hrl": 5.86, "precip24h": 0.8543, "erc": 18.771406, "kbdi": 467.0, "relh_min": 61.19, "relh_max": 100.0, "lcc": null }, "geometry": { "type": "Point", "coordinates": [ -81.95791, 30.63356 ] } },
{ "type": "Feature", "properties": { "ltg_lon": -81.92154, "ltg_lat": 30.55996, "idx": 281001, "polarity": 12325, "dttime_utc": "2026-05-12 09:11", "hrl": 35.15, "precip24h": 1.189, "erc": 19.076138, "kbdi": 374.0, "relh_min": 47.518276, "relh_max": 97.852806, "lcc": null }, "geometry": { "type": "Point", "coordinates": [ -81.92154, 30.55996 ] } },
{ "type": "Feature", "properties": { "ltg_lon": -81.56039, "ltg_lat": 30.27733, "idx": 281004, "polarity": -11060, "dttime_utc": "2026-05-12 09:11", "hrl": 53.56, "precip24h": 0.6535, "erc": 19.191105, "kbdi": 279.0, "relh_min": 47.488693, "relh_max": 97.641426, "lcc": null }, "geometry": { "type": "Point", "coordinates": [ -81.56039, 30.27733 ] } },
{ "type": "Feature", "properties": { "ltg_lon": -81.49263, "ltg_lat": 30.23182, "idx": 281013, "polarity": -32867, "dttime_utc": "2026-05-12 09:12", "hrl": 22.59, "precip24h": 1.5394, "erc": 19.009953, "kbdi": 362.0, "relh_min": 47.582474, "relh_max": 97.59745, "lcc": null }, "geometry": { "type": "Point", "coordinates": [ -81.49263, 30.23182 ] } },
{ "type": "Feature", "properties": { "ltg_lon": -81.48631, "ltg_lat": 30.24869, "idx": 281018, "polarity": -31782, "dttime_utc": "2026-05-12 09:14", "hrl": 14.64, "precip24h": 1.2677, "erc": 18.952866, "kbdi": 373.0, "relh_min": 47.610004, "relh_max": 97.86579, "lcc": null }, "geometry": { "type": "Point", "coordinates": [ -81.48631, 30.24869 ] } },
{ "type": "Feature", "properties": { "ltg_lon": -81.48521, "ltg_lat": 30.246, "idx": 281021, "polarity": -30924, "dttime_utc": "2026-05-12 09:14", "hrl": 14.23, "precip24h": 1.2677, "erc": 18.965961, "kbdi": 373.0, "relh_min": 47.611828, "relh_max": 97.86572, "lcc": null }, "geometry": { "type": "Point", "coordinates": [ -81.48521, 30.246 ] } },
{ "type": "Feature", "properties": { "ltg_lon": -81.51751, "ltg_lat": 30.24596, "idx": 281023, "polarity": -11806, "dttime_utc": "2026-05-12 09:14", "hrl": 41.42, "precip24h": 1.2126, "erc": 19.067068, "kbdi": 364.0, "relh_min": 47.554176, "relh_max": 97.61187, "lcc": null }, "geometry": { "type": "Point", "coordinates": [ -81.51751, 30.24596 ] } },
{ "type": "Feature", "properties": { "ltg_lon": -81.87375, "ltg_lat": 30.58385, "idx": 281025, "polarity": 7677, "dttime_utc": "2026-05-12 09:15", "hrl": 28.45, "precip24h": 1.4055, "erc": 19.012018, "kbdi": 348.0, "relh_min": 47.464767, "relh_max": 97.85499, "lcc": null }, "geometry": { "type": "Point", "coordinates": [ -81.87375, 30.58385 ] } },
{ "type": "Feature", "properties": { "ltg_lon": -81.51313, "ltg_lat": 30.27097, "idx": 281033, "polarity": -26939, "dttime_utc": "2026-05-12 09:16", "hrl": 10.04, "precip24h": 0.689, "erc": 19.003708, "kbdi": 424.0, "relh_min": 47.599342, "relh_max": 97.866066, "lcc": null }, "geometry": { "type": "Point", "coordinates": [ -81.51313, 30.27097 ] } },
{ "type": "Feature", "properties": { "ltg_lon": -81.46228, "ltg_lat": 30.23996, "idx": 281042, "polarity": -16690, "dttime_utc": "2026-05-12 09:16", "hrl": 12.13, "precip24h": 1.2992, "erc": 18.947243, "kbdi": 364.0, "relh_min": 47.594643, "relh_max": 97.58764, "lcc": null }, "geometry": { "type": "Point", "coordinates": [ -81.46228, 30.23996 ] } },
{ "type": "Feature", "properties": { "ltg_lon": -81.91729, "ltg_lat": 30.61957, "idx": 281045, "polarity": 18378, "dttime_utc": "2026-05-12 09:16", "hrl": 27.2, "precip24h": 1.0039, "erc": 18.797812, "kbdi": 369.0, "relh_min": 47.26642, "relh_max": 97.59247, "lcc": null }, "geometry": { "type": "Point", "coordinates": [ -81.91729, 30.61957 ] } },
{ "type": "Feature", "properties": { "ltg_lon": -81.46592, "ltg_lat": 30.22638, "idx": 281046, "polarity": -13640, "dttime_utc": "2026-05-12 09:17", "hrl": 17.99, "precip24h": 1.2874, "erc": 18.93559, "kbdi": 345.0, "relh_min": 47.602016, "relh_max": 97.58538, "lcc": null }, "geometry": { "type": "Point", "coordinates": [ -81.46592, 30.22638 ] } },
{ "type": "Feature", "properties": { "ltg_lon": -81.50075, "ltg_lat": 30.24224, "idx": 281052, "polarity": -16196, "dttime_utc": "2026-05-12 09:17", "hrl": 18.41, "precip24h": 1.2323, "erc": 19.023687, "kbdi": 369.0, "relh_min": 47.56906, "relh_max": 97.60377, "lcc": null }, "geometry": { "type": "Point", "coordinates": [ -81.50075, 30.24224 ] } },
{ "type": "Feature", "properties": { "ltg_lon": -81.88742, "ltg_lat": 30.57971, "idx": 281053, "polarity": -47614, "dttime_utc": "2026-05-12 09:18", "hrl": 34.31, "precip24h": 1.4409, "erc": 19.021313, "kbdi": 345.0, "relh_min": 47.233364, "relh_max": 97.6276, "lcc": null }, "geometry": { "type": "Point", "coordinates": [ -81.88742, 30.57971 ] } },
{ "type": "Feature", "properties": { "ltg_lon": -81.899, "ltg_lat": 30.58621, "idx": 281054, "polarity": -32749, "dttime_utc": "2026-05-12 09:18", "hrl": 28.03, "precip24h": 1.3583, "erc": 19.00761, "kbdi": 346.0, "relh_min": 47.247112, "relh_max": 97.61783, "lcc": null }, "geometry": { "type": "Point", "coordinates": [ -81.899, 30.58621 ] } },
{ "type": "Feature", "properties": { "ltg_lon": -81.87792, "ltg_lat": 30.58623, "idx": 281056, "polarity": -29085, "dttime_utc": "2026-05-12 09:18", "hrl": 28.87, "precip24h": 1.4055, "erc": 19.007086, "kbdi": 348.0, "relh_min": 47.225544, "relh_max": 97.6294, "lcc": null }, "geometry": { "type": "Point", "coordinates": [ -81.87792, 30.58623 ] } },
{ "type": "Feature", "properties": { "ltg_lon": -81.86893, "ltg_lat": 30.60836, "idx": 281058, "polarity": 10610, "dttime_utc": "2026-05-12 09:18", "hrl": 30.54, "precip24h": 1.1024, "erc": 18.817812, "kbdi": 349.0, "relh_min": 47.22668, "relh_max": 97.621254, "lcc": null }, "geometry": { "type": "Point", "coordinates": [ -81.86893, 30.60836 ] } },
{ "type": "Feature", "properties": { "ltg_lon": -81.57, "ltg_lat": 30.28128, "idx": 281059, "polarity": -16972, "dttime_utc": "2026-05-12 09:19", "hrl": 39.75, "precip24h": 0.5787, "erc": 19.22969, "kbdi": 424.0, "relh_min": 47.607452, "relh_max": 97.86535, "lcc": null }, "geometry": { "type": "Point", "coordinates": [ -81.57, 30.28128 ] } },
{ "type": "Feature", "properties": { "ltg_lon": -81.56277, "ltg_lat": 30.29185, "idx": 281077, "polarity": -23552, "dttime_utc": "2026-05-12 09:20", "hrl": 53.97, "precip24h": 0.5079, "erc": 19.158974, "kbdi": 450.0, "relh_min": 47.596645, "relh_max": 97.865776, "lcc": null }, "geometry": { "type": "Point", "coordinates": [ -81.56277, 30.29185 ] } },
{ "type": "Feature", "properties": { "ltg_lon": -81.89363, "ltg_lat": 30.5946, "idx": 281079, "polarity": 8629, "dttime_utc": "2026-05-12 09:20", "hrl": 95.4, "precip24h": 1.4764, "erc": 18.990744, "kbdi": 342.0, "relh_min": 47.435207, "relh_max": 94.04087, "lcc": 149.402 }, "geometry": { "type": "Point", "coordinates": [ -81.89363, 30.5946 ] } },
{ "type": "Feature", "properties": { "ltg_lon": -81.4385, "ltg_lat": 30.24707, "idx": 281084, "polarity": -42503, "dttime_utc": "2026-05-12 09:21", "hrl": 94.56, "precip24h": 1.1102, "erc": 18.873556, "kbdi": 345.0, "relh_min": 47.603073, "relh_max": 97.58031, "lcc": null }, "geometry": { "type": "Point", "coordinates": [ -81.4385, 30.24707 ] } },
{ "type": "Feature", "properties": { "ltg_lon": -81.34549, "ltg_lat": 29.82597, "idx": 281096, "polarity": 25517, "dttime_utc": "2026-05-12 09:23", "hrl": 93.31, "precip24h": 0.9488, "erc": 19.151968, "kbdi": 357.0, "relh_min": 47.84072, "relh_max": 97.85762, "lcc": null }, "geometry": { "type": "Point", "coordinates": [ -81.34549, 29.82597 ] } },
{ "type": "Feature", "properties": { "ltg_lon": -81.42366, "ltg_lat": 30.23615, "idx": 281098, "polarity": -19472, "dttime_utc": "2026-05-12 09:23", "hrl": 90.79, "precip24h": 1.315, "erc": 18.859589, "kbdi": 352.0, "relh_min": 47.605, "relh_max": 97.86618, "lcc": null }, "geometry": { "type": "Point", "coordinates": [ -81.42366, 30.23615 ] } },
{ "type": "Feature", "properties": { "ltg_lon": -81.87877, "ltg_lat": 30.59839, "idx": 281099, "polarity": 12570, "dttime_utc": "2026-05-12 09:23", "hrl": 97.49, "precip24h": 1.5118, "erc": 18.981583, "kbdi": 342.0, "relh_min": 47.23142, "relh_max": 97.62185, "lcc": null }, "geometry": { "type": "Point", "coordinates": [ -81.87877, 30.59839 ] } },
{ "type": "Feature", "properties": { "ltg_lon": -81.48706, "ltg_lat": 30.23405, "idx": 281101, "polarity": -11938, "dttime_utc": "2026-05-12 09:23", "hrl": 96.23, "precip24h": 1.4921, "erc": 18.989098, "kbdi": 352.0, "relh_min": 47.621555, "relh_max": 97.86534, "lcc": null }, "geometry": { "type": "Point", "coordinates": [ -81.48706, 30.23405 ] } },
{ "type": "Feature", "properties": { "ltg_lon": -81.40368, "ltg_lat": 30.21813, "idx": 281108, "polarity": 22261, "dttime_utc": "2026-05-12 09:24", "hrl": 66.95, "precip24h": 0.4961, "erc": 18.846071, "kbdi": 362.0, "relh_min": 47.635235, "relh_max": 97.55993, "lcc": null }, "geometry": { "type": "Point", "coordinates": [ -81.40368, 30.21813 ] } },
{ "type": "Feature", "properties": { "ltg_lon": -81.42086, "ltg_lat": 30.26281, "idx": 281106, "polarity": -25584, "dttime_utc": "2026-05-12 09:24", "hrl": 92.89, "precip24h": 1.0118, "erc": 18.799786, "kbdi": 347.0, "relh_min": 47.60375, "relh_max": 97.577835, "lcc": null }, "geometry": { "type": "Point", "coordinates": [ -81.42086, 30.26281 ] } },
{ "type": "Feature", "properties": { "ltg_lon": -81.40404, "ltg_lat": 30.26367, "idx": 281111, "polarity": -31238, "dttime_utc": "2026-05-12 09:25", "hrl": 91.63, "precip24h": 0.9646, "erc": 18.764996, "kbdi": 316.0, "relh_min": 47.579113, "relh_max": 97.867424, "lcc": null }, "geometry": { "type": "Point", "coordinates": [ -81.40404, 30.26367 ] } },
{ "type": "Feature", "properties": { "ltg_lon": -81.39898, "ltg_lat": 30.25975, "idx": 281114, "polarity": -18759, "dttime_utc": "2026-05-12 09:26", "hrl": 94.98, "precip24h": 1.0787, "erc": 18.76559, "kbdi": 298.0, "relh_min": 47.581215, "relh_max": 97.86733, "lcc": null }, "geometry": { "type": "Point", "coordinates": [ -81.39898, 30.25975 ] } },
{ "type": "Feature", "properties": { "ltg_lon": -81.3984, "ltg_lat": 30.26467, "idx": 281115, "polarity": -20924, "dttime_utc": "2026-05-12 09:26", "hrl": 92.05, "precip24h": 0.9173, "erc": 18.752798, "kbdi": 284.0, "relh_min": 47.577152, "relh_max": 97.86753, "lcc": null }, "geometry": { "type": "Point", "coordinates": [ -81.3984, 30.26467 ] } },
{ "type": "Feature", "properties": { "ltg_lon": -81.43471, "ltg_lat": 30.25774, "idx": 281116, "polarity": 16064, "dttime_utc": "2026-05-12 09:26", "hrl": 94.14, "precip24h": 1.0197, "erc": 18.84254, "kbdi": 333.0, "relh_min": 47.59049, "relh_max": 97.8668, "lcc": null }, "geometry": { "type": "Point", "coordinates": [ -81.43471, 30.25774 ] } },
{ "type": "Feature", "properties": { "ltg_lon": -81.48068, "ltg_lat": 30.24419, "idx": 281119, "polarity": -18659, "dttime_utc": "2026-05-12 09:27", "hrl": 89.12, "precip24h": 1.2795, "erc": 18.95459, "kbdi": 373.0, "relh_min": 47.39678, "relh_max": 97.701004, "lcc": null }, "geometry": { "type": "Point", "coordinates": [ -81.48068, 30.24419 ] } },
{ "type": "Feature", "properties": { "ltg_lon": -81.38601, "ltg_lat": 30.2454, "idx": 281124, "polarity": -19112, "dttime_utc": "2026-05-12 09:28", "hrl": 98.33, "precip24h": 1.1772, "erc": 18.774565, "kbdi": 226.0, "relh_min": 47.626667, "relh_max": 97.55992, "lcc": null }, "geometry": { "type": "Point", "coordinates": [ -81.38601, 30.2454 ] } },
{ "type": "Feature", "properties": { "ltg_lon": -81.52294, "ltg_lat": 30.20852, "idx": 281128, "polarity": -15156, "dttime_utc": "2026-05-12 09:29", "hrl": 99.16, "precip24h": 1.3701, "erc": 19.137335, "kbdi": 346.0, "relh_min": 47.52764, "relh_max": 97.64366, "lcc": null }, "geometry": { "type": "Point", "coordinates": [ -81.52294, 30.20852 ] } },
{ "type": "Feature", "properties": { "ltg_lon": -81.37928, "ltg_lat": 30.24684, "idx": 281132, "polarity": -29687, "dttime_utc": "2026-05-12 09:29", "hrl": 97.91, "precip24h": 1.0945, "erc": 18.761896, "kbdi": 168.0, "relh_min": 47.62831, "relh_max": 97.55778, "lcc": null }, "geometry": { "type": "Point", "coordinates": [ -81.37928, 30.24684 ] } },
{ "type": "Feature", "properties": { "ltg_lon": -81.39944, "ltg_lat": 30.24259, "idx": 281136, "polarity": -16806, "dttime_utc": "2026-05-12 09:29", "hrl": 97.07, "precip24h": 1.2362, "erc": 18.801723, "kbdi": 294.0, "relh_min": 47.623074, "relh_max": 97.56423, "lcc": null }, "geometry": { "type": "Point", "coordinates": [ -81.39944, 30.24259 ] } },
{ "type": "Feature", "properties": { "ltg_lon": -81.82129, "ltg_lat": 30.61795, "idx": 281138, "polarity": 10980, "dttime_utc": "2026-05-12 09:30", "hrl": 51.05, "precip24h": 0.5197, "erc": 18.78058, "kbdi": 323.0, "relh_min": 47.19335, "relh_max": 97.64241, "lcc": null }, "geometry": { "type": "Point", "coordinates": [ -81.82129, 30.61795 ] } },
{ "type": "Feature", "properties": { "ltg_lon": -81.83725, "ltg_lat": 30.63538, "idx": 281139, "polarity": 6027, "dttime_utc": "2026-05-12 09:30", "hrl": 42.26, "precip24h": 0.3465, "erc": 18.74962, "kbdi": 317.0, "relh_min": 47.217815, "relh_max": 97.62052, "lcc": null }, "geometry": { "type": "Point", "coordinates": [ -81.83725, 30.63538 ] } },
{ "type": "Feature", "properties": { "ltg_lon": -81.40346, "ltg_lat": 30.2363, "idx": 281150, "polarity": -13745, "dttime_utc": "2026-05-12 09:31", "hrl": 95.82, "precip24h": 1.2244, "erc": 18.819754, "kbdi": 332.0, "relh_min": 47.624836, "relh_max": 97.56417, "lcc": null }, "geometry": { "type": "Point", "coordinates": [ -81.40346, 30.2363 ] } },
{ "type": "Feature", "properties": { "ltg_lon": -81.37487, "ltg_lat": 30.22033, "idx": 281155, "polarity": -26951, "dttime_utc": "2026-05-12 09:31", "hrl": 85.77, "precip24h": 0.5866, "erc": 18.760258, "kbdi": 189.0, "relh_min": 47.720665, "relh_max": 97.52871, "lcc": null }, "geometry": { "type": "Point", "coordinates": [ -81.37487, 30.22033 ] } },
{ "type": "Feature", "properties": { "ltg_lon": -81.402, "ltg_lat": 30.24016, "idx": 281188, "polarity": -19565, "dttime_utc": "2026-05-12 09:35", "hrl": 96.65, "precip24h": 1.2717, "erc": 18.810566, "kbdi": 341.0, "relh_min": 47.623337, "relh_max": 97.56458, "lcc": null }, "geometry": { "type": "Point", "coordinates": [ -81.402, 30.24016 ] } },
{ "type": "Feature", "properties": { "ltg_lon": -81.38632, "ltg_lat": 30.26574, "idx": 281260, "polarity": -18013, "dttime_utc": "2026-05-12 09:43", "hrl": 93.72, "precip24h": 0.8858, "erc": 18.731384, "kbdi": 244.0, "relh_min": 47.594154, "relh_max": 97.59806, "lcc": null }, "geometry": { "type": "Point", "coordinates": [ -81.38632, 30.26574 ] } },
{ "type": "Feature", "properties": { "ltg_lon": -83.1698, "ltg_lat": 29.95793, "idx": 281946, "polarity": 8892, "dttime_utc": "2026-05-12 12:38", "hrl": 35.98, "precip24h": -1.0, "erc": 18.662285, "kbdi": 403.0, "relh_min": 48.63035, "relh_max": 94.48489, "lcc": null }, "geometry": { "type": "Point", "coordinates": [ -83.1698, 29.95793 ] } },
{ "type": "Feature", "properties": { "ltg_lon": -83.15561, "ltg_lat": 29.93386, "idx": 281972, "polarity": 20297, "dttime_utc": "2026-05-12 12:42", "hrl": 25.1, "precip24h": -1.0, "erc": 18.666002, "kbdi": 436.0, "relh_min": 48.975727, "relh_max": 94.83785, "lcc": null }, "geometry": { "type": "Point", "coordinates": [ -83.15561, 29.93386 ] } },
{ "type": "Feature", "properties": { "ltg_lon": -83.07781, "ltg_lat": 29.8456, "idx": 282015, "polarity": -13841, "dttime_utc": "2026-05-12 12:52", "hrl": 7.95, "precip24h": -1.0, "erc": 18.321665, "kbdi": 501.0, "relh_min": 49.104176, "relh_max": 94.879875, "lcc": null }, "geometry": { "type": "Point", "coordinates": [ -83.07781, 29.8456 ] } },
{ "type": "Feature", "properties": { "ltg_lon": -83.0676, "ltg_lat": 29.93606, "idx": 282014, "polarity": -12469, "dttime_utc": "2026-05-12 12:52", "hrl": 7.53, "precip24h": -1.0, "erc": 18.677084, "kbdi": 465.0, "relh_min": 48.995003, "relh_max": 94.72351, "lcc": null }, "geometry": { "type": "Point", "coordinates": [ -83.0676, 29.93606 ] } },
{ "type": "Feature", "properties": { "ltg_lon": -83.12565, "ltg_lat": 29.94447, "idx": 282042, "polarity": 17498, "dttime_utc": "2026-05-12 12:56", "hrl": 8.37, "precip24h": -1.0, "erc": 18.66169, "kbdi": 476.0, "relh_min": 49.004826, "relh_max": 94.71551, "lcc": null }, "geometry": { "type": "Point", "coordinates": [ -83.12565, 29.94447 ] } },
{ "type": "Feature", "properties": { "ltg_lon": -85.44291, "ltg_lat": 30.19687, "idx": 282175, "polarity": 19488, "dttime_utc": "2026-05-12 13:13", "hrl": 84.52, "precip24h": -1.0, "erc": 15.495343, "kbdi": 281.0, "relh_min": 52.53293, "relh_max": 95.636635, "lcc": null }, "geometry": { "type": "Point", "coordinates": [ -85.44291, 30.19687 ] } },
{ "type": "Feature", "properties": { "ltg_lon": -85.43611, "ltg_lat": 30.18133, "idx": 282176, "polarity": 10041, "dttime_utc": "2026-05-12 13:13", "hrl": 71.55, "precip24h": -1.0, "erc": 15.634765, "kbdi": 286.0, "relh_min": 52.59853, "relh_max": 95.65308, "lcc": null }, "geometry": { "type": "Point", "coordinates": [ -85.43611, 30.18133 ] } },
{ "type": "Feature", "properties": { "ltg_lon": -83.05361, "ltg_lat": 29.94382, "idx": 282230, "polarity": 17902, "dttime_utc": "2026-05-12 13:22", "hrl": 11.3, "precip24h": -1.0, "erc": 18.698376, "kbdi": 474.0, "relh_min": 48.386265, "relh_max": 92.57716, "lcc": null }, "geometry": { "type": "Point", "coordinates": [ -83.05361, 29.94382 ] } },
{ "type": "Feature", "properties": { "ltg_lon": -83.01248, "ltg_lat": 29.90657, "idx": 282238, "polarity": 18668, "dttime_utc": "2026-05-12 13:22", "hrl": 9.21, "precip24h": -1.0, "erc": 18.78004, "kbdi": 479.0, "relh_min": 48.41844, "relh_max": 92.57939, "lcc": null }, "geometry": { "type": "Point", "coordinates": [ -83.01248, 29.90657 ] } },
{ "type": "Feature", "properties": { "ltg_lon": -83.07075, "ltg_lat": 29.87052, "idx": 282245, "polarity": -14478, "dttime_utc": "2026-05-12 13:23", "hrl": 16.32, "precip24h": -1.0, "erc": 18.567059, "kbdi": 453.0, "relh_min": 49.02474, "relh_max": 95.11938, "lcc": null }, "geometry": { "type": "Point", "coordinates": [ -83.07075, 29.87052 ] } },
{ "type": "Feature", "properties": { "ltg_lon": -83.01042, "ltg_lat": 29.92397, "idx": 282283, "polarity": 15364, "dttime_utc": "2026-05-12 13:27", "hrl": 11.72, "precip24h": -1.0, "erc": 18.670202, "kbdi": 485.0, "relh_min": 48.391037, "relh_max": 92.57367, "lcc": 71.001 }, "geometry": { "type": "Point", "coordinates": [ -83.01042, 29.92397 ] } }
]
}
